date,contract,contract_group,Open_Interest_All,Dealer_Positions_Long_All,Dealer_Positions_Short_All,Dealer_Positions_Spread_All,Asset_Mgr_Positions_Long_All,Asset_Mgr_Positions_Short_All,Asset_Mgr_Positions_Spread_All,Lev_Money_Positions_Long_All,Lev_Money_Positions_Short_All,Lev_Money_Positions_Spread_All,Other_Rept_Positions_Long_All,Other_Rept_Positions_Short_All,Other_Rept_Positions_Spread_All,Tot_Rept_Positions_Long_All,Tot_Rept_Positions_Short_All,NonRept_Positions_Long_All,NonRept_Positions_Short_All,Change_in_Open_Interest_All,Change_in_Dealer_Long_All,Change_in_Dealer_Short_All,Change_in_Dealer_Spread_All,Change_in_Asset_Mgr_Long_All,Change_in_Asset_Mgr_Short_All,Change_in_Asset_Mgr_Spread_All,Change_in_Lev_Money_Long_All,Change_in_Lev_Money_Short_All,Change_in_Lev_Money_Spread_All,Change_in_Other_Rept_Long_All,Change_in_Other_Rept_Short_All,Change_in_Other_Rept_Spread_All,Change_in_Tot_Rept_Long_All,Change_in_Tot_Rept_Short_All,Change_in_NonRept_Long_All,Change_in_NonRept_Short_All,Pct_of_OI_Dealer_Long_All,Pct_of_OI_Dealer_Short_All,Pct_of_OI_Dealer_Spread_All,Pct_of_OI_Asset_Mgr_Long_All,Pct_of_OI_Asset_Mgr_Short_All,Pct_of_OI_Asset_Mgr_Spread_All,Pct_of_OI_Lev_Money_Long_All,Pct_of_OI_Lev_Money_Short_All,Pct_of_OI_Lev_Money_Spread_All,Pct_of_OI_Other_Rept_Long_All,Pct_of_OI_Other_Rept_Short_All,Pct_of_OI_Other_Rept_Spread_All,Pct_of_OI_Tot_Rept_Long_All,Pct_of_OI_Tot_Rept_Short_All,Pct_of_OI_NonRept_Long_All,Pct_of_OI_NonRept_Short_All,Traders_Tot_All,Traders_Dealer_Long_All,Traders_Dealer_Short_All,Traders_Dealer_Spread_All,Traders_Asset_Mgr_Long_All,Traders_Asset_Mgr_Short_All,Traders_Asset_Mgr_Spread_All,Traders_Lev_Money_Long_All,Traders_Lev_Money_Short_All,Traders_Lev_Money_Spread_All,Traders_Other_Rept_Long_All,Traders_Other_Rept_Short_All,Traders_Other_Rept_Spread_All,Traders_Tot_Rept_Long_All,Traders_Tot_Rept_Short_All
2025-07-22,BITCOIN,BITCOIN,32027.0,10973.0,2890.0,1024.0,9165.0,458.0,184.0,4713.0,19722.0,1973.0,1147.0,3557.0,1038.0,30216.0,30844.0,1811.0,1183.0,-426.0,-73.0,-1032.0,641.0,-78.0,-7.0,-40.0,-540.0,89.0,256.0,68.0,367.0,-747.0,-513.0,-474.0,87.0,48.0,34.3,9.0,3.2,28.6,1.4,0.6,14.7,61.6,6.2,3.6,11.1,3.2,94.3,96.3,5.7,3.7,149.0,13.0,7.0,5.0,15.0,0.0,5.0,38.0,52.0,35.0,10.0,11.0,8.0,103.0,99.0
2025-07-15,BITCOIN,BITCOIN,32453.0,11046.0,3922.0,383.0,9243.0,465.0,224.0,5252.0,19632.0,1716.0,1079.0,3190.0,1785.0,30729.0,31318.0,1724.0,1135.0,1999.0,241.0,-345.0,108.0,219.0,-51.0,56.0,1335.0,843.0,39.0,-1443.0,-88.0,1269.0,1826.0,1832.0,173.0,167.0,34.0,12.1,1.2,28.5,1.4,0.7,16.2,60.5,5.3,3.3,9.8,5.5,94.7,96.5,5.3,3.5,149.0,13.0,10.0,4.0,14.0,4.0,6.0,36.0,50.0,27.0,12.0,10.0,8.0,96.0,98.0
2025-07-08,BITCOIN,BITCOIN,30454.0,10805.0,4267.0,275.0,9023.0,516.0,168.0,3917.0,18790.0,1677.0,2522.0,3278.0,516.0,28903.0,29487.0,1551.0,967.0,301.0,178.0,73.0,-565.0,425.0,-33.0,-14.0,312.0,487.0,170.0,-497.0,10.0,123.0,132.0,250.0,169.0,51.0,35.5,14.0,0.9,29.6,1.7,0.6,12.9,61.7,5.5,8.3,10.8,1.7,94.9,96.8,5.1,3.2,137.0,12.0,8.0,0.0,13.0,5.0,4.0,31.0,50.0,27.0,10.0,8.0,8.0,90.0,89.0
2025-07-01,BITCOIN,BITCOIN,30153.0,10627.0,4195.0,840.0,8598.0,549.0,182.0,3605.0,18303.0,1507.0,3019.0,3268.0,393.0,28771.0,29236.0,1382.0,917.0,-2599.0,-702.0,59.0,33.0,-228.0,33.0,-1.0,367.0,-551.0,-1763.0,150.0,14.0,-269.0,-2414.0,-2445.0,-185.0,-154.0,35.2,13.9,2.8,28.5,1.8,0.6,12.0,60.7,5.0,10.0,10.8,1.3,95.4,97.0,4.6,3.0,143.0,12.0,8.0,4.0,13.0,6.0,0.0,34.0,50.0,26.0,12.0,8.0,9.0,93.0,92.0
2025-06-24,BITCOIN,BITCOIN,32752.0,11329.0,4135.0,807.0,8827.0,516.0,183.0,3238.0,18854.0,3270.0,2869.0,3255.0,662.0,31185.0,31681.0,1567.0,1071.0,530.0,-31.0,-30.0,352.0,73.0,-35.0,-57.0,-525.0,141.0,1101.0,426.0,15.0,-802.0,538.0,686.0,-8.0,-156.0,34.6,12.6,2.5,26.9,1.6,0.6,9.9,57.6,10.0,8.8,9.9,2.0,95.2,96.7,4.8,3.3,146.0,11.0,8.0,4.0,14.0,5.0,4.0,31.0,56.0,37.0,12.0,9.0,10.0,98.0,103.0
2025-06-17,BITCOIN,BITCOIN,32222.0,11360.0,4165.0,455.0,8753.0,551.0,240.0,3764.0,18713.0,2168.0,2443.0,3240.0,1463.0,30647.0,30995.0,1575.0,1227.0,597.0,-565.0,-685.0,82.0,-35.0,26.0,95.0,268.0,158.0,393.0,-235.0,-22.0,634.0,638.0,681.0,-41.0,-84.0,35.3,12.9,1.4,27.2,1.7,0.7,11.7,58.1,6.7,7.6,10.1,4.5,95.1,96.2,4.9,3.8,142.0,12.0,9.0,6.0,13.0,6.0,4.0,29.0,52.0,25.0,10.0,9.0,11.0,89.0,99.0
2025-06-10,BITCOIN,BITCOIN,31625.0,11925.0,4850.0,373.0,8788.0,525.0,145.0,3496.0,18555.0,1775.0,2678.0,3262.0,829.0,30009.0,30314.0,1616.0,1311.0,629.0,-115.0,69.0,-65.0,150.0,76.0,-14.0,-387.0,292.0,132.0,851.0,-26.0,-111.0,440.0,351.0,189.0,278.0,37.7,15.3,1.2,27.8,1.7,0.5,11.1,58.7,5.6,8.5,10.3,2.6,94.9,95.9,5.1,4.1,142.0,11.0,9.0,4.0,12.0,6.0,4.0,30.0,52.0,21.0,12.0,9.0,10.0,86.0,95.0
2025-06-03,BITCOIN,BITCOIN,30996.0,12040.0,4781.0,438.0,8638.0,449.0,159.0,3883.0,18264.0,1643.0,1827.0,3288.0,941.0,29569.0,29963.0,1427.0,1033.0,-3116.0,-399.0,68.0,-657.0,-537.0,35.0,-2.0,405.0,-506.0,-1960.0,131.0,-141.0,168.0,-2852.0,-2995.0,-264.0,-121.0,38.8,15.4,1.4,27.9,1.4,0.5,12.5,58.9,5.3,5.9,10.6,3.0,95.4,96.7,4.6,3.3,142.0,11.0,9.0,5.0,12.0,5.0,4.0,33.0,50.0,18.0,11.0,10.0,8.0,84.0,93.0
2025-05-27,BITCOIN,BITCOIN,34112.0,12439.0,4714.0,1095.0,9175.0,414.0,162.0,3478.0,18769.0,3603.0,1696.0,3429.0,773.0,32421.0,32958.0,1691.0,1154.0,66.0,547.0,-136.0,-397.0,204.0,-25.0,9.0,361.0,888.0,849.0,-633.0,-24.0,-938.0,1.0,225.0,65.0,-159.0,36.5,13.8,3.2,26.9,1.2,0.5,10.2,55.0,10.6,5.0,10.1,2.3,95.0,96.6,5.0,3.4,143.0,11.0,10.0,5.0,13.0,4.0,6.0,30.0,54.0,31.0,9.0,12.0,7.0,92.0,100.0
2025-05-20,BITCOIN,BITCOIN,34046.0,11892.0,4850.0,1492.0,8972.0,439.0,152.0,3117.0,17882.0,2754.0,2329.0,3453.0,1711.0,32420.0,32734.0,1626.0,1312.0,2992.0,573.0,-57.0,258.0,309.0,-12.0,-1.0,124.0,653.0,590.0,-116.0,1287.0,1044.0,2779.0,3761.0,213.0,-769.0,34.9,14.2,4.4,26.4,1.3,0.4,9.2,52.5,8.1,6.8,10.1,5.0,95.2,96.1,4.8,3.9,135.0,11.0,9.0,6.0,13.0,5.0,6.0,27.0,50.0,24.0,10.0,9.0,7.0,86.0,92.0
2025-05-13,BITCOIN,BITCOIN,31054.0,11319.0,4907.0,1235.0,8663.0,451.0,154.0,2994.0,17229.0,2164.0,2446.0,2166.0,667.0,29641.0,28972.0,1413.0,2082.0,1552.0,609.0,114.0,346.0,810.0,28.0,-29.0,-146.0,-2124.0,369.0,-770.0,1561.0,390.0,1580.0,656.0,-28.0,896.0,36.4,15.8,4.0,27.9,1.5,0.5,9.6,55.5,7.0,7.9,7.0,2.1,95.5,93.3,4.5,6.7,131.0,12.0,9.0,5.0,13.0,5.0,6.0,30.0,47.0,22.0,8.0,7.0,6.0,82.0,88.0
2025-05-06,BITCOIN,BITCOIN,29502.0,10710.0,4792.0,888.0,7853.0,423.0,182.0,3140.0,19353.0,1795.0,3215.0,605.0,277.0,28061.0,28316.0,1441.0,1186.0,992.0,-400.0,-148.0,140.0,-323.0,-86.0,-3.0,996.0,1372.0,112.0,912.0,-25.0,-505.0,929.0,856.0,63.0,136.0,36.3,16.2,3.0,26.6,1.4,0.6,10.6,65.6,6.1,10.9,2.1,0.9,95.1,96.0,4.9,4.0,126.0,9.0,9.0,5.0,12.0,0.0,4.0,27.0,51.0,18.0,7.0,7.0,5.0,75.0,83.0
2025-04-29,BITCOIN,BITCOIN,28510.0,11110.0,4941.0,748.0,8175.0,509.0,185.0,2144.0,17981.0,1684.0,2303.0,630.0,782.0,27131.0,27460.0,1379.0,1050.0,-1820.0,289.0,394.0,-366.0,34.0,-395.0,-87.0,172.0,-225.0,-1598.0,-804.0,27.0,494.0,-1867.0,-1757.0,47.0,-63.0,39.0,17.3,2.6,28.7,1.8,0.6,7.5,63.1,5.9,8.1,2.2,2.7,95.2,96.3,4.8,3.7,129.0,9.0,9.0,4.0,11.0,6.0,5.0,28.0,49.0,16.0,7.0,9.0,6.0,76.0,84.0
2025-04-22,BITCOIN,BITCOIN,30330.0,10821.0,4547.0,1115.0,8142.0,904.0,272.0,1973.0,18206.0,3282.0,3107.0,603.0,288.0,28998.0,29216.0,1332.0,1114.0,1223.0,855.0,110.0,-689.0,754.0,345.0,-112.0,1148.0,2888.0,168.0,161.0,90.0,-1288.0,997.0,1512.0,226.0,-289.0,35.7,15.0,3.7,26.8,3.0,0.9,6.5,60.0,10.8,10.2,2.0,0.9,95.6,96.3,4.4,3.7,142.0,9.0,9.0,6.0,8.0,9.0,5.0,29.0,58.0,38.0,10.0,8.0,8.0,95.0,104.0
2025-04-15,BITCOIN,BITCOIN,29107.0,9966.0,4437.0,1804.0,7388.0,559.0,384.0,824.0,15318.0,3114.0,2946.0,513.0,1575.0,28001.0,27704.0,1106.0,1403.0,369.0,629.0,-6.0,336.0,-95.0,-169.0,46.0,-2023.0,-1571.0,844.0,-341.0,40.0,951.0,348.0,472.0,21.0,-103.0,34.2,15.2,6.2,25.4,1.9,1.3,2.8,52.6,10.7,10.1,1.8,5.4,96.2,95.2,3.8,4.8,122.0,8.0,11.0,4.0,8.0,8.0,5.0,19.0,50.0,31.0,10.0,7.0,6.0,74.0,94.0
2025-04-08,BITCOIN,BITCOIN,28738.0,9337.0,4443.0,1468.0,7483.0,728.0,337.0,2848.0,16889.0,2270.0,3287.0,473.0,624.0,27654.0,27232.0,1084.0,1506.0,503.0,-1073.0,763.0,359.0,-586.0,129.0,47.0,903.0,-2260.0,922.0,-454.0,-90.0,462.0,579.0,332.0,-76.0,171.0,32.5,15.5,5.1,26.0,2.5,1.2,9.9,58.8,7.9,11.4,1.6,2.2,96.2,94.8,3.8,5.2,124.0,8.0,11.0,5.0,7.0,7.0,5.0,21.0,50.0,24.0,12.0,6.0,6.0,69.0,95.0
2025-04-01,BITCOIN,BITCOIN,28235.0,10410.0,3680.0,1109.0,8070.0,599.0,290.0,1944.0,19148.0,1348.0,3741.0,563.0,162.0,27074.0,26900.0,1161.0,1335.0,-2501.0,-634.0,446.0,-75.0,-228.0,-45.0,-54.0,296.0,-1469.0,-1189.0,-350.0,-23.0,-135.0,-2369.0,-2544.0,-132.0,43.0,36.9,13.0,3.9,28.6,2.1,1.0,6.9,67.8,4.8,13.2,2.0,0.6,95.9,95.3,4.1,4.7,118.0,8.0,10.0,4.0,7.0,7.0,5.0,18.0,50.0,21.0,8.0,9.0,5.0,65.0,88.0
2025-03-25,BITCOIN,BITCOIN,30736.0,11044.0,3235.0,1184.0,8297.0,644.0,345.0,1648.0,20618.0,2537.0,4091.0,586.0,297.0,29443.0,29444.0,1293.0,1292.0,-1325.0,507.0,261.0,264.0,551.0,-49.0,-153.0,-1468.0,-750.0,-684.0,-198.0,-7.0,-5.0,-1185.0,-1122.0,-140.0,-203.0,35.9,10.5,3.9,27.0,2.1,1.1,5.4,67.1,8.3,13.3,1.9,1.0,95.8,95.8,4.2,4.2,126.0,9.0,10.0,8.0,7.0,8.0,5.0,24.0,49.0,31.0,11.0,6.0,6.0,83.0,93.0
2025-03-18,BITCOIN,BITCOIN,32061.0,10537.0,2973.0,920.0,7747.0,693.0,497.0,3116.0,21367.0,3220.0,4289.0,593.0,302.0,30628.0,30566.0,1433.0,1495.0,1789.0,-608.0,268.0,-2.0,-261.0,97.0,116.0,809.0,512.0,723.0,810.0,11.0,3.0,1589.0,1727.0,200.0,62.0,32.9,9.3,2.9,24.2,2.2,1.6,9.7,66.6,10.0,13.4,1.8,0.9,95.5,95.3,4.5,4.7,119.0,9.0,9.0,6.0,7.0,8.0,5.0,26.0,44.0,25.0,10.0,6.0,6.0,76.0,85.0
2025-03-11,BITCOIN,BITCOIN,30272.0,11145.0,2705.0,923.0,8008.0,596.0,381.0,2307.0,20855.0,2498.0,3479.0,581.0,299.0,29039.0,28839.0,1233.0,1433.0,587.0,-549.0,-20.0,400.0,-377.0,163.0,135.0,-276.0,-431.0,220.0,1036.0,1.0,56.0,644.0,525.0,-57.0,62.0,36.8,8.9,3.0,26.5,2.0,1.3,7.6,68.9,8.3,11.5,1.9,1.0,95.9,95.3,4.1,4.7,125.0,9.0,8.0,8.0,8.0,8.0,5.0,24.0,47.0,24.0,12.0,5.0,8.0,80.0,90.0
2025-03-04,BITCOIN,BITCOIN,29685.0,11694.0,2725.0,523.0,8385.0,433.0,246.0,2583.0,21286.0,2278.0,2443.0,580.0,243.0,28395.0,28314.0,1290.0,1371.0,-3990.0,-532.0,101.0,-52.0,-445.0,-79.0,-38.0,-1299.0,-1806.0,-1760.0,576.0,-78.0,-103.0,-3653.0,-3815.0,-337.0,-175.0,39.4,9.2,1.8,28.2,1.5,0.8,8.7,71.7,7.7,8.2,2.0,0.8,95.7,95.4,4.3,4.6,119.0,9.0,9.0,4.0,9.0,5.0,6.0,23.0,47.0,22.0,11.0,4.0,6.0,73.0,84.0
2025-02-25,BITCOIN,BITCOIN,33675.0,12226.0,2624.0,575.0,8831.0,512.0,283.0,3882.0,23092.0,4039.0,1867.0,658.0,345.0,32048.0,32129.0,1627.0,1546.0,-1501.0,-1441.0,-739.0,245.0,-437.0,-320.0,-91.0,-33.0,-689.0,473.0,215.0,-123.0,-440.0,-1508.0,-1683.0,7.0,182.0,36.3,7.8,1.7,26.2,1.5,0.8,11.5,68.6,12.0,5.5,2.0,1.0,95.2,95.4,4.8,4.6,130.0,10.0,8.0,4.0,10.0,4.0,6.0,24.0,52.0,24.0,13.0,8.0,7.0,76.0,95.0
2025-02-18,BITCOIN,BITCOIN,35176.0,13667.0,3363.0,330.0,9268.0,832.0,375.0,3914.0,23781.0,3565.0,1652.0,781.0,785.0,33556.0,33811.0,1620.0,1365.0,854.0,-118.0,-52.0,-254.0,-313.0,146.0,147.0,710.0,387.0,-108.0,129.0,96.0,580.0,772.0,941.0,82.0,-87.0,38.9,9.6,0.9,26.3,2.4,1.1,11.1,67.6,10.1,4.7,2.2,2.2,95.4,96.1,4.6,3.9,135.0,10.0,7.0,4.0,11.0,5.0,8.0,25.0,57.0,24.0,9.0,10.0,6.0,78.0,99.0
2025-02-11,BITCOIN,BITCOIN,34322.0,13785.0,3415.0,583.0,9580.0,686.0,228.0,3205.0,23394.0,3674.0,1523.0,685.0,205.0,32784.0,32870.0,1538.0,1452.0,-33.0,-338.0,126.0,117.0,-359.0,70.0,38.0,-158.0,-1116.0,969.0,-34.0,-54.0,-381.0,-147.0,-232.0,114.0,199.0,40.2,9.9,1.7,27.9,2.0,0.7,9.3,68.2,10.7,4.4,2.0,0.6,95.5,95.8,4.5,4.2,130.0,10.0,7.0,4.0,13.0,0.0,4.0,26.0,53.0,24.0,9.0,8.0,5.0,76.0,91.0
2025-02-04,BITCOIN,BITCOIN,34355.0,14123.0,3288.0,467.0,9940.0,616.0,189.0,3362.0,24510.0,2705.0,1557.0,739.0,587.0,32930.0,33102.0,1425.0,1253.0,-1838.0,-468.0,157.0,-495.0,-346.0,-59.0,-17.0,-14.0,-1329.0,-81.0,-241.0,-21.0,176.0,-1486.0,-1668.0,-352.0,-170.0,41.1,9.6,1.4,28.9,1.8,0.6,9.8,71.3,7.9,4.5,2.2,1.7,95.9,96.4,4.1,3.6,138.0,11.0,8.0,4.0,15.0,0.0,4.0,31.0,51.0,24.0,10.0,10.0,7.0,84.0,93.0
2025-01-28,BITCOIN,BITCOIN,36193.0,14591.0,3131.0,961.0,10286.0,675.0,206.0,3376.0,25839.0,2787.0,1798.0,760.0,411.0,34416.0,34771.0,1777.0,1422.0,-4483.0,-844.0,-633.0,-454.0,-910.0,163.0,-36.0,826.0,220.0,-1520.0,404.0,-227.0,-2112.0,-4647.0,-4599.0,164.0,116.0,40.3,8.7,2.7,28.4,1.9,0.6,9.3,71.4,7.7,5.0,2.1,1.1,95.1,96.1,4.9,3.9,131.0,9.0,7.0,6.0,14.0,0.0,7.0,29.0,49.0,24.0,10.0,9.0,8.0,81.0,95.0
2025-01-21,BITCOIN,BITCOIN,40676.0,15435.0,3764.0,1416.0,11196.0,512.0,242.0,2551.0,25619.0,4306.0,1394.0,987.0,2523.0,39063.0,39369.0,1613.0,1307.0,3400.0,1076.0,192.0,36.0,778.0,-15.0,-16.0,-1133.0,361.0,623.0,-264.0,-1.0,2119.0,3218.0,3299.0,182.0,101.0,37.9,9.3,3.5,27.5,1.3,0.6,6.3,63.0,10.6,3.4,2.4,6.2,96.0,96.8,4.0,3.2,141.0,8.0,10.0,6.0,13.0,0.0,7.0,32.0,54.0,26.0,9.0,13.0,7.0,87.0,100.0
2025-01-14,BITCOIN,BITCOIN,37276.0,14359.0,3572.0,1380.0,10418.0,527.0,258.0,3684.0,25257.0,3683.0,1659.0,988.0,403.0,35845.0,36070.0,1431.0,1206.0,1008.0,-289.0,127.0,213.0,103.0,-178.0,-124.0,-124.0,-74.0,1403.0,247.0,32.0,-375.0,1055.0,1025.0,-47.0,-17.0,38.5,9.6,3.7,27.9,1.4,0.7,9.9,67.8,9.9,4.4,2.7,1.1,96.2,96.8,3.8,3.2,142.0,8.0,10.0,7.0,13.0,0.0,6.0,30.0,56.0,24.0,10.0,13.0,8.0,83.0,104.0
2025-01-07,BITCOIN,BITCOIN,36268.0,14648.0,3446.0,1167.0,10316.0,705.0,382.0,3807.0,25331.0,2280.0,1411.0,956.0,778.0,34790.0,35045.0,1478.0,1223.0,1382.0,494.0,475.0,236.0,-279.0,-45.0,163.0,230.0,1383.0,87.0,463.0,-1061.0,-43.0,1350.0,1194.0,32.0,188.0,40.4,9.5,3.2,28.4,1.9,1.1,10.5,69.8,6.3,3.9,2.6,2.1,95.9,96.6,4.1,3.4,142.0,10.0,9.0,5.0,14.0,0.0,7.0,29.0,53.0,22.0,11.0,12.0,8.0,82.0,102.0
2024-12-31,BITCOIN,BITCOIN,34886.0,14154.0,2971.0,931.0,10594.0,750.0,219.0,3578.0,23948.0,2193.0,949.0,2017.0,821.0,33439.0,33851.0,1447.0,1035.0,-4329.0,-1062.0,-1015.0,-207.0,-442.0,-31.0,66.0,-478.0,-1830.0,-1032.0,-608.0,391.0,-524.0,-4286.0,-4182.0,-43.0,-147.0,40.6,8.5,2.7,30.4,2.1,0.6,10.3,68.6,6.3,2.7,5.8,2.4,95.9,97.0,4.1,3.0,138.0,9.0,7.0,5.0,15.0,0.0,4.0,29.0,50.0,17.0,12.0,14.0,7.0,80.0,91.0
2024-12-24,BITCOIN,BITCOIN,39215.0,15216.0,3986.0,1138.0,11036.0,781.0,154.0,4055.0,25778.0,3224.0,1557.0,1626.0,1345.0,37725.0,38033.0,1490.0,1182.0,-5521.0,-872.0,-659.0,-16.0,-701.0,-73.0,-185.0,578.0,-1684.0,464.0,-1661.0,-271.0,-2808.0,-5202.0,-5234.0,-319.0,-287.0,38.8,10.2,2.9,28.1,2.0,0.4,10.3,65.7,8.2,4.0,4.1,3.4,96.2,97.0,3.8,3.0,155.0,9.0,8.0,7.0,17.0,0.0,8.0,30.0,58.0,32.0,11.0,17.0,9.0,99.0,112.0
2024-12-17,BITCOIN,BITCOIN,44736.0,16088.0,4645.0,1154.0,11737.0,854.0,339.0,3477.0,27463.0,2761.0,3217.0,1897.0,4153.0,42927.0,43267.0,1809.0,1469.0,5161.0,1390.0,-116.0,-176.0,579.0,26.0,11.0,-1076.0,1323.0,278.0,967.0,430.0,3153.0,5126.0,4930.0,35.0,231.0,36.0,10.4,2.6,26.2,1.9,0.8,7.8,61.4,6.2,7.2,4.2,9.3,96.0,96.7,4.0,3.3,161.0,8.0,10.0,5.0,17.0,0.0,8.0,31.0,57.0,34.0,15.0,19.0,9.0,99.0,118.0
2024-12-10,BITCOIN,BITCOIN,39575.0,14698.0,4761.0,1330.0,11158.0,828.0,328.0,4553.0,26139.0,2483.0,2251.0,1467.0,1000.0,37801.0,38337.0,1774.0,1238.0,786.0,301.0,52.0,-199.0,-152.0,-94.0,33.0,580.0,-81.0,367.0,-364.0,421.0,175.0,740.0,673.0,46.0,113.0,37.1,12.0,3.4,28.2,2.1,0.8,11.5,66.1,6.3,5.7,3.7,2.5,95.5,96.9,4.5,3.1,152.0,9.0,9.0,5.0,18.0,0.0,7.0,27.0,56.0,28.0,15.0,15.0,11.0,94.0,109.0
2024-12-03,BITCOIN,BITCOIN,38789.0,14397.0,4709.0,1529.0,11310.0,922.0,296.0,3973.0,26220.0,2116.0,2615.0,1046.0,826.0,37061.0,37664.0,1728.0,1125.0,-6108.0,602.0,-516.0,-149.0,-93.0,-38.0,-136.0,398.0,1238.0,-4612.0,-429.0,-325.0,-1589.0,-6009.0,-6127.0,-99.0,19.0,37.1,12.1,3.9,29.2,2.4,0.8,10.2,67.6,5.5,6.7,2.7,2.1,95.5,97.1,4.5,2.9,150.0,9.0,8.0,5.0,17.0,0.0,7.0,32.0,51.0,28.0,16.0,13.0,10.0,97.0,103.0
2024-11-26,BITCOIN,BITCOIN,44897.0,13795.0,5225.0,1678.0,11403.0,960.0,432.0,3575.0,24982.0,6728.0,3044.0,1371.0,2415.0,43070.0,43791.0,1827.0,1106.0,-463.0,-1141.0,105.0,453.0,-246.0,13.0,103.0,-36.0,-932.0,2542.0,778.0,78.0,-2723.0,-271.0,-361.0,-192.0,-102.0,30.7,11.6,3.7,25.4,2.1,1.0,8.0,55.6,15.0,6.8,3.1,5.4,95.9,97.5,4.1,2.5,157.0,9.0,10.0,9.0,16.0,4.0,8.0,32.0,53.0,30.0,16.0,17.0,9.0,102.0,111.0
2024-11-19,BITCOIN,BITCOIN,45360.0,14936.0,5120.0,1224.0,11649.0,947.0,330.0,3611.0,25913.0,4187.0,2266.0,1293.0,5138.0,43341.0,44152.0,2019.0,1208.0,3108.0,1.0,102.0,322.0,337.0,0.0,5.0,113.0,154.0,3.0,10.0,370.0,2051.0,2842.0,3007.0,266.0,101.0,32.9,11.3,2.7,25.7,2.1,0.7,8.0,57.1,9.2,5.0,2.9,11.3,95.5,97.3,4.5,2.7,159.0,8.0,9.0,7.0,18.0,0.0,8.0,31.0,55.0,28.0,16.0,17.0,10.0,106.0,106.0
2024-11-12,BITCOIN,BITCOIN,42252.0,14935.0,5018.0,902.0,11312.0,947.0,325.0,3498.0,25759.0,4184.0,2256.0,924.0,3087.0,40499.0,41146.0,1753.0,1106.0,7953.0,2534.0,664.0,180.0,1232.0,349.0,4.0,549.0,2848.0,1858.0,-436.0,107.0,1827.0,7748.0,7838.0,205.0,115.0,35.3,11.9,2.1,26.8,2.2,0.8,8.3,61.0,9.9,5.3,2.2,7.3,95.9,97.4,4.1,2.6,158.0,8.0,10.0,5.0,17.0,4.0,7.0,38.0,53.0,30.0,14.0,12.0,11.0,108.0,103.0
2024-11-05,BITCOIN,BITCOIN,34299.0,12401.0,4354.0,722.0,10080.0,598.0,321.0,2949.0,22911.0,2325.0,2693.0,816.0,1260.0,32751.0,33308.0,1548.0,991.0,-1019.0,-105.0,-77.0,-311.0,-197.0,52.0,-47.0,-713.0,-2208.0,454.0,-1137.0,-10.0,1042.0,-1014.0,-1105.0,-5.0,86.0,36.2,12.7,2.1,29.4,1.7,0.9,8.6,66.8,6.8,7.9,2.4,3.7,95.5,97.1,4.5,2.9,147.0,9.0,10.0,5.0,18.0,5.0,6.0,32.0,48.0,27.0,15.0,9.0,9.0,98.0,96.0
2024-10-29,BITCOIN,BITCOIN,35318.0,12506.0,4431.0,1033.0,10277.0,546.0,368.0,3662.0,25120.0,1871.0,3830.0,826.0,218.0,33766.0,34412.0,1552.0,906.0,615.0,534.0,87.0,355.0,535.0,18.0,-158.0,583.0,1508.0,-243.0,-76.0,22.0,-832.0,697.0,757.0,-82.0,-142.0,35.4,12.5,2.9,29.1,1.5,1.0,10.4,71.1,5.3,10.8,2.3,0.6,95.6,97.4,4.4,2.6,151.0,8.0,9.0,4.0,18.0,4.0,6.0,36.0,50.0,29.0,16.0,9.0,7.0,102.0,95.0
2024-10-22,BITCOIN,BITCOIN,34703.0,11972.0,4344.0,678.0,9743.0,528.0,526.0,3080.0,23612.0,2113.0,3906.0,805.0,1051.0,33069.0,33656.0,1634.0,1047.0,-867.0,206.0,-15.0,3.0,-428.0,-12.0,182.0,227.0,276.0,-313.0,143.0,44.0,-999.0,-980.0,-836.0,113.0,-31.0,34.5,12.5,2.0,28.1,1.5,1.5,8.9,68.0,6.1,11.3,2.3,3.0,95.3,97.0,4.7,3.0,139.0,8.0,7.0,6.0,18.0,0.0,7.0,27.0,47.0,28.0,15.0,12.0,7.0,94.0,93.0
2024-10-15,BITCOIN,BITCOIN,35570.0,11766.0,4359.0,675.0,10171.0,540.0,344.0,2853.0,23336.0,2427.0,3763.0,761.0,2050.0,34049.0,34491.0,1521.0,1079.0,5267.0,10564.0,145.0,-414.0,443.0,181.0,0.0,861.0,2411.0,917.0,-9182.0,-51.0,1902.0,5090.0,5089.0,177.0,178.0,33.1,12.3,1.9,28.6,1.5,1.0,8.0,65.6,6.8,10.6,2.1,5.8,95.7,97.0,4.3,3.0,138.0,8.0,8.0,5.0,16.0,4.0,4.0,28.0,49.0,28.0,12.0,12.0,8.0,93.0,90.0
2024-10-08,BITCOIN,BITCOIN,30303.0,1202.0,4215.0,1090.0,9728.0,359.0,343.0,1992.0,20925.0,1510.0,12946.0,812.0,148.0,28959.0,29402.0,1344.0,901.0,877.0,141.0,34.0,86.0,469.0,0.0,-1.0,-726.0,801.0,7.0,782.0,22.0,-3.0,754.0,945.0,123.0,-68.0,4.0,13.9,3.6,32.1,1.2,1.1,6.6,69.1,5.0,42.7,2.7,0.5,95.6,97.0,4.4,3.0,125.0,7.0,7.0,5.0,15.0,0.0,4.0,24.0,44.0,23.0,12.0,12.0,8.0,80.0,85.0
2024-10-01,BITCOIN,BITCOIN,29426.0,1061.0,4180.0,1003.0,9259.0,359.0,345.0,2718.0,20124.0,1504.0,12164.0,791.0,151.0,28205.0,28457.0,1221.0,969.0,-2733.0,21.0,422.0,-375.0,-55.0,-6.0,-65.0,684.0,-638.0,-1254.0,-795.0,-165.0,-571.0,-2410.0,-2652.0,-323.0,-81.0,3.6,14.2,3.4,31.5,1.2,1.2,9.2,68.4,5.1,41.3,2.7,0.5,95.8,96.7,4.2,3.3,125.0,8.0,7.0,5.0,15.0,0.0,0.0,27.0,42.0,25.0,12.0,10.0,6.0,81.0,83.0
2024-09-24,BITCOIN,BITCOIN,32159.0,1040.0,3758.0,1379.0,9314.0,365.0,410.0,2035.0,20762.0,2757.0,12959.0,956.0,722.0,30615.0,31109.0,1544.0,1050.0,-303.0,26.0,65.0,411.0,-2448.0,-51.0,-98.0,165.0,746.0,-236.0,2746.0,-198.0,-1072.0,-506.0,-433.0,203.0,130.0,3.2,11.7,4.3,29.0,1.1,1.3,6.3,64.6,8.6,40.3,3.0,2.2,95.2,96.7,4.8,3.3,122.0,7.0,6.0,6.0,15.0,0.0,5.0,23.0,50.0,30.0,7.0,11.0,4.0,79.0,88.0
2024-09-17,BITCOIN,BITCOIN,32462.0,1014.0,3693.0,968.0,11761.0,416.0,507.0,1870.0,20016.0,2994.0,10213.0,1154.0,1794.0,31121.0,31542.0,1341.0,920.0,2849.0,9.0,-69.0,-11.0,-6544.0,49.0,99.0,193.0,1102.0,634.0,7381.0,61.0,1059.0,2819.0,2925.0,30.0,-76.0,3.1,11.4,3.0,36.2,1.3,1.6,5.8,61.7,9.2,31.5,3.6,5.5,95.9,97.2,4.1,2.8,128.0,8.0,6.0,4.0,14.0,0.0,5.0,22.0,55.0,29.0,7.0,12.0,5.0,78.0,93.0
2024-09-10,BITCOIN,BITCOIN,29613.0,1005.0,3762.0,979.0,18306.0,367.0,409.0,1677.0,18913.0,2360.0,2832.0,1092.0,734.0,28301.0,28617.0,1312.0,996.0,1298.0,-195.0,-381.0,439.0,516.0,-4.0,159.0,-489.0,-29.0,630.0,-241.0,34.0,311.0,1131.0,1158.0,167.0,140.0,3.4,12.7,3.3,61.8,1.2,1.4,5.7,63.9,8.0,9.6,3.7,2.5,95.6,96.6,4.4,3.4,128.0,8.0,6.0,4.0,14.0,0.0,6.0,22.0,53.0,31.0,8.0,13.0,5.0,76.0,98.0
2024-09-03,BITCOIN,BITCOIN,28315.0,1200.0,4144.0,540.0,17789.0,371.0,249.0,2166.0,18943.0,1730.0,3073.0,1058.0,424.0,27171.0,27459.0,1144.0,856.0,-3662.0,48.0,-398.0,-441.0,-1647.0,-233.0,-88.0,-169.0,-1471.0,-910.0,-6.0,264.0,-162.0,-3375.0,-3440.0,-287.0,-222.0,4.2,14.6,1.9,62.8,1.3,0.9,7.6,66.9,6.1,10.9,3.7,1.5,96.0,97.0,4.0,3.0,131.0,9.0,6.0,4.0,15.0,0.0,0.0,22.0,52.0,24.0,11.0,13.0,5.0,73.0,94.0
2024-08-27,BITCOIN,BITCOIN,31977.0,1152.0,4542.0,981.0,19437.0,604.0,338.0,2334.0,20414.0,2640.0,3079.0,795.0,585.0,30546.0,30899.0,1431.0,1078.0,297.0,212.0,268.0,-62.0,516.0,-16.0,132.0,345.0,1214.0,-334.0,144.0,-176.0,-755.0,197.0,271.0,100.0,26.0,3.6,14.2,3.1,60.8,1.9,1.1,7.3,63.8,8.3,9.6,2.5,1.8,95.5,96.6,4.5,3.4,129.0,8.0,6.0,9.0,15.0,5.0,6.0,20.0,53.0,31.0,9.0,11.0,7.0,82.0,100.0
2024-08-20,BITCOIN,BITCOIN,31680.0,940.0,4274.0,1043.0,18921.0,620.0,205.0,1990.0,19199.0,2974.0,2935.0,970.0,1341.0,30349.0,30627.0,1331.0,1053.0,1677.0,72.0,87.0,298.0,199.0,21.0,30.0,-265.0,-464.0,227.0,44.0,348.0,1008.0,1613.0,1555.0,64.0,122.0,3.0,13.5,3.3,59.7,2.0,0.6,6.3,60.6,9.4,9.3,3.1,4.2,95.8,96.7,4.2,3.3,131.0,8.0,7.0,8.0,13.0,4.0,4.0,15.0,61.0,31.0,8.0,13.0,7.0,76.0,105.0
2024-08-13,BITCOIN,BITCOIN,30003.0,868.0,4187.0,745.0,18722.0,599.0,175.0,2255.0,19664.0,2747.0,2891.0,622.0,333.0,28736.0,29072.0,1267.0,931.0,558.0,-109.0,-29.0,135.0,885.0,-31.0,-19.0,349.0,393.0,138.0,-862.0,10.0,65.0,583.0,662.0,-25.0,-104.0,2.9,14.0,2.5,62.4,2.0,0.6,7.5,65.5,9.2,9.6,2.1,1.1,95.8,96.9,4.2,3.1,129.0,8.0,7.0,8.0,13.0,4.0,0.0,22.0,53.0,30.0,10.0,9.0,6.0,79.0,97.0
2024-08-06,BITCOIN,BITCOIN,29445.0,977.0,4216.0,610.0,17837.0,631.0,194.0,1906.0,19270.0,2609.0,3753.0,612.0,268.0,28153.0,28410.0,1292.0,1035.0,-778.0,-115.0,-5.0,87.0,-2006.0,-17.0,51.0,-898.0,-1161.0,602.0,2160.0,-131.0,-387.0,-506.0,-962.0,-272.0,184.0,3.3,14.3,2.1,60.6,2.1,0.7,6.5,65.4,8.9,12.7,2.1,0.9,95.6,96.5,4.4,3.5,127.0,8.0,7.0,5.0,14.0,5.0,0.0,22.0,50.0,29.0,10.0,9.0,7.0,74.0,97.0
2024-07-30,BITCOIN,BITCOIN,30223.0,1092.0,4221.0,523.0,19843.0,647.0,143.0,2804.0,20431.0,2007.0,1593.0,743.0,655.0,28659.0,29372.0,1564.0,851.0,-4414.0,-114.0,439.0,-705.0,-670.0,9.0,-43.0,872.0,-210.0,-3030.0,-475.0,-401.0,-100.0,-4264.0,-4041.0,-150.0,-373.0,3.6,14.0,1.7,65.7,2.1,0.5,9.3,67.6,6.6,5.3,2.5,2.2,94.8,97.2,5.2,2.8,134.0,8.0,7.0,5.0,15.0,5.0,0.0,30.0,48.0,27.0,7.0,13.0,7.0,81.0,95.0
2024-07-23,BITCOIN,BITCOIN,34637.0,1206.0,3782.0,1228.0,20512.0,638.0,186.0,1931.0,20641.0,5038.0,2067.0,1145.0,755.0,32923.0,33413.0,1714.0,1224.0,1491.0,65.0,-46.0,352.0,461.0,-23.0,18.0,197.0,58.0,1795.0,-849.0,-34.0,-712.0,1327.0,1408.0,164.0,83.0,3.5,10.9,3.5,59.2,1.8,0.5,5.6,59.6,14.5,6.0,3.3,2.2,95.1,96.5,4.9,3.5,122.0,8.0,5.0,7.0,14.0,5.0,4.0,24.0,46.0,33.0,8.0,10.0,8.0,83.0,91.0
2024-07-16,BITCOIN,BITCOIN,33146.0,1141.0,3828.0,876.0,20051.0,661.0,168.0,1734.0,20583.0,3242.0,2916.0,1179.0,1467.0,31596.0,32005.0,1550.0,1141.0,3215.0,89.0,77.0,-149.0,2261.0,98.0,-114.0,560.0,1539.0,434.0,-894.0,458.0,930.0,3117.0,3274.0,98.0,-59.0,3.4,11.5,2.6,60.5,2.0,0.5,5.2,62.1,9.8,8.8,3.6,4.4,95.3,96.6,4.7,3.4,127.0,6.0,8.0,0.0,12.0,5.0,4.0,22.0,53.0,32.0,10.0,9.0,8.0,80.0,94.0
2024-07-09,BITCOIN,BITCOIN,29931.0,1052.0,3751.0,1025.0,17790.0,563.0,282.0,1175.0,19044.0,2808.0,3810.0,722.0,536.0,28478.0,28731.0,1453.0,1200.0,1419.0,-99.0,104.0,-98.0,376.0,70.0,53.0,-131.0,831.0,138.0,1185.0,126.0,-34.0,1390.0,1190.0,29.0,229.0,3.5,12.5,3.4,59.4,1.9,0.9,3.9,63.6,9.4,12.7,2.4,1.8,95.1,96.0,4.9,4.0,119.0,6.0,9.0,0.0,12.0,4.0,5.0,13.0,54.0,29.0,11.0,10.0,7.0,72.0,90.0
2024-07-02,BITCOIN,BITCOIN,28512.0,1151.0,3647.0,1123.0,17414.0,493.0,229.0,1306.0,18213.0,2670.0,2625.0,596.0,570.0,27088.0,27541.0,1424.0,971.0,-3765.0,-36.0,-22.0,90.0,-116.0,0.0,-25.0,-369.0,-633.0,-2364.0,-67.0,44.0,-668.0,-3556.0,-3579.0,-209.0,-186.0,4.0,12.8,3.9,61.1,1.7,0.8,4.6,63.9,9.4,9.2,2.1,2.0,95.0,96.6,5.0,3.4,111.0,5.0,7.0,0.0,13.0,0.0,4.0,18.0,44.0,25.0,8.0,10.0,8.0,69.0,82.0
2024-06-25,BITCOIN,BITCOIN,32277.0,1187.0,3669.0,1033.0,17531.0,493.0,255.0,1675.0,18846.0,5034.0,2692.0,552.0,1238.0,30645.0,31120.0,1632.0,1157.0,-285.0,-27.0,-17.0,329.0,-493.0,-161.0,87.0,-807.0,-944.0,913.0,181.0,-123.0,-437.0,-254.0,-354.0,-31.0,69.0,3.7,11.4,3.2,54.3,1.5,0.8,5.2,58.4,15.6,8.3,1.7,3.8,94.9,96.4,5.1,3.6,121.0,6.0,7.0,5.0,15.0,0.0,5.0,19.0,49.0,29.0,10.0,9.0,9.0,78.0,91.0
2024-06-18,BITCOIN,BITCOIN,32562.0,1214.0,3687.0,704.0,18024.0,654.0,168.0,2482.0,19790.0,4121.0,2511.0,675.0,1675.0,30899.0,31474.0,1663.0,1088.0,62.0,-45.0,-12.0,-107.0,-540.0,63.0,42.0,92.0,-465.0,367.0,140.0,-117.0,200.0,150.0,-29.0,-88.0,91.0,3.7,11.3,2.2,55.4,2.0,0.5,7.6,60.8,12.7,7.7,2.1,5.1,94.9,96.7,5.1,3.3,121.0,5.0,8.0,4.0,16.0,4.0,0.0,23.0,45.0,27.0,8.0,9.0,9.0,75.0,89.0
2024-06-11,BITCOIN,BITCOIN,32500.0,1259.0,3699.0,811.0,18563.0,591.0,126.0,2389.0,20256.0,3754.0,2371.0,792.0,1475.0,30749.0,31503.0,1751.0,997.0,-628.0,14.0,-122.0,113.0,-25.0,-45.0,4.0,-918.0,-1227.0,442.0,-461.0,-47.0,164.0,-666.0,-718.0,38.0,90.0,3.9,11.4,2.5,57.1,1.8,0.4,7.4,62.3,11.6,7.3,2.4,4.5,94.6,96.9,5.4,3.1,130.0,5.0,8.0,4.0,16.0,0.0,0.0,26.0,50.0,29.0,10.0,10.0,9.0,84.0,91.0
2024-06-04,BITCOIN,BITCOIN,33128.0,1245.0,3821.0,697.0,18588.0,636.0,122.0,3308.0,21483.0,3312.0,2832.0,839.0,1311.0,31415.0,32221.0,1713.0,907.0,472.0,-32.0,59.0,-37.0,-85.0,-137.0,-23.0,1211.0,2131.0,-1175.0,956.0,-172.0,-159.0,657.0,488.0,-185.0,-16.0,3.8,11.5,2.1,56.1,1.9,0.4,10.0,64.8,10.0,8.5,2.5,4.0,94.8,97.3,5.2,2.7,136.0,5.0,9.0,4.0,16.0,4.0,0.0,33.0,48.0,28.0,10.0,9.0,10.0,91.0,89.0
2024-05-28,BITCOIN,BITCOIN,32656.0,1277.0,3762.0,734.0,18673.0,773.0,145.0,2097.0,19352.0,4487.0,1876.0,1011.0,1470.0,30758.0,31733.0,1898.0,923.0,-359.0,23.0,-233.0,8.0,-130.0,67.0,-26.0,-183.0,37.0,411.0,-206.0,-207.0,-444.0,-547.0,-388.0,188.0,29.0,3.9,11.5,2.2,57.2,2.4,0.4,6.4,59.3,13.7,5.7,3.1,4.5,94.2,97.2,5.8,2.8,126.0,6.0,7.0,6.0,17.0,4.0,0.0,27.0,45.0,28.0,10.0,8.0,9.0,86.0,86.0
2024-05-21,BITCOIN,BITCOIN,33015.0,1254.0,3994.0,727.0,18803.0,706.0,171.0,2280.0,19315.0,4076.0,2082.0,1218.0,1914.0,31306.0,32121.0,1709.0,894.0,3922.0,-72.0,665.0,-90.0,1795.0,188.0,-56.0,533.0,1741.0,753.0,73.0,-107.0,898.0,3834.0,3991.0,88.0,-69.0,3.8,12.1,2.2,57.0,2.1,0.5,6.9,58.5,12.3,6.3,3.7,5.8,94.8,97.3,5.2,2.7,134.0,6.0,9.0,5.0,16.0,0.0,0.0,29.0,51.0,32.0,10.0,9.0,12.0,92.0,94.0
2024-05-14,BITCOIN,BITCOIN,29093.0,1326.0,3330.0,816.0,17008.0,518.0,227.0,1746.0,17575.0,3323.0,2009.0,1325.0,1016.0,27472.0,28129.0,1621.0,964.0,941.0,-4.0,-327.0,223.0,-356.0,42.0,38.0,-19.0,415.0,232.0,631.0,75.0,260.0,1005.0,958.0,-64.0,-17.0,4.6,11.4,2.8,58.5,1.8,0.8,6.0,60.4,11.4,6.9,4.6,3.5,94.4,96.7,5.6,3.3,127.0,5.0,9.0,5.0,15.0,4.0,4.0,25.0,47.0,31.0,11.0,10.0,10.0,84.0,93.0
2024-05-07,BITCOIN,BITCOIN,28152.0,1330.0,3657.0,593.0,17364.0,476.0,189.0,1765.0,17160.0,3091.0,1378.0,1250.0,756.0,26467.0,27172.0,1685.0,980.0,1405.0,-176.0,331.0,48.0,362.0,55.0,18.0,-191.0,551.0,80.0,1075.0,246.0,78.0,1292.0,1407.0,113.0,-2.0,4.7,13.0,2.1,61.7,1.7,0.7,6.3,61.0,11.0,4.9,4.4,2.7,94.0,96.5,6.0,3.5,122.0,5.0,11.0,5.0,14.0,0.0,4.0,22.0,47.0,27.0,10.0,10.0,8.0,78.0,88.0
2024-04-30,BITCOIN,BITCOIN,26747.0,1506.0,3325.0,546.0,17003.0,421.0,171.0,1957.0,16609.0,3012.0,303.0,1004.0,677.0,25174.0,25765.0,1573.0,982.0,-3792.0,46.0,-667.0,167.0,-2122.0,-96.0,-1.0,-615.0,-2639.0,-1003.0,-300.0,321.0,93.0,-3733.0,-3824.0,-59.0,32.0,5.6,12.4,2.0,63.6,1.6,0.6,7.3,62.1,11.3,1.1,3.8,2.5,94.1,96.3,5.9,3.7,122.0,6.0,6.0,0.0,17.0,0.0,0.0,24.0,46.0,25.0,7.0,11.0,9.0,75.0,85.0
2024-04-23,BITCOIN,BITCOIN,30539.0,1460.0,3993.0,378.0,19124.0,517.0,172.0,2572.0,19247.0,4014.0,603.0,683.0,584.0,28907.0,29589.0,1632.0,950.0,-1560.0,-243.0,-266.0,-51.0,99.0,-115.0,28.0,-106.0,1199.0,-616.0,23.0,-1087.0,-689.0,-1554.0,-1596.0,-6.0,36.0,4.8,13.1,1.2,62.6,1.7,0.6,8.4,63.0,13.1,2.0,2.2,1.9,94.7,96.9,5.3,3.1,127.0,6.0,6.0,4.0,18.0,0.0,0.0,31.0,40.0,31.0,12.0,9.0,11.0,87.0,88.0
2024-04-16,BITCOIN,BITCOIN,32099.0,1703.0,4258.0,429.0,19025.0,632.0,144.0,2677.0,18049.0,4630.0,580.0,1770.0,1273.0,30461.0,31185.0,1638.0,914.0,361.0,-58.0,41.0,109.0,-611.0,124.0,-12.0,-318.0,-1205.0,580.0,-259.0,-531.0,1103.0,534.0,209.0,-173.0,152.0,5.3,13.3,1.3,59.3,2.0,0.4,8.3,56.2,14.4,1.8,5.5,4.0,94.9,97.2,5.1,2.8,129.0,6.0,8.0,6.0,19.0,0.0,0.0,28.0,42.0,29.0,11.0,11.0,9.0,88.0,87.0
2024-04-09,BITCOIN,BITCOIN,31738.0,1761.0,4218.0,320.0,19636.0,508.0,155.0,2996.0,19254.0,4050.0,839.0,2301.0,170.0,29928.0,30976.0,1810.0,762.0,-487.0,-524.0,66.0,-62.0,72.0,-40.0,5.0,-181.0,-211.0,275.0,6.0,-294.0,-176.0,-585.0,-436.0,98.0,-51.0,5.5,13.3,1.0,61.9,1.6,0.5,9.4,60.7,12.8,2.6,7.2,0.5,94.3,97.6,5.7,2.4,131.0,6.0,8.0,5.0,18.0,0.0,4.0,32.0,38.0,28.0,14.0,12.0,10.0,90.0,88.0
2024-04-02,BITCOIN,BITCOIN,32225.0,2285.0,4151.0,382.0,19565.0,548.0,151.0,3176.0,19465.0,3775.0,834.0,2595.0,346.0,30513.0,31412.0,1712.0,813.0,-3107.0,-682.0,-521.0,-23.0,205.0,-40.0,-111.0,-340.0,-254.0,-1439.0,-48.0,-135.0,-423.0,-2861.0,-2947.0,-246.0,-160.0,7.1,12.9,1.2,60.7,1.7,0.5,9.9,60.4,11.7,2.6,8.1,1.1,94.7,97.5,5.3,2.5,131.0,8.0,8.0,4.0,19.0,0.0,0.0,28.0,39.0,27.0,16.0,11.0,9.0,91.0,83.0
2024-03-26,BITCOIN,BITCOIN,35332.0,2967.0,4673.0,405.0,19359.0,588.0,262.0,3516.0,19719.0,5214.0,882.0,2730.0,768.0,33374.0,34359.0,1958.0,973.0,-1655.0,244.0,-313.0,-477.0,1178.0,64.0,76.0,-1892.0,-93.0,59.0,-16.0,-36.0,-994.0,-1823.0,-1715.0,168.0,60.0,8.4,13.2,1.1,54.8,1.7,0.7,10.0,55.8,14.8,2.5,7.7,2.2,94.5,97.2,5.5,2.8,131.0,7.0,7.0,4.0,20.0,0.0,4.0,31.0,34.0,33.0,16.0,13.0,9.0,101.0,80.0
2024-03-19,BITCOIN,BITCOIN,36987.0,2723.0,4986.0,882.0,18182.0,524.0,186.0,5408.0,19811.0,5156.0,898.0,2766.0,1762.0,35197.0,36073.0,1790.0,914.0,2633.0,-112.0,95.0,483.0,-792.0,60.0,62.0,1800.0,660.0,-33.0,-13.0,-24.0,1374.0,2769.0,2678.0,-136.0,-45.0,7.4,13.5,2.4,49.2,1.4,0.5,14.6,53.6,13.9,2.4,7.5,4.8,95.2,97.5,4.8,2.5,140.0,8.0,9.0,4.0,19.0,0.0,4.0,38.0,34.0,28.0,15.0,14.0,9.0,103.0,82.0
2024-03-12,BITCOIN,BITCOIN,34354.0,2835.0,4890.0,399.0,18974.0,464.0,124.0,3609.0,19151.0,5188.0,911.0,2790.0,388.0,32428.0,33395.0,1926.0,959.0,3277.0,334.0,-316.0,-63.0,2978.0,71.0,-79.0,-949.0,2177.0,900.0,159.0,636.0,-114.0,3167.0,3212.0,110.0,65.0,8.3,14.2,1.2,55.2,1.4,0.4,10.5,55.7,15.1,2.7,8.1,1.1,94.4,97.2,5.6,2.8,135.0,8.0,8.0,5.0,19.0,0.0,0.0,33.0,39.0,30.0,14.0,11.0,8.0,98.0,83.0
2024-03-05,BITCOIN,BITCOIN,31077.0,2501.0,5206.0,463.0,15996.0,393.0,203.0,4557.0,16974.0,4289.0,752.0,2154.0,501.0,29262.0,30183.0,1815.0,894.0,3387.0,545.0,-290.0,182.0,1872.0,82.0,-33.0,200.0,1724.0,1357.0,-881.0,98.0,159.0,3400.0,3279.0,-13.0,108.0,8.0,16.8,1.5,51.5,1.3,0.7,14.7,54.6,13.8,2.4,6.9,1.6,94.2,97.1,5.8,2.9,134.0,9.0,8.0,4.0,19.0,0.0,4.0,36.0,36.0,31.0,13.0,10.0,10.0,100.0,83.0
2024-02-27,BITCOIN,BITCOIN,27690.0,1956.0,5497.0,281.0,14125.0,311.0,236.0,4358.0,15250.0,2932.0,1633.0,2057.0,342.0,25861.0,26905.0,1829.0,785.0,-733.0,15.0,-75.0,-314.0,335.0,277.0,-60.0,145.0,536.0,-833.0,115.0,-31.0,-104.0,-701.0,-604.0,-32.0,-129.0,7.1,19.9,1.0,51.0,1.1,0.9,15.7,55.1,10.6,5.9,7.4,1.2,93.4,97.2,6.6,2.8,133.0,8.0,8.0,0.0,21.0,0.0,0.0,40.0,33.0,27.0,10.0,9.0,6.0,98.0,74.0
2024-02-20,BITCOIN,BITCOIN,28423.0,1941.0,5572.0,595.0,13789.0,34.0,295.0,4212.0,14714.0,3765.0,1518.0,2087.0,447.0,26562.0,27509.0,1861.0,914.0,1134.0,18.0,142.0,161.0,534.0,34.0,55.0,357.0,520.0,145.0,-188.0,150.0,23.0,1105.0,1231.0,29.0,-97.0,6.8,19.6,2.1,48.5,0.1,1.0,14.8,51.8,13.2,5.3,7.3,1.6,93.5,96.8,6.5,3.2,128.0,8.0,8.0,5.0,22.0,0.0,5.0,34.0,32.0,28.0,11.0,11.0,8.0,104.0,70.0
2024-02-13,BITCOIN,BITCOIN,27289.0,1923.0,5429.0,434.0,13255.0,0.0,240.0,3856.0,14194.0,3620.0,1706.0,1937.0,423.0,25457.0,26278.0,1832.0,1011.0,4513.0,248.0,465.0,126.0,847.0,0.0,-30.0,1054.0,1928.0,972.0,1027.0,776.0,118.0,4361.0,4355.0,152.0,158.0,7.0,19.9,1.6,48.6,0.0,0.9,14.1,52.0,13.3,6.3,7.1,1.6,93.3,96.3,6.7,3.7,128.0,9.0,8.0,4.0,20.0,0.0,0.0,35.0,35.0,29.0,11.0,8.0,9.0,103.0,70.0
2024-02-06,BITCOIN,BITCOIN,22776.0,1675.0,4964.0,309.0,12408.0,0.0,270.0,2802.0,12266.0,2648.0,679.0,1161.0,305.0,21096.0,21923.0,1680.0,853.0,297.0,100.0,176.0,-14.0,-490.0,0.0,47.0,257.0,94.0,361.0,-150.0,-566.0,32.0,143.0,131.0,154.0,166.0,7.4,21.8,1.4,54.5,0.0,1.2,12.3,53.9,11.6,3.0,5.1,1.3,92.6,96.3,7.4,3.7,115.0,8.0,7.0,5.0,19.0,0.0,0.0,25.0,37.0,24.0,10.0,8.0,7.0,89.0,65.0
2024-01-30,BITCOIN,BITCOIN,22479.0,1575.0,4788.0,323.0,12898.0,0.0,223.0,2545.0,12172.0,2287.0,830.0,1726.0,273.0,20953.0,21792.0,1526.0,687.0,-2534.0,-13.0,651.0,-788.0,300.0,-42.0,-203.0,-333.0,875.0,-1466.0,507.0,-1048.0,-301.0,-2297.0,-2322.0,-237.0,-212.0,7.0,21.3,1.4,57.4,0.0,1.0,11.3,54.1,10.2,3.7,7.7,1.2,93.2,96.9,6.8,3.1,120.0,8.0,7.0,5.0,19.0,0.0,0.0,30.0,38.0,23.0,9.0,8.0,5.0,87.0,69.0
2024-01-23,BITCOIN,BITCOIN,25013.0,1588.0,4137.0,1111.0,12598.0,42.0,425.0,2878.0,11297.0,3754.0,322.0,2775.0,574.0,23251.0,24114.0,1762.0,899.0,-497.0,-333.0,-970.0,454.0,-307.0,27.0,227.0,-639.0,-2150.0,431.0,-386.0,1205.0,183.0,-368.0,-592.0,-129.0,95.0,6.3,16.5,4.4,50.4,0.2,1.7,11.5,45.2,15.0,1.3,11.1,2.3,93.0,96.4,7.0,3.6,128.0,8.0,7.0,5.0,18.0,0.0,6.0,34.0,36.0,30.0,10.0,12.0,7.0,95.0,81.0
2024-01-16,BITCOIN,BITCOIN,25510.0,1921.0,5107.0,657.0,12905.0,15.0,198.0,3517.0,13447.0,3322.0,708.0,1569.0,391.0,23619.0,24706.0,1891.0,804.0,-3733.0,1015.0,-1173.0,-79.0,-1488.0,15.0,26.0,-38.0,-1715.0,-431.0,-2938.0,-395.0,14.0,-3921.0,-3739.0,188.0,6.0,7.5,20.0,2.6,50.6,0.1,0.8,13.8,52.7,13.0,2.8,6.2,1.5,92.6,96.8,7.4,3.2,136.0,8.0,6.0,5.0,22.0,0.0,6.0,37.0,36.0,27.0,14.0,10.0,9.0,107.0,76.0
2024-01-09,BITCOIN,BITCOIN,29243.0,906.0,6280.0,736.0,14394.0,0.0,172.0,3555.0,15162.0,3754.0,3646.0,1964.0,377.0,27540.0,28445.0,1703.0,798.0,3674.0,24.0,386.0,255.0,1601.0,0.0,1.0,266.0,1402.0,1053.0,545.0,483.0,49.0,3794.0,3630.0,-120.0,44.0,3.1,21.5,2.5,49.2,0.0,0.6,12.2,51.8,12.8,12.5,6.7,1.3,94.2,97.3,5.8,2.7,139.0,5.0,10.0,6.0,23.0,0.0,4.0,36.0,34.0,28.0,18.0,11.0,8.0,109.0,76.0
2024-01-02,BITCOIN,BITCOIN,25569.0,882.0,5894.0,481.0,12792.0,0.0,171.0,3289.0,13760.0,2700.0,3101.0,1481.0,328.0,23746.0,24816.0,1823.0,753.0,-1050.0,-94.0,-227.0,-264.0,835.0,0.0,-151.0,461.0,1061.0,-1851.0,800.0,954.0,-313.0,-577.0,-790.0,-473.0,-260.0,3.4,23.0,1.9,50.0,0.0,0.7,12.9,53.8,10.6,12.1,5.8,1.3,92.9,97.1,7.1,2.9,125.0,4.0,9.0,0.0,20.0,0.0,4.0,34.0,32.0,22.0,15.0,10.0,7.0,94.0,66.0
