date,target_up,pred,prob_up,next_return,position,turnover,cost,strategy_return,buy_hold_return,strategy_equity,buy_hold_equity
2024-01-01,1,0,0.22290807071387378,0.017900939051301412,-1,1.0,0.0005,-0.018400939051301413,0.017900939051301412,0.9815990609486986,1.0179009390513014
2024-01-02,0,0,0.01898847015847797,-0.04692812036242189,-1,0.0,0.0,0.04692812036242189,-0.04692812036242189,1.0276636598285396,0.9701327612664796
2024-01-03,1,1,0.9313244080231563,0.03108057856532498,1,2.0,0.001,0.030080578565324978,0.03108057856532498,1.0585763772867411,1.000285048771818
2024-01-04,0,1,0.6327174312851781,-0.0003900067727314882,1,0.0,0.0,-0.0003900067727314882,-0.0003900067727314882,1.0581635253301458,0.999894930828135
2024-01-05,0,1,0.8690054194544103,-0.003928567037593367,1,0.0,0.0,-0.003928567037593367,-0.003928567037593367,1.0540064589841502,0.9959667765618269
2024-01-06,0,0,0.34758811118700045,-0.0010479313368322307,-1,2.0,0.001,4.79313368322307e-05,-0.0010479313368322307,1.0540569789227592,0.994923071766224
2024-01-07,1,1,0.9735704175113805,0.06889378335779228,1,2.0,0.001,0.06789378335779228,0.06889378335779228,1.1256208950965099,1.0634670863301554
2024-01-08,0,1,0.5699236196245421,-0.017687130611972357,1,0.0,0.0,-0.017687130611972357,-0.017687130611972357,1.1057118913053727,1.0446574050727002
2024-01-09,1,0,0.1326084078515313,0.010577584004972662,-1,2.0,0.001,-0.011577584004972663,0.010577584004972662,1.0929104189984875,1.0557073565312736
2024-01-10,0,0,0.46235980205807925,-0.005558733892443213,0,1.0,0.0005,-0.0005,-0.005558733892443213,1.0923639637889884,1.0498389602680216
2024-01-11,0,0,0.014093996361963854,-0.07581464687080208,-1,1.0,0.0005,0.07531464687080208,-0.07581464687080208,1.1746349699761458,0.9702457902240915
2024-01-12,0,1,0.5210735499209626,-0.0002516769882185965,0,1.0,0.0005,-0.0005,-0.0002516769882185965,1.1740476524911578,0.9700016016857761
2024-01-13,0,0,0.05190919396715213,-0.0244177193838242,-1,1.0,0.0005,0.0239177193838242,-0.0244177193838242,1.2021281947866789,0.9463163747739528
2024-01-14,1,1,0.9015950861997791,0.01712351907901466,1,2.0,0.001,0.01612351907901466,0.01712351907901466,1.2215107316707434,0.9625206412721786
2024-01-15,1,0,0.3366094102452229,0.015124600939588229,-1,2.0,0.001,-0.01612460093958823,0.015124600939588229,1.2018143585791283,0.9770783818675369
2024-01-16,0,1,0.5834646937286816,-0.009553782672285682,1,2.0,0.001,-0.010553782672285683,-0.009553782672285682,1.1891306710262517,0.967743587353386
2024-01-17,0,0,0.03286406440793767,-0.034639725632667706,-1,2.0,0.001,0.033639725632667705,-0.034639725632667706,1.229132700540965,0.934221215004691
2024-01-18,1,1,0.8141074930037192,0.00863620644230223,1,2.0,0.001,0.00763620644230223,0.00863620644230223,1.2385186115872804,0.94228934228025
2024-01-19,1,0,0.49028805704103184,0.0011336255217606617,0,1.0,0.0005,-0.0005,0.0011336255217606617,1.2378993522814867,0.9433575455275419
2024-01-20,0,0,0.4320478513566297,-0.0028752933279206916,-1,1.0,0.0005,0.0023752933279206916,-0.0028752933279206916,1.2408397263535982,0.9406451158710429
2024-01-21,0,0,0.027537900652600516,-0.049064374667218136,-1,0.0,0.0,0.049064374667218136,-0.049064374667218136,1.3017207515893796,0.8944929514770573
2024-01-22,1,0,0.4453528485762759,0.008560013431039293,-1,0.0,0.0,-0.008560013431039293,0.008560013431039293,1.2905780044723119,0.9021498231556709
2024-01-23,1,1,0.8716897906277503,0.005810521700930993,1,2.0,0.001,0.004810521700930993,0.005810521700930993,1.2967863579695702,0.9073917842806081
2024-01-24,0,0,0.46533164688489714,-0.0035747525934159974,0,1.0,0.0005,-0.0005,-0.0035747525934159974,1.2961379647905855,0.9041480831465066
2024-01-25,1,1,0.9784320973820473,0.04715459322091098,1,1.0,0.0005,0.04665459322091098,0.04715459322091098,1.3566087542960699,0.9467828182187465
2024-01-26,1,0,0.3144000676388003,0.007250269707417489,-1,2.0,0.001,-0.00825026970741749,0.007250269707417489,1.3454163661856837,0.9536472490051813
2024-01-27,0,1,0.5253704211217813,-0.002005242826170095,0,1.0,0.0005,-0.0005,-0.002005242826170095,1.3447436580025909,0.9517349547004168
2024-01-28,1,1,0.9144410142349718,0.029799801358818767,1,1.0,0.0005,0.029299801358818767,0.029799801358818767,1.3841443800605981,0.9800964672967336
2024-01-29,0,0,0.3209143948272588,-0.007753530092744043,-1,2.0,0.001,0.006753530092744043,-0.007753530092744043,1.39349224078404,0.9724972598437562
2024-01-30,0,1,0.5730445570972359,-0.00861423582021903,1,2.0,0.001,-0.00961423582021903,-0.00861423582021903,1.3800948777674968,0.9641199391129452
2024-01-31,1,1,0.7798861280610639,0.011581441842771323,1,0.0,0.0,0.011581441842771323,0.011581441842771323,1.3960783663318677,0.975285838117238
2024-02-01,1,1,0.5931037155884936,0.0025556346111748063,1,0.0,0.0,0.0025556346111748063,0.0025556346111748063,1.3996462325247778,0.977778312360919
2024-02-02,0,0,0.1280335154229186,-0.0044831659668692625,-1,2.0,0.001,0.0034831659668692625,-0.0044831659668692625,1.404521432647565,0.9733947699077997
2024-02-03,0,0,0.09733781104165598,-0.009505619472114146,-1,0.0,0.0,0.009505619472114146,-0.009505619472114146,1.4178722789267413,0.96414204962891
2024-02-04,1,1,0.7984407256322761,0.0017632602500394778,1,2.0,0.001,0.0007632602500394778,0.0017632602500394778,1.418954484476879,0.9658420829804123
2024-02-05,1,0,0.468130318764598,0.009986338686479135,0,1.0,0.0005,-0.0005,0.009986338686479135,1.4182450072346406,0.9754873091387092
2024-02-06,1,1,0.9879171347736895,0.028630850081180936,1,1.0,0.0005,0.028130850081180936,0.028630850081180936,1.4581414449115417,1.0034163400427543
2024-02-07,1,1,0.8153712525729119,0.022188248784866804,1,0.0,0.0,0.022188248784866804,0.022188248784866804,1.4904950500547642,1.0256803914304233
2024-02-08,1,1,0.9876913146447944,0.040741037427910465,1,0.0,0.0,0.040741037427910465,0.040741037427910465,1.5512193646751606,1.0674676746467642
2024-02-09,1,1,0.9226215808471845,0.013236801662479536,1,0.0,0.0,0.013236801662479536,0.013236801662479536,1.5717525477403633,1.0815975325371716
2024-02-10,1,1,0.7689259678290364,0.010940478338881565,1,0.0,0.0,0.010940478338881565,0.010940478338881565,1.5889482724429986,1.0934307269132824
2024-02-11,1,1,0.9716817132172796,0.034461993507690414,1,0.0,0.0,0.034461993507690414,0.034461993507690414,1.643706597491985,1.131112529525277
2024-02-12,0,0,0.11601622722713895,-0.004319233922406296,-1,2.0,0.001,0.003319233922406296,-0.004319233922406296,1.6491624441888637,1.1262269899176927
2024-02-13,1,1,0.989400476123965,0.041900916949929146,1,2.0,0.001,0.040900916949929145,0.041900916949929146,1.7166147003555745,1.1734169334890026
2024-02-14,1,0,0.3692139813680367,0.0021583350882306007,-1,2.0,0.001,-0.0031583350882306007,0.0021583350882306007,1.711193055914469,1.175949560429676
2024-02-15,1,1,0.854157868148425,0.004267512618200353,1,2.0,0.001,0.003267512618200353,0.004267512618200353,1.7167844008168465,1.1809679400171766
2024-02-16,0,1,0.5006816553435005,-0.009532306269177337,0,1.0,0.0005,-0.0005,-0.009532306269177337,1.715926008616438,1.1697105919188535
2024-02-17,1,0,0.40764082122489587,0.008895163192163213,-1,1.0,0.0005,-0.009395163192163214,0.008895163192163213,1.6998046037398096,1.1801153585215736
2024-02-18,0,0,0.36825681158557555,-0.006588364620277343,-1,0.0,0.0,0.006588364620277343,-0.006588364620277343,1.7110035362524736,1.1723403282456442
2024-02-19,1,0,0.17411050544305845,0.009767068832988945,-1,0.0,0.0,-0.009767068832988945,0.009767068832988945,1.6942920469404081,1.1837906569273082
2024-02-20,0,0,0.17473567957728148,-0.008524364120598982,-1,0.0,0.0,0.008524364120598982,-0.008524364120598982,1.708734809275163,1.1736995943250967
2024-02-21,0,0,0.3261967971104044,-0.010305082651198116,-1,0.0,0.0,0.010305082651198116,-0.010305082651198116,1.7263434627137229,1.1616045229978988
2024-02-22,0,0,0.03545127425076139,-0.011168964874795462,-1,0.0,0.0,0.011168964874795462,-0.011168964874795462,1.7456249322106052,1.1486306028821318
2024-02-23,1,1,0.9548415105965536,0.016540904827679226,1,2.0,0.001,0.015540904827679225,0.016540904827679226,1.772753523146914,1.167629992366565
2024-02-24,1,1,0.8310803529463751,0.003143945229742817,1,0.0,0.0,0.003143945229742817,0.003143945229742817,1.7783269631295215,1.1713009571111705
2024-02-25,1,1,0.9977186990558455,0.053914352844811164,1,0.0,0.0,0.053914352844811164,0.053914352844811164,1.874204310493128,1.2344508902003273
2024-02-26,1,1,0.9843286118362967,0.04700762695380023,1,0.0,0.0,0.04700762695380023,0.04700762695380023,1.9623062075559934,1.292479497139651
2024-02-27,1,1,0.9878807207373881,0.09493531994124749,1,0.0,0.0,0.09493531994124749,0.09493531994124749,2.1485983751930178,1.4151814517181063
2024-02-28,0,0,0.29944388639578495,-0.020900898468654838,-1,2.0,0.001,0.019900898468654837,-0.020900898468654838,2.1913574133076508,1.3856028878810225
2024-02-29,1,1,0.7643205389310209,0.020298739001094468,1,2.0,0.001,0.019298739001094467,0.020298739001094468,2.2336478480851887,1.413728879261282
2024-03-01,0,0,0.4951916713137054,-0.006578811548619723,0,1.0,0.0005,-0.0005,-0.006578811548619723,2.2325310241611462,1.4044282233837808
2024-03-02,1,1,0.9027551963120706,0.01833832389535761,1,1.0,0.0005,0.01783832389535761,0.01833832389535761,2.2723556356765675,1.4301830830319742
2024-03-03,1,1,0.5937963311700045,0.08173591649219114,1,0.0,0.0,0.08173591649219114,0.08173591649219114,2.458088706154787,1.54708040807522
2024-03-04,0,0,0.0065640954451974065,-0.06628402455760396,-1,2.0,0.001,0.06528402455760396,-0.06628402455760396,2.6185626296121653,1.4445336923137742
2024-03-05,1,1,0.8463987390892421,0.03613733749494208,1,2.0,0.001,0.03513733749494208,0.03613733749494208,2.710571948480491,1.496735293875732
2024-03-06,1,1,0.8734577960335426,0.012384196927533564,1,0.0,0.0,0.012384196927533564,0.012384196927533564,2.7441402052767216,1.5152711585034788
2024-03-07,1,1,0.9704088222182674,0.020539401213709896,1,0.0,0.0,0.020539401213709896,0.020539401213709896,2.8005032019395726,1.5463939207755448
2024-03-08,1,0,0.18927516459338445,0.0029105240064184468,-1,2.0,0.001,-0.003910524006418447,0.0029105240064184468,2.7895517669383363,1.5508947374053417
2024-03-09,1,1,0.698272154127104,0.007604594828588107,1,2.0,0.001,0.006604594828588107,0.007604594828588107,2.8079756261123365,1.562688663505099
2024-03-10,1,1,0.9421706125146065,0.04497430707429584,1,0.0,0.0,0.04497430707429584,0.04497430707429584,2.934262384178251,1.6329695033190983
2024-03-11,0,0,0.3052379134100149,-0.008909905479502545,-1,2.0,0.001,0.007909905479502544,-0.008909905479502545,2.957472122289161,1.618419899393615
2024-03-12,1,1,0.9549128897573125,0.022414410239567806,1,2.0,0.001,0.021414410239567805,0.022414410239567806,3.020804643587946,1.6546958269585035
2024-03-13,0,0,0.30253369509315575,-0.0230819028918976,-1,2.0,0.001,0.022081902891897598,-0.0230819028918976,3.0875097583830486,1.616502298565019
2024-03-14,0,0,0.08230285251906791,-0.027911980219644583,-1,0.0,0.0,0.027911980219644583,-0.027911980219644583,3.173688269686996,1.5713825183824621
2024-03-15,0,0,0.04261160860771851,-0.05891115205258901,-1,0.0,0.0,0.05891115205258901,-0.05891115205258901,3.3606539019100445,1.4788105639092526
2024-03-16,1,1,0.8905675922885351,0.04708722796395115,1,2.0,0.001,0.04608722796395115,0.04708722796395115,3.515537124395315,1.5484436540475468
2024-03-17,0,1,0.5378747604874097,-0.0123120859035869,0,1.0,0.0005,-0.0005,-0.0123120859035869,3.5137793558331176,1.5293790827620495
2024-03-18,0,0,0.05983017894721986,-0.08343356981432348,-1,1.0,0.0005,0.08293356981432348,-0.08343356981432348,3.805189621352232,1.401777526287856
2024-03-19,1,1,0.9621920114312206,0.09692504638897836,1,2.0,0.001,0.09592504638897836,0.09692504638897836,4.1702026122993034,1.5376448780503338
2024-03-20,0,0,0.35642875367030086,-0.03566706353999505,-1,2.0,0.001,0.03466706353999505,-0.03566706353999505,4.314771291234536,1.4828016004829645
2024-03-21,0,0,0.0645028003939521,-0.02615044343853401,-1,0.0,0.0,0.02615044343853401,-0.02615044343853401,4.427604473836175,1.4440256810989671
2024-03-22,1,0,0.4930671957925229,0.004444134671348854,0,1.0,0.0005,-0.0005,0.004444134671348854,4.425390671599257,1.4504431256946573
2024-03-23,1,1,0.9893318479539011,0.04951388799118828,1,1.0,0.0005,0.049013887991188276,0.04951388799118828,4.642296274294273,1.5222602041578916
2024-03-24,1,1,0.9121776087827355,0.04052464020923141,1,0.0,0.0,0.04052464020923141,0.04052464020923141,4.830423660554703,1.5839492512362214
2024-03-25,1,0,0.4851372464894535,0.00041486463910467286,0,1.0,0.0005,-0.0005,0.00041486463910467286,4.828008448724426,1.5846063757706956
2024-03-26,0,0,0.4508147763411612,-0.007608353371227561,0,0.0,0.0,-0.0,-0.007608353371227561,4.828008448724426,1.572550130509532
2024-03-27,1,1,0.8619859679798729,0.018567460837021654,1,1.0,0.0005,0.018067460837021654,0.018567460837021654,4.915238302292565,1.601748393472021
2024-03-28,0,0,0.06735810064405084,-0.01204502883045766,-1,2.0,0.001,0.01104502883045766,-0.01204502883045766,4.969527251049956,1.5824552878935112
2024-03-29,0,0,0.3696572189022197,-0.0035414711944022903,-1,0.0,0.0,0.0035414711944022903,-0.0035414711944022903,4.987126688659347,1.5768510680750067
2024-03-30,1,1,0.9768145246938619,0.02424203264779501,1,2.0,0.001,0.023242032647795008,0.02424203264779501,5.103037649975857,1.6150771431479916
2024-03-31,0,0,0.08375845279104087,-0.022871394296192005,-1,2.0,0.001,0.021871394296192004,-0.022871394296192005,5.214648198526793,1.5781380769882865
2024-04-01,0,0,0.008482816013129542,-0.061047985989492126,-1,0.0,0.0,0.061047985989492126,-0.061047985989492126,5.532991968690586,1.4817959257748214
2024-04-02,1,1,0.5532332765147441,0.008156830210526378,1,2.0,0.001,0.007156830210526378,0.008156830210526378,5.572590652766712,1.4938826835480163
2024-04-03,1,1,0.8937409306394921,0.038314642609167615,1,0.0,0.0,0.038314642609167615,0.038314642609167615,5.786102472034656,1.5511202646681828
2024-04-04,0,0,0.3605541722474936,-0.009797320875087778,-1,2.0,0.001,0.008797320875087777,-0.009797320875087778,5.837004672097284,1.5359234417193774
2024-04-05,1,1,0.9224731646175509,0.015602971156545964,1,2.0,0.001,0.014602971156545963,0.015602971156545964,5.922242282964544,1.5598884108791877
2024-04-06,1,1,0.928716149884015,0.006770270726916605,1,0.0,0.0,0.006770270726916605,0.006770270726916605,5.962337466530607,1.5704492777246195
2024-04-07,1,1,0.957961465668735,0.03270935878474601,1,0.0,0.0,0.03270935878474601,0.03270935878474601,6.15736170191909,1.6218176666029593
2024-04-08,0,0,0.023957072502335575,-0.03479403115822832,-1,2.0,0.001,0.03379403115822832,-0.03479403115822832,6.365443775126225,1.5653880921782108
2024-04-09,1,0,0.3542828861740594,0.0209558550176423,-1,0.0,0.0,-0.0209558550176423,0.0209558550176423,6.232050458251726,1.5981921380842412
2024-04-10,0,0,0.4769804149089134,-0.007469744331340511,0,1.0,0.0005,-0.0005,-0.007469744331340511,6.228934433022601,1.5862540514203936
2024-04-11,0,0,0.02547468405881551,-0.04088948430588779,-1,1.0,0.0005,0.04038948430588779,-0.04088948430588779,6.480517882547572,1.5213929412796885
2024-04-12,0,0,0.011963913211602529,-0.05021729270691988,-1,0.0,0.0,0.05021729270691988,-0.05021729270691988,6.805951945947893,1.4449927066252046
2024-04-13,1,0,0.37715950499898737,0.03004089104268326,-1,0.0,0.0,-0.03004089104268326,0.03004089104268326,6.601495085097934,1.4884015750824044
2024-04-14,0,0,0.20324669008785098,-0.03517737178558533,-1,0.0,0.0,0.03517737178558533,-0.03517737178558533,6.833718332047139,1.4360435195094798
2024-04-15,1,0,0.47771887868915275,0.006080330797783695,0,1.0,0.0005,-0.0005,0.006080330797783695,6.830301472881116,1.444775139148111
2024-04-16,0,0,0.15431545526682655,-0.03972884891052719,-1,1.0,0.0005,0.03922884891052719,-0.03972884891052719,7.098246337374121,1.3873758859352097
2024-04-17,1,1,0.8221724773810009,0.03649124077498622,1,2.0,0.001,0.03549124077498622,0.03649124077498622,7.35017190721403,1.4380029534342813
2024-04-18,1,1,0.7432749389320661,0.005208661031110617,1,0.0,0.0,0.005208661031110617,0.005208661031110617,7.388456461199099,1.4454930233804564
2024-04-19,1,1,0.8508271394069209,0.018026421268684478,1,0.0,0.0,0.018026421268684478,0.018026421268684478,7.5216438898940075,1.4715500895608569
2024-04-20,0,1,0.7657042411341137,-0.0010431180502996629,1,0.0,0.0,-0.0010431180502996629,-0.0010431180502996629,7.513797927384533,1.470015089100516
2024-04-21,1,1,0.8925045676632685,0.029433758205850147,1,0.0,0.0,0.029433758205850147,0.029433758205850147,7.734957238786787,1.5132831577920518
2024-04-22,0,0,0.23127638339447154,-0.006439574982440521,-1,2.0,0.001,0.005439574982440521,-0.006439574982440521,7.777032118673139,1.5035382574277856
2024-04-23,0,0,0.058350783022922355,-0.03208044676017341,-1,0.0,0.0,0.03208044676017341,-0.03208044676017341,8.02652278350839,1.4553040784084896
2024-04-24,1,0,0.33162698646810745,0.0031863484195515657,-1,0.0,0.0,-0.0031863484195515657,0.0031863484195515657,8.000947485322664,1.4599411842586936
2024-04-25,0,1,0.7865047680939902,-0.011265004482557628,1,2.0,0.001,-0.012265004482557629,-0.011265004482557628,7.902815828550473,1.443494940273749
2024-04-26,0,0,0.12569996509189546,-0.005272966802647994,-1,2.0,0.001,0.004272966802647994,-0.005272966802647994,7.93658429823331,1.435883439373895
2024-04-27,0,0,0.19555914859649806,-0.004823625063903991,-1,0.0,0.0,0.004823625063903991,-0.004823625063903991,7.974867405176055,1.4289572760268865
2024-04-28,1,0,0.40487392887901247,0.011533090916022948,-1,0.0,0.0,-0.011533090916022948,0.011533090916022948,7.882892534348931,1.445437570206417
2024-04-29,0,0,0.06005194383379677,-0.050191249309274655,-1,0.0,0.0,0.050191249309274655,-0.050191249309274655,8.278544758818658,1.3728892527591945
2024-04-30,0,0,0.0425121376614209,-0.03929695449375714,-1,0.0,0.0,0.03929695449375714,-0.03929695449375714,8.603866355480486,1.3189388862685483
2024-05-01,1,1,0.8164022757975433,0.014924669552331737,1,2.0,0.001,0.013924669552331737,0.014924669552331737,8.723672351352976,1.338623613305827
2024-05-02,1,1,0.980188136780061,0.06370405294167747,1,0.0,0.0,0.06370405294167747,0.06370405294167747,9.279405636669413,1.4238993628368408
2024-05-03,1,1,0.9516180351190269,0.015926845790239064,1,0.0,0.0,0.015926845790239064,0.015926845790239064,9.427197299269721,1.4465775884095629
2024-05-04,1,1,0.9199726160954612,0.002185896653241981,1,0.0,0.0,0.002185896653241981,0.002185896653241981,9.447804178295646,1.4497396575187222
2024-05-05,0,0,0.3914278855343865,-0.013574390387488533,-1,2.0,0.001,0.012574390387488532,-0.013574390387488533,9.56660455633808,1.4300603254473392
2024-05-06,0,0,0.10251352326005805,-0.01309542885757653,-1,0.0,0.0,0.01309542885757653,-0.01309542885757653,9.69188334571417,1.4113330721934008
2024-05-07,0,0,0.17872025840503675,-0.018398626419713127,-1,0.0,0.0,0.018398626419713127,-0.018398626419713127,9.870200686695405,1.3853664822443283
2024-05-08,1,1,0.908220545388221,0.03043115176709965,1,2.0,0.001,0.02943115176709965,0.03043115176709965,10.160692061077267,1.4275247799185584
2024-05-09,0,0,0.010814638216614516,-0.035799920573900024,-1,2.0,0.001,0.03479992057390002,-0.035799920573900024,10.514283337778613,1.3764195061801998
2024-05-10,1,1,0.5107184043205573,1.5356984674586016e-05,0,1.0,0.0005,-0.0005,1.5356984674586016e-05,10.509026196109724,1.376440643833462
2024-05-11,1,1,0.7485852688912169,0.010768936188532141,1,1.0,0.0005,0.01026893618853214,0.010768936188532141,10.616942715521189,1.3912634452942065
2024-05-12,1,1,0.9265693558544024,0.023646747788683697,1,0.0,0.0,0.023646747788683697,0.023646747788683697,10.867998882202022,1.4241623010926938
2024-05-13,0,0,0.10084866052196946,-0.02144084393922019,-1,2.0,0.001,0.020440843939220188,-0.02144084393922019,11.090149951284731,1.3936270594508446
2024-05-14,1,1,0.996892599110601,0.07659609250545496,1,2.0,0.001,0.07559609250545496,0.07659609250545496,11.928521952901418,1.5003734466146468
2024-05-15,0,0,0.19405838322054772,-0.01563225228621834,-1,2.0,0.001,0.014632252286218339,-0.01563225228621834,12.103063095517966,1.4769192303736236
2024-05-16,1,1,0.9275635813117009,0.02790508695432159,1,2.0,0.001,0.02690508695432159,0.02790508695432159,12.428697060516518,1.5181327899217092
2024-05-17,0,0,0.25289155712282785,-0.0016564833198177142,-1,2.0,0.001,0.0006564833198177142,-0.0016564833198177142,12.436856292823814,1.5156180282779355
2024-05-18,0,0,0.29035717656118876,-0.009895869986810912,-1,0.0,0.0,0.009895869986810912,-0.009895869986810912,12.559929805742248,1.5006196693204303
2024-05-19,1,1,0.9960974409639395,0.07800174241430358,1,2.0,0.001,0.07700174241430358,0.07800174241430358,13.527066285385745,1.6176706182286
2024-05-20,0,0,0.1182938699322681,-0.018358253231772315,-1,2.0,0.001,0.017358253231772314,-0.018358253231772315,13.76187252745044,1.5879730113735617
2024-05-21,0,1,0.7065748781771638,-0.01446030042296964,1,2.0,0.001,-0.015460300422969642,-0.01446030042296964,13.549109843793444,1.5650104445655322
2024-05-22,0,0,0.3123485953781059,-0.017255976976508713,-1,2.0,0.001,0.016255976976508713,-0.017255976976508713,13.769363861466337,1.5380046603661137
2024-05-23,1,0,0.31722057791637415,0.008781729788116976,-1,0.0,0.0,-0.008781729788116976,0.008781729788116976,13.648445028680676,1.5515110017063136
2024-05-24,1,1,0.952628939014716,0.010796524727518797,1,2.0,0.001,0.009796524727518796,0.010796524727518797,13.78215235789633,1.5682619286012534
2024-05-25,0,0,0.07039686576826477,-0.010796814497022966,-1,2.0,0.001,0.009796814497022965,-0.010796814497022966,13.917173547916345,1.5513296954754021
2024-05-26,1,1,0.9045994132204322,0.012791671360530277,1,2.0,0.001,0.011791671360530276,0.012791671360530277,14.081280284660842,1.571173795111755
2024-05-27,0,0,0.05320114986884101,-0.015827408107827234,-1,2.0,0.001,0.014827408107827234,-0.015827408107827234,14.29006917412221,1.5463061862481975
2024-05-28,0,0,0.365210841373277,-0.01051485738366742,-1,0.0,0.0,0.01051485738366742,-0.01051485738366742,14.440327213490846,1.530046997228315
2024-05-29,1,1,0.8376567775019014,0.011644282841286824,1,2.0,0.001,0.010644282841286823,0.011644282841286824,14.594034140671976,1.5478632972245032
2024-05-30,0,0,0.16239972837075117,-0.012778150001159894,-1,2.0,0.001,0.011778150001159893,-0.012778150001159894,14.76592486390286,1.5280844678312786
2024-05-31,1,0,0.33150539261818385,0.0031933460054698326,-1,0.0,0.0,-0.0031933460054698326,0.0031933460054698326,14.718772156721649,1.5329641702626482
2024-06-01,1,1,0.8123120608142596,0.0006596674454519835,1,2.0,0.001,-0.0003403325545480165,0.0006596674454519835,14.713762879393741,1.5339754168208148
2024-06-02,1,1,0.9522410781899681,0.015544720172089965,1,0.0,0.0,0.015544720172089965,0.015544720172089965,14.942484206032402,1.5578206354261595
2024-06-03,1,1,0.8591117510407722,0.025622992224831664,1,0.0,0.0,0.025622992224831664,0.025622992224831664,15.32535536266324,1.5977366614553663
2024-06-04,1,0,0.4211307843937777,0.007298724608017615,-1,2.0,0.001,-0.008298724608017616,0.007298724608017615,15.198174458988492,1.6093981013434624
2024-06-05,0,0,0.18740733968407,-0.004581363662391591,-1,0.0,0.0,0.004581363662391591,-0.004581363662391591,15.26780282318959,1.6020248633636454
2024-06-06,0,0,0.14468831211597963,-0.01999201273457618,-1,0.0,0.0,0.01999201273457618,-0.01999201273457618,15.573036931659797,1.5699971618941717
2024-06-07,0,0,0.20775465223235975,-0.0005308786729295578,-1,0.0,0.0,0.0005308786729295578,-0.0005308786729295578,15.581304324839557,1.5691636838843621
2024-06-08,1,1,0.7920703819746824,0.00493781012787653,1,2.0,0.001,0.00393781012787653,0.00493781012787653,15.642660542815438,1.5769119162149423
2024-06-09,0,0,0.48527668701545884,-0.0019485261992140401,0,1.0,0.0005,-0.0005,-0.0019485261992140401,15.634839212544032,1.5738392620323447
2024-06-10,0,0,0.008049838326115515,-0.03136496113771259,-1,1.0,0.0005,0.030864961137712588,-0.03136496113771259,16.11740791723359,1.524475854741694
2024-06-11,1,1,0.8376389418203496,0.013502581655740586,1,2.0,0.001,0.012502581655740586,0.013502581655740586,16.31891712579768,1.5450602144525485
2024-06-12,0,0,0.39166012849658266,-0.021757960505889518,-1,2.0,0.001,0.020757960505889517,-0.021757960505889518,16.657664562993872,1.5114428553272687
2024-06-13,0,0,0.06773986749123265,-0.011164543099157487,-1,0.0,0.0,0.011164543099157487,-0.011164543099157487,16.843639776938726,1.4945682864270537
2024-06-14,1,1,0.5248747356271807,0.0027253941690672523,0,1.0,0.0005,-0.0005,0.0027253941690672523,16.835217957050258,1.4986415741201549
2024-06-15,1,1,0.8819995545431161,0.006768999939568809,1,1.0,0.0005,0.006268999939568809,0.006768999939568809,16.940757937405635,1.5087858788448094
2024-06-16,0,0,0.4350745107650939,-0.0022321747830370553,-1,2.0,0.001,0.0012321747830370553,-0.0022321747830370553,16.96163191214164,1.5054180050530497
2024-06-17,0,0,0.05105703294003673,-0.02029695827328193,-1,0.0,0.0,0.02029695827328193,-0.02029695827328193,17.305901447309147,1.4748625986206405
2024-06-18,0,0,0.23492744099790777,-0.0027701435671353414,-1,0.0,0.0,0.0027701435671353414,-0.0027701435671353414,17.35384127887689,1.470777017480663
2024-06-19,0,1,0.567759663557224,-0.00202647819256907,1,2.0,0.001,-0.00302647819256907,-0.00202647819256907,17.301320256689063,1.4677965199286065
2024-06-20,0,0,0.043044905325598314,-0.011298352821403679,-1,2.0,0.001,0.010298352821403678,-0.011298352821403679,17.47949535696855,1.4512128369764246
2024-06-21,1,0,0.21875461828233367,0.0024397531859308152,-1,0.0,0.0,-0.0024397531859308152,0.0024397531859308152,17.43684970248292,1.4547534381189016
2024-06-22,0,0,0.07424626361828858,-0.01668075089399379,-1,0.0,0.0,0.01668075089399379,-0.01668075089399379,17.727709448746047,1.4304870584054592
2024-06-23,0,0,0.0022542068017309138,-0.04595356431233677,-1,0.0,0.0,0.04595356431233677,-0.04595356431233677,18.54236088500942,1.3647510793690585
2024-06-24,1,1,0.5753442147298727,0.025336630415439876,1,2.0,0.001,0.024336630415439875,0.025336630415439876,18.9936194688976,1.3993292730761049
2024-06-25,0,1,0.9169528308124573,-0.016072632592061153,1,0.0,0.0,-0.016072632592061153,-0.016072632592061153,18.688342001580587,1.3768383677946365
2024-06-26,1,1,0.9016655506590437,0.013048951973404943,1,0.0,0.0,0.013048951973404943,0.013048951973404943,18.93220527882178,1.39480466553113
2024-06-27,0,0,0.43586657698460507,-0.020853310881755127,-1,2.0,0.001,0.019853310881755126,-0.020853310881755127,19.308072235899434,1.3657183702214868
2024-06-28,1,1,0.5840553160261062,0.009403861104374522,1,2.0,0.001,0.008403861104374521,0.009403861104374522,19.470334593163162,1.3785613960827423
2024-06-29,1,1,0.9786994169868836,0.029413551620566913,1,0.0,0.0,0.029413551620566913,0.029413551620566913,20.043026284788876,1.4191097828685428
2024-06-30,1,1,0.9113559468651848,0.002771094932125795,1,0.0,0.0,0.002771094932125795,0.002771094932125795,20.09856741335112,1.42304227079598
2024-07-01,0,0,0.4816654051525598,-0.013093697885290578,0,1.0,0.0005,-0.0005,-0.013093697885290578,20.088518129644445,1.4044093852241797
2024-07-02,0,0,0.02273044450583371,-0.02990687070088416,-1,1.0,0.0005,0.029406870700884158,-0.02990687070088416,20.679258584855265,1.3624078953291718
2024-07-03,0,0,0.010086415804809056,-0.05311634426354228,-1,0.0,0.0,0.05311634426354228,-0.05311634426354228,21.77766520296325,1.2900417685334995
2024-07-04,0,0,0.06498490096537657,-0.005534237213954074,-1,0.0,0.0,0.005534237213954074,-0.005534237213954074,21.898187968162524,1.2829023713705263
2024-07-05,1,1,0.9870630208909565,0.02896391234041995,1,2.0,0.001,0.02796391234041995,0.02896391234041995,22.510546976918256,1.3200602431962192
2024-07-06,0,0,0.08888074217725274,-0.042097439142912196,-1,2.0,0.001,0.041097439142912195,-0.042097439142912196,23.43567281137582,1.2644890874432884
2024-07-07,1,1,0.8476257032532234,0.015326802715911692,1,2.0,0.001,0.01432680271591169,0.015326802715911692,23.771431072259055,1.2838696622229548
2024-07-08,1,1,0.8807039400397876,0.02299844211812685,1,0.0,0.0,0.02299844211812685,0.02299844211812685,24.318136953839446,1.3133966643368085
2024-07-09,0,0,0.4077537348315342,-0.004598069730556098,-1,2.0,0.001,0.003598069730556098,-0.004598069730556098,24.405635306316576,1.3073575748903081
2024-07-10,0,0,0.3047640983209658,-0.006885432015347748,-1,0.0,0.0,0.006885432015347748,-0.006885432015347748,24.57367864900959,1.298355853188651
2024-07-11,1,0,0.4165844395199055,0.009670444019596935,-1,0.0,0.0,-0.009670444019596935,0.009670444019596935,24.33604026527878,1.310911530784428
2024-07-12,1,1,0.9741562054773367,0.023013827240820017,1,2.0,0.001,0.022013827240820016,0.023013827240820017,24.871769651404268,1.3410806222818996
2024-07-13,1,1,0.9289380179115718,0.026266900915231206,1,0.0,0.0,0.026266900915231206,0.026266900915231206,25.52507396042416,1.3763066541067148
2024-07-14,1,1,0.9898072087833597,0.06715755212726138,1,0.0,0.0,0.06715755212726138,0.06715755212726138,27.239275445473545,1.4687360399729832
2024-07-15,1,0,0.45628839284103345,0.003499237870556282,0,1.0,0.0005,-0.0005,0.003499237870556282,27.22565580775081,1.4738754967459076
2024-07-16,0,0,0.40397239085508097,-0.01502916014346345,-1,1.0,0.0005,0.014529160143463449,-0.01502916014346345,27.621221720992438,1.4517243858737865
2024-07-17,0,0,0.46732777366549316,-0.0022571629283560934,0,1.0,0.0005,-0.0005,-0.0022571629283560934,27.60741111013194,1.4484476074078017
2024-07-18,1,1,0.9413381607165783,0.042768734230136385,1,1.0,0.0005,0.042268734230136384,0.042768734230136385,28.774341433128225,1.5103958781753029
2024-07-19,1,1,0.8313408219419524,0.0067979482134701286,1,0.0,0.0,0.0067979482134701286,0.0067979482134701286,28.969947916067337,1.5206634711369773
2024-07-20,1,1,0.8705980882268858,0.014753144342986024,1,0.0,0.0,0.014753144342986024,0.014753144342986024,29.397345739281867,1.5430980388237674
2024-07-21,0,0,0.3593474983553743,-0.00835268752223095,-1,2.0,0.001,0.0073526875222309504,-0.00835268752223095,29.613495236485793,1.530209023089305
2024-07-22,0,0,0.321868420231149,-0.02452573786440093,-1,0.0,0.0,0.02452573786440093,-0.02452573786440093,30.339788057904524,1.4926795177112757
2024-07-23,0,0,0.35807181334372845,-0.008426492953570563,-1,0.0,0.0,0.008426492953570563,-0.008426492953570563,30.59544606818728,1.4801014642733425
2024-07-24,1,0,0.11388258695149164,0.00619673448871394,-1,0.0,0.0,-0.00619673448871394,0.00619673448871394,30.405854212338955,1.4892732600638012
2024-07-25,1,1,0.8366837412144069,0.032455548053117234,1,2.0,0.001,0.03145554805311723,0.032455548053117234,31.362287020611262,1.5376084399200245
2024-07-26,0,1,0.9044322231334168,-0.0014537411892032726,1,0.0,0.0,-0.0014537411892032726,-0.0014537411892032726,31.316694372181786,1.535373155198046
2024-07-27,1,0,0.4492754901254345,0.006525726007755361,-1,2.0,0.001,-0.007525726007755361,0.006525726007755361,31.081013510868132,1.5453925797285313
2024-07-28,0,0,0.18777058585418255,-0.021037797689324123,-1,0.0,0.0,0.021037797689324123,-0.021037797689324123,31.734889585088926,1.5128809232856197
2024-07-29,0,0,0.10524701886715915,-0.009262185475442442,-1,0.0,0.0,0.009262185475442442,-0.009262185475442442,32.028824018468704,1.4988683395718898
2024-07-30,0,0,0.2419012630155553,-0.023893373992326827,-1,0.0,0.0,0.023893373992326827,-0.023893373992326827,32.7941006892764,1.4630553177692407
2024-07-31,1,0,0.040643508798386005,0.011424614182306447,-1,0.0,0.0,-0.011424614182306447,0.011424614182306447,32.419440741445705,1.479770160302126
2024-08-01,0,0,0.0652199356785378,-0.06032105869640059,-1,0.0,0.0,0.06032105869640059,-0.06032105869640059,34.37501572931494,1.3905088576053595
2024-08-02,0,0,0.12845752667436605,-0.011967302150066583,-1,0.0,0.0,0.011967302150066583,-0.011967302150066583,34.78639192896094,1.3738682179640522
2024-08-03,0,0,0.036176620651076505,-0.04223983565450573,-1,0.0,0.0,0.04223983565450573,-0.04223983565450573,36.25576340705347,1.315836250226302
2024-08-04,0,0,0.01407106951749732,-0.07098647891315102,-1,0.0,0.0,0.07098647891315102,-0.07098647891315102,38.82943239162846,1.2224296679964528
2024-08-05,1,1,0.8265943886064722,0.03783671505322772,1,2.0,0.001,0.03683671505322772,0.03783671505322772,40.25978112831745,1.2686823910170464
2024-08-06,0,0,0.47072610970915524,-0.017968550940289485,0,1.0,0.0005,-0.0005,-0.017968550940289485,40.23965123775329,1.2458860068470083
2024-08-07,1,1,0.998569971474545,0.12144256099404904,1,1.0,0.0005,0.12094256099404904,0.12144256099404904,45.10633771195453,1.3971895942251584
2024-08-08,0,0,0.4316438509027734,-0.013450358103773374,-1,2.0,0.001,0.012450358103773373,-0.013450358103773374,45.6679277692181,1.3783968938439641
2024-08-09,1,0,0.44489544344864473,0.001079157301276501,-1,0.0,0.0,-0.001079157301276501,0.001079157301276501,45.61864489153179,1.3798844009160127
2024-08-10,0,0,0.1477754132486097,-0.036529632368097475,-1,0.0,0.0,0.036529632368097475,-0.036529632368097475,47.28507721855023,1.3294777310400783
2024-08-11,1,0,0.3310267950843156,0.010814659848586317,-1,0.0,0.0,-0.010814659848586317,0.010814659848586317,46.77370519251747,1.343855580477547
2024-08-12,1,1,0.7821736544876949,0.021144992390795814,1,2.0,0.001,0.020144992390795813,0.021144992390795814,47.71596112771007,1.372271396501073
2024-08-13,0,0,0.04340610197644711,-0.0308911115194338,-1,2.0,0.001,0.0298911115194338,-0.0308911115194338,49.142244243035414,1.3298804077568294
2024-08-14,0,0,0.08419809139113231,-0.020041310813293967,-1,0.0,0.0,0.020041310813293967,-0.020041310813293967,50.12711923397289,1.3032278611604646
2024-08-15,1,1,0.8206178453956743,0.023175912946963972,1,2.0,0.001,0.02217591294696397,0.023175912946963972,51.23873386638756,1.3334313566207776
2024-08-16,1,1,0.9047196642904282,0.00993082725079053,1,0.0,0.0,0.00993082725079053,0.00993082725079053,51.74757688096389,1.3466734330741659
2024-08-17,0,0,0.3243342296039541,-0.016728732324455264,-1,2.0,0.001,0.015728732324455263,-0.016728732324455264,52.56150066616374,1.324145293683813
2024-08-18,1,0,0.43833553529055536,0.01726094125025579,-1,0.0,0.0,-0.01726094125025579,0.01726094125025579,51.65423969113981,1.347001287804892
2024-08-19,0,1,0.8463740227774129,-0.008079210921579816,1,2.0,0.001,-0.009079210921579817,-0.008079210921579816,51.18525995399011,1.3361185802890767
2024-08-20,1,1,0.7276066178933158,0.03664287570061453,1,0.0,0.0,0.03664287570061453,0.03664287570061453,53.060835072187814,1.3850778073478909
2024-08-21,0,0,0.26693008414404396,-0.012967304646127387,-1,2.0,0.001,0.011967304646127386,-0.012967304646127387,53.695830250274604,1.3671170814614206
2024-08-22,1,1,0.9822780236412606,0.061482671821355916,1,2.0,0.001,0.060482671821355916,0.061482671821355916,56.94349752947719,1.4511710923222831
2024-08-23,1,1,0.8235013671905823,0.0013205019089592707,1,0.0,0.0,0.0013205019089592707,0.0013205019089592707,57.01869152666768,1.4530873665199213
2024-08-24,1,1,0.8984254038275807,0.0024081210374646833,1,0.0,0.0,0.0024081210374646833,0.0024081210374646833,57.155999437261755,1.456586576776512
2024-08-25,0,0,0.18027312967305348,-0.022583597070127692,-1,2.0,0.001,0.02158359707012769,-0.022583597070127692,58.389631499256055,1.4236916124288346
2024-08-26,0,0,0.010698289288936963,-0.05369739018896724,-1,0.0,0.0,0.05369739018896724,-0.05369739018896724,61.52500232486162,1.3472430884074835
2024-08-27,0,0,0.1928266210002225,-0.00800797843742207,-1,0.0,0.0,0.00800797843742207,-0.00800797843742207,62.01769321684145,1.3364543948055505
2024-08-28,1,0,0.34028945528739896,0.006108236397788236,-1,0.0,0.0,-0.006108236397788236,0.006108236397788236,61.63887448582747,1.3446177741838858
2024-08-29,0,0,0.26198784121844054,-0.004524521990973862,-1,0.0,0.0,0.004524521990973862,-0.004524521990973862,61.91776092893748,1.3385340214951365
2024-08-30,0,0,0.31010683644122994,-0.002530098940268344,-1,0.0,0.0,0.002530098940268344,-0.002530098940268344,62.07441899024758,1.3351473979858386
2024-08-31,0,0,0.05857455714296974,-0.027885585694078285,-1,0.0,0.0,0.027885585694078285,-0.027885585694078285,63.80540052041025,1.2979160308050788
2024-09-01,1,1,0.9784174655391727,0.031172733823612075,1,2.0,0.001,0.030172733823612075,0.031172733823612075,65.73058388682155,1.3383756217587646
2024-09-02,0,0,0.0995013536423562,-0.02844504270361159,-1,2.0,0.001,0.02744504270361159,-0.02844504270361159,67.53456256852868,1.3003054700443637
2024-09-03,1,0,0.3035109275014994,0.00941156177702851,-1,0.0,0.0,-0.00941156177702851,0.00941156177702851,66.89895686083038,1.3125433753046942
2024-09-04,0,0,0.04459538394029871,-0.031240343288065575,-1,0.0,0.0,0.031240343288065575,-0.031240343288065575,68.9889032387762,1.2715390696796993
2024-09-05,0,0,0.011447360244160808,-0.03938239218868078,-1,0.0,0.0,0.03938239218868078,-0.03938239218868078,71.70585128279265,1.221462819354343
2024-09-06,1,0,0.09682286183105714,0.003539165966313096,-1,0.0,0.0,-0.003539165966313096,0.003539165966313096,71.45207237434708,1.2257857789937188
2024-09-07,1,0,0.328275673311476,0.012964221602682846,-1,0.0,0.0,-0.012964221602682846,0.012964221602682846,70.52575187411512,1.2416771374700106
2024-09-08,1,1,0.9833635098764235,0.039713831911113884,1,2.0,0.001,0.03871383191111388,0.039713831911113884,73.25607397757453,1.2909888945953676
2024-09-09,1,1,0.513816175519532,0.011034389872275785,0,1.0,0.0005,-0.0005,0.011034389872275785,73.21944594058574,1.3052341693791112
2024-09-10,0,0,0.2942316679255871,-0.005300015516934153,-1,1.0,0.0005,0.004800015516934153,-0.005300015516934153,73.57090041724187,1.2983164080281693
2024-09-11,1,1,0.9542897851863333,0.013669279499548104,1,2.0,0.001,0.012669279499548103,0.013669279499548104,74.50299071766133,1.3160634578883557
2024-09-12,1,1,0.9758808463510245,0.04205082955798245,1,0.0,0.0,0.04205082955798245,0.04205082955798245,77.63590328188965,1.371405018043508
2024-09-13,0,0,0.18580436813193923,-0.00934732588201681,-1,2.0,0.001,0.00834732588201681,-0.00934732588201681,78.28395546672833,1.3585860484236223
2024-09-14,0,0,0.23897380778708135,-0.013703582981947293,-1,0.0,0.0,0.013703582981947293,-0.013703582981947293,79.3567261466217,1.3399685517709332
2024-09-15,0,0,0.44976503930706296,-0.016733367188517922,-1,0.0,0.0,0.016733367188517922,-0.016733367188517922,80.68463138411178,1.3175463659730835
2024-09-16,1,1,0.9385500446039933,0.0363626062794542,1,2.0,0.001,0.0353626062794542,0.0363626062794542,83.53785023655102,1.3654557857338885
2024-09-17,1,1,0.8042035821906895,0.02223798894564699,1,0.0,0.0,0.02223798894564699,0.02223798894564699,85.39556402665455,1.3958207764028083
2024-09-18,1,1,0.9594457638493917,0.020937291974474137,1,0.0,0.0,0.020937291974474137,0.020937291974474137,87.18351588400552,1.4250454835423911
2024-09-19,1,0,0.4730343886789579,0.004012038411551844,0,1.0,0.0005,-0.0005,0.004012038411551844,87.13992412606352,1.4307628207605716
2024-09-20,1,1,0.8625658942825483,0.003194394254405042,1,1.0,0.0005,0.002694394254405042,0.003194394254405042,87.37471343695807,1.4353332412946256
2024-09-21,1,1,0.8373464143856347,0.004004601863112578,1,0.0,0.0,0.004004601863112578,0.004004601863112578,87.72461437717665,1.4410811794669014
2024-09-22,0,0,0.37798295433473866,-0.005010473135318549,-1,2.0,0.001,0.004010473135318549,-0.005010473135318549,88.0764315864425,1.4338606809313694
2024-09-23,1,1,0.5686968011853677,0.01535087678718594,1,2.0,0.001,0.01435087678718594,0.01535087678718594,89.34040560399454,1.4558716995743375
2024-09-24,0,0,0.123879974348193,-0.018021597802944433,-1,2.0,0.001,0.017021597802944433,-0.018021597802944433,90.86112205573765,1.4296345653519196
2024-09-25,1,1,0.9669298074743593,0.032273891570151925,1,2.0,0.001,0.031273891570151924,0.032273891570151925,93.70270293485115,1.4757744362990286
2024-09-26,1,1,0.9412516407880034,0.00935309904070647,1,0.0,0.0,0.00935309904070647,0.00935309904070647,94.5791135957827,1.4895775007634762
2024-09-27,1,0,0.25588926780525323,0.0014741358273548943,-1,2.0,0.001,-0.0024741358273548944,0.0014741358273548943,94.3451120223159,1.4917733403249733
2024-09-28,0,1,0.7769374324494634,-0.003829909793174213,1,2.0,0.001,-0.004829909793174213,-0.003829909793174213,93.8894336418212,1.4860599829996666
2024-09-29,0,0,0.028662597425162962,-0.035130555094979754,-1,2.0,0.001,0.03413055509497975,-0.035130555094979754,97.09393212956982,1.4338538708924522
2024-09-30,0,0,0.004559886415051262,-0.039357521968434894,-1,0.0,0.0,0.039357521968434894,-0.039357521968434894,100.91530869636111,1.377420935669277
2024-10-01,0,1,0.9226353805436855,-0.0033568819965540397,1,2.0,0.001,-0.00435688199655404,-0.0033568819965540397,100.47563260472523,1.3727970961286522
2024-10-02,1,1,0.501012202074196,0.0020882627636797935,0,1.0,0.0005,-0.0005,0.0020882627636797935,100.42539478842288,1.3756638571865853
2024-10-03,1,1,0.7955360090265992,0.021528753876634443,1,1.0,0.0005,0.021028753876634443,0.021528753876634443,102.53721569839247,1.4052801857849369
2024-10-04,1,0,0.27645131326526284,0.0003620681473552878,-1,2.0,0.001,-0.0013620681473552878,0.0003620681473552878,102.3975530229712,1.4057889929783192
2024-10-05,1,1,0.9558805721915309,0.011741093613744757,1,2.0,0.001,0.010741093613744757,0.011741093613744757,103.4974147258093,1.4222944931460495
2024-10-06,0,1,0.8014546062292032,-0.009269383518558882,1,0.0,0.0,-0.009269383518558882,-0.009269383518558882,102.53805749553644,1.4091107000127445
2024-10-07,0,1,0.71199653761283,-0.001682150134457161,1,0.0,0.0,-0.001682150134457161,-0.001682150134457161,102.36557308833335,1.406740364259253
2024-10-08,0,0,0.011017819868774967,-0.024944762232405493,-1,2.0,0.001,0.023944762232405492,-0.024944762232405493,104.8166923967174,1.3716495603500785
2024-10-09,0,0,0.059126660501083575,-0.005077433013489285,-1,0.0,0.0,0.005077433013489285,-0.005077433013489285,105.34889213105724,1.3646851015894188
2024-10-10,1,1,0.9824701965508698,0.036011743668549645,1,2.0,0.001,0.035011743668549644,0.036011743668549645,109.03734053811552,1.4138297916561455
2024-10-11,1,1,0.9122009986437576,0.011977460447594401,1,0.0,0.0,0.011977460447594401,0.011977460447594401,110.34333097172167,1.4307638820653377
2024-10-12,0,1,0.7640118707276203,-0.005406426515387475,1,0.0,0.0,-0.005406426515387475,-0.005406426515387475,109.74676786135998,1.423028562276081
2024-10-13,1,1,0.995878946337749,0.050830232433260125,1,0.0,0.0,0.050830232433260125,0.050830232433260125,115.32522158055195,1.4953614348557422
2024-10-14,1,1,0.8293465120959597,0.015064992457922477,1,0.0,0.0,0.015064992457922477,0.015064992457922477,117.0625951738712,1.5178890435937122
2024-10-15,1,1,0.9363922893959588,0.008526251733136592,1,0.0,0.0,0.008526251733136592,0.008526251733136592,118.06070032885789,1.5308309476823623
2024-10-16,0,0,0.3628421398299859,-0.0031485616380424464,-1,2.0,0.001,0.0021485616380424464,-0.0031485616380424464,118.31436102054491,1.5260110320861615
2024-10-17,1,1,0.90896050735563,0.015118035686984221,1,2.0,0.001,0.01411803568698422,0.015118035686984221,119.98472739171571,1.5490813213279717
2024-10-18,0,0,0.21071870479771052,-0.0008192879217548965,-1,2.0,0.001,-0.0001807120782451035,-0.0008192879217548965,119.96304470227108,1.5478121777115916
2024-10-19,1,1,0.9451753219853894,0.009346740674458287,1,2.0,0.001,0.008346740674458286,0.009346740674458287,120.96434512691937,1.5622791767494304
2024-10-20,0,0,0.09450244415965287,-0.023678423698328066,-1,2.0,0.001,0.022678423698328065,-0.023678423698328066,123.70762579809842,1.5252868684672822
2024-10-21,0,0,0.16967859249056802,-9.567341618454961e-05,-1,0.0,0.0,9.567341618454961e-05,-9.567341618454961e-05,123.71946132926661,1.5251409390619146
2024-10-22,0,0,0.10365011204145924,-0.01379441121005398,-1,0.0,0.0,0.01379441121005398,-0.01379441121005398,125.42609845352887,1.5041025177952068
2024-10-23,1,1,0.8471893453133803,0.02602442034118191,1,2.0,0.001,0.025024420341181908,0.02602442034118191,128.56481386298447,1.5432459139545394
2024-10-24,0,0,0.05849952265952681,-0.022280180844656217,-1,2.0,0.001,0.021280180844656216,-0.022280180844656217,131.30069635224834,1.5088621159038555
2024-10-25,1,1,0.8638794517572932,0.00558625096700216,1,2.0,0.001,0.00458625096700216,0.00558625096700216,131.9028742978619,1.5172909983578964
2024-10-26,1,1,0.9530188874214075,0.01364777618155344,1,0.0,0.0,0.01364777618155344,0.01364777618155344,133.7030552039827,1.5379986463057707
2024-10-27,1,1,0.9924778521391702,0.029125296867722028,1,0.0,0.0,0.029125296867722028,0.029125296867722028,137.59719637892013,1.5827933134615808
2024-10-28,1,1,0.9789687456264988,0.04023493905417541,1,0.0,0.0,0.04023493905417541,0.04023493905417541,143.13341118925138,1.6464769059640638
2024-10-29,0,0,0.4129592559181967,-0.005238593875544262,-1,2.0,0.001,0.004238593875544262,-0.005238593875544262,143.7400955893039,1.6378516821282554
2024-10-30,0,0,0.058128680063744005,-0.029366396164960396,-1,0.0,0.0,0.029366396164960396,-0.029366396164960396,147.9612241811687,1.5897538807714302
2024-10-31,0,0,0.08829509244566087,-0.010435331387529279,-1,0.0,0.0,0.010435331387529279,-0.010435331387529279,149.50524858800367,1.5731642722009695
2024-11-01,0,0,0.31460814376439106,-0.0027804900426771084,-1,0.0,0.0,0.0027804900426771084,-0.0027804900426771084,149.92094644303057,1.5687901046066193
2024-11-02,0,0,0.21175197424445585,-0.00791112711687536,-1,0.0,0.0,0.00791112711687536,-0.00791112711687536,151.10699010782363,1.55637920666938
2024-11-03,0,0,0.30807995753803513,-0.013523338185854272,-1,0.0,0.0,0.013523338185854272,-0.013523338185854272,153.15046103729824,1.5353317643121585
2024-11-04,1,1,0.8234959940397,0.02282879023690776,1,2.0,0.001,0.021828790236907758,0.02282879023690776,156.49355032596713,1.5703815311037022
2024-11-05,1,1,0.9755929135627587,0.09053568676993895,1,0.0,0.0,0.09053568676993895,0.09053568676993895,170.66180137979458,1.712557101513004
2024-11-06,1,1,0.7091515151768716,0.003513808689745934,1,0.0,0.0,0.003513808689745934,0.003513808689745934,171.2614743004906,1.7185746995379867
2024-11-07,1,1,0.6313223554964826,0.008439738809541852,1,0.0,0.0,0.008439738809541852,0.008439738809541852,172.70687641172378,1.7330790211267741
2024-11-08,1,1,0.9364389470183163,0.0030490452928257916,1,0.0,0.0,0.0030490452928257916,0.0030490452928257916,173.2334675002856,1.738363257558236
2024-11-09,1,1,0.9865049550038572,0.048129393514959595,1,0.0,0.0,0.048129393514959595,0.048129393514959595,181.5710892275678,1.8220296268532032
2024-11-10,1,1,0.9912807545837191,0.10223522760015435,1,0.0,0.0,0.10223522760015435,0.10223522760015435,200.13405086035613,2.008305240448765
2024-11-11,0,0,0.3359055778574291,-0.008406532091926988,-1,2.0,0.001,0.007406532091926988,-0.008406532091926988,201.6163501307407,1.9914223579945471
2024-11-12,1,1,0.8217063729055643,0.029882636380625716,1,2.0,0.001,0.028882636380625715,0.029882636380625716,207.43956185995583,2.0509313081987464
2024-11-13,0,0,0.20556205133452526,-0.03680261786927608,-1,2.0,0.001,0.03580261786927608,-0.03680261786927608,214.86644122419787,1.9754516669869735
2024-11-14,1,1,0.9325838727097433,0.04373133907381366,1,2.0,0.001,0.04273133907381366,0.04373133907381366,224.04797197973275,2.061840813659911
2024-11-15,0,1,0.6485985152504942,-0.005573223886622736,1,0.0,0.0,-0.005573223886622736,-0.005573223886622736,222.7993024705459,2.050349713186808
2024-11-16,0,0,0.2670885485991309,-0.007869224693816235,-1,2.0,0.001,0.006869224693816235,-0.007869224693816235,224.32976094084162,2.0342150505928394
2024-11-17,1,1,0.6543572588547013,0.007755383808848215,1,2.0,0.001,0.006755383808848215,0.007755383808848215,225.8451945757442,2.0499911690599224
2024-11-18,1,1,0.9642251667587682,0.019892819836786257,1,0.0,0.0,0.019892819836786257,0.019892819836786257,230.3378923424434,2.090771274053034
2024-11-19,1,1,0.9288502387670801,0.02161166598491282,1,0.0,0.0,0.02161166598491282,0.02161166598491282,235.31587793541712,2.135956324478719
2024-11-20,1,1,0.9736583700141269,0.044151545428309014,1,0.0,0.0,0.044151545428309014,0.044151545428309014,245.7054376100851,2.2302620971718254
2024-11-21,1,0,0.48776007743750427,0.005004201495724558,0,1.0,0.0005,-0.0005,0.005004201495724558,245.58258489128008,2.2414227780943503
2024-11-22,0,0,0.31730586799080085,-0.012327389984975179,-1,1.0,0.0005,0.011827389984975178,-0.012327389984975179,248.48718589630752,2.213791885387575
2024-11-23,1,0,0.4561501407345183,0.002419161787646784,0,1.0,0.0005,-0.0005,0.002419161787646784,248.36294230335938,2.219147406122507
2024-11-24,0,0,0.060448156728783446,-0.05011051933125821,-1,1.0,0.0005,0.04961051933125821,-0.05011051933125821,260.68435685366836,2.107944777129094
2024-11-25,0,0,0.34375950361759966,-0.011997304040733403,-1,0.0,0.0,0.011997304040733403,-0.011997304040733403,263.81186634150487,2.0826551227368
2024-11-26,1,1,0.9283793282793619,0.04323745271515378,1,2.0,0.001,0.04223745271515378,0.04323745271515378,274.9546075718007,2.1727038251281052
2024-11-27,0,1,0.9454749315286509,-0.0032310787967048116,1,0.0,0.0,-0.0032310787967048116,-0.0032310787967048116,274.06620756921916,2.1656836478672146
2024-11-28,1,1,0.9597037793901884,0.018912786163713058,1,0.0,0.0,0.018912786163713058,0.018912786163713058,279.2495631476756,2.2066427595975773
2024-11-29,0,0,0.20002132316357846,-0.010388394458550332,-1,2.0,0.001,0.009388394458550331,-0.010388394458550332,281.8712681988838,2.1837192841817736
2024-11-30,1,1,0.619681011068987,0.008613193542348574,1,2.0,0.001,0.007613193542348574,0.008613193542348574,284.0172087177092,2.20252808101859
2024-12-01,0,0,0.1297326221168992,-0.01454037255458307,-1,2.0,0.001,0.013540372554583069,-0.01454037255458307,287.86290753565976,2.170502502158649
2024-12-02,1,0,0.4319353196013539,0.0014276215513644441,-1,0.0,0.0,-0.0014276215513644441,0.0014276215513644441,287.4519482450234,2.173601158308021
2024-12-03,1,1,0.8981671678719096,0.02881567529768403,1,2.0,0.001,0.027815675297684028,0.02881567529768403,295.4476183010936,2.236234943512495
2024-12-04,0,0,0.4547205650431742,-0.022020788503929523,0,1.0,0.0005,-0.0005,-0.022020788503929523,295.29989449194306,2.1869912867763093
2024-12-05,1,0,0.36144985325101814,0.03444474217316973,-1,1.0,0.0005,-0.03494474217316973,0.03444474217316973,284.9807158151579,2.262321637784288
2024-12-06,1,0,0.4035556044502302,2.627082989481444e-05,-1,0.0,0.0,-2.627082989481444e-05,2.627082989481444e-05,284.9732291352494,2.2623810708512018
2024-12-07,1,1,0.7857920026867568,0.013136868131795154,1,2.0,0.001,0.012136868131795153,0.013136868131795154,288.4319116383558,2.2921016726428434
2024-12-08,0,0,0.015912208304726644,-0.03756861480096407,-1,2.0,0.001,0.03656861480096407,-0.03756861480096407,298.97946711136456,2.205990587818679
2024-12-09,0,1,0.7341767377935117,-0.007772430783165474,1,2.0,0.001,-0.008772430783165475,-0.007772430783165474,296.3566904305424,2.188844678666544
2024-12-10,1,1,0.9921774969673279,0.04652269534294651,1,0.0,0.0,0.04652269534294651,0.04652269534294651,310.14400245228643,2.290675632805177
2024-12-11,0,1,0.9215621459402553,-0.011169293200355757,1,0.0,0.0,-0.011169293200355757,-0.011169293200355757,306.679913154565,2.2650904050354654
2024-12-12,1,1,0.7197433010094414,0.014156490833941326,1,0.0,0.0,0.014156490833941326,0.014156490833941326,311.0214245340915,2.2971561365923985
2024-12-13,0,0,0.4753687849726281,-0.0008504799301751742,0,1.0,0.0005,-0.0005,-0.0008504799301751742,310.8659138218245,2.2952024514017477
2024-12-14,1,1,0.9980991862704457,0.02886101293644905,1,1.0,0.0005,0.028361012936449048,0.02886101293644905,319.6823860252263,2.3614443190434233
2024-12-15,1,1,0.8783455306465965,0.016596788984881483,1,0.0,0.0,0.016596788984881483,0.016596788984881483,324.9880871282704,2.400636712106134
2024-12-16,1,1,0.8900942073222635,0.001045771070669721,1,0.0,0.0,0.001045771070669721,0.001045771070669721,325.32795026810146,2.4031472285308424
2024-12-17,0,0,0.017015016617456722,-0.057462106019896764,-1,2.0,0.001,0.05646210601989676,-0.057462106019896764,343.69665148737465,2.265057327703582
2024-12-18,0,0,0.05083042582847834,-0.025495268879325628,-1,0.0,0.0,0.025495268879325628,-0.025495268879325628,352.45929002996917,2.2073090821066925
2024-12-19,1,0,0.10690632483720622,0.002717960528709318,-1,0.0,0.0,-0.002717960528709318,0.002717960528709318,351.5013195916908,2.21330846106652
2024-12-20,0,1,0.6171682095618101,-0.005433973434635808,1,2.0,0.001,-0.006433973434635808,-0.005433973434635808,349.2397694391984,2.20128140168643
2024-12-21,0,0,0.07251623231638944,-0.021802983021374844,-1,2.0,0.001,0.020802983021374843,-0.021802983021374844,356.5049984332309,2.1532869006601927
2024-12-22,0,0,0.28812052914216146,-0.004402456102765462,-1,0.0,0.0,0.004402456102765462,-0.004402456102765462,358.0744960392497,2.143807149603376
2024-12-23,1,1,0.9727643395908715,0.04213760595334648,1,2.0,0.001,0.04113760595334648,0.04213760595334648,372.8048235592555,2.2341420505133303
2024-12-24,1,1,0.5724875712277264,0.0063146152104343045,1,0.0,0.0,0.0063146152104343045,0.0063146152104343045,375.15894256862606,2.2482497978877727
2024-12-25,0,0,0.20990952827166406,-0.03528406928650052,-1,2.0,0.001,0.03428406928650052,-0.03528406928650052,388.0209177490991,2.1689223962457396
2024-12-26,0,0,0.44914403779002277,-0.017022260795415023,-1,0.0,0.0,0.017022260795415023,-0.017022260795415023,394.62591100510053,2.132002433571828
2024-12-27,1,1,0.9391468164762927,0.010609799867287384,1,2.0,0.001,0.009609799867287383,0.010609799867287384,398.41818703230547,2.154622552708595
2024-12-28,0,0,0.039259204455047665,-0.017167251608511402,-1,2.0,0.001,0.0161672516085114,-0.017167251608511402,404.8595141074637,2.1176336052248734
2024-12-29,0,0,0.39992472403926294,-0.00948373223930199,-1,0.0,0.0,0.00948373223930199,-0.00948373223930199,408.6990933337928,2.097550535131973
2024-12-30,1,1,0.9139180738193042,0.008484077565384274,1,2.0,0.001,0.007484077565384274,0.008484077565384274,411.75782904920516,2.115346316569346
2024-12-31,1,1,0.6921753466862512,0.010602195613021781,1,0.0,0.0,0.010602195613021781,0.010602195613021781,416.123366097978,2.1377736320068994
2025-01-01,1,1,0.7761855102899615,0.026129247147606893,1,0.0,0.0,0.026129247147606893,0.026129247147606893,426.9963563746462,2.193632047583245
2025-01-02,1,1,0.7546186590863788,0.012597729955682757,1,0.0,0.0,0.012597729955682757,0.012597729955682757,432.3755411643145,2.22126683174083
2025-01-03,1,0,0.19485333659613727,0.0013128146911018934,-1,2.0,0.001,-0.0023128146911018934,0.0013128146911018934,431.3755366606365,2.224182943470397
2025-01-04,1,0,0.3489422835546795,0.0008014800420892421,-1,0.0,0.0,-0.0008014800420892421,0.0008014800420892421,431.0297977773575,2.2259655817095436
2025-01-05,1,1,0.9289330812533952,0.03827621924594227,1,2.0,0.001,0.037276219245942266,0.03827621924594227,447.09695902084036,2.3111671283489796
2025-01-06,0,0,0.08373263075923666,-0.05050430525956884,-1,2.0,0.001,0.04950430525956884,-0.05050430525956884,469.23018336083305,2.1944432381929615
2025-01-07,0,0,0.07197725882579177,-0.019388436629511285,-1,0.0,0.0,0.019388436629511285,-0.019388436629511285,478.3278230355786,2.1518964145321977
2025-01-08,0,0,0.054077176646423766,-0.026929603222076492,-1,0.0,0.0,0.026929603222076492,-0.026929603222076492,491.2090015200064,2.093946697913837
2025-01-09,1,1,0.8568955669832151,0.023976181025154863,1,2.0,0.001,0.022976181025154863,0.023976181025154863,502.49510846011555,2.1441515430000444
2025-01-10,0,0,0.24647610506985407,-0.001424047578467369,-1,2.0,0.001,0.00042404757846736894,-0.001424047578467369,502.70819029404976,2.141098169187368
2025-01-11,0,0,0.4556193234669257,-0.0008264678561502592,0,1.0,0.0005,-0.0005,-0.0008264678561502592,502.45683619890275,2.1393286203736723
2025-01-12,1,0,0.0794438096073324,0.00029724205673309356,-1,1.0,0.0005,-0.0007972420567330936,0.00029724205673309356,502.05625647739197,2.1399645188128202
2025-01-13,1,1,0.9692411148149741,0.021345722040169157,1,2.0,0.001,0.020345722040169156,0.021345722040169157,512.2709535202089,2.185643606607223
2025-01-14,1,1,0.9720945412614852,0.041129999632577796,1,0.0,0.0,0.041129999632577796,0.041129999632577796,533.3406576502754,2.275539127343924
2025-01-15,0,0,0.4415298440829298,-0.0074383335632930425,-1,2.0,0.001,0.0064383335632930425,-0.0074383335632930425,536.774482707094,2.258612908278415
2025-01-16,1,1,0.9903712469362629,0.04716598568833419,1,2.0,0.001,0.04616598568833419,0.04716598568833419,561.5552057936127,2.3651426123857617
2025-01-17,0,0,0.47836386816289406,-0.000516635042589142,0,1.0,0.0005,-0.0005,-0.000516635042589142,561.2744281907159,2.3639206968314825
2025-01-18,0,1,0.52772633841977,-0.03178356737719257,0,0.0,0.0,-0.0,-0.03178356737719257,561.2744281907159,2.288786864089399
2025-01-19,1,1,0.5612401683796253,0.009170622908047932,1,1.0,0.0005,0.008670622908047931,0.009170622908047932,566.1410271054879,2.3097764653368564
2025-01-20,1,1,0.8511810256008854,0.040479676535688514,1,0.0,0.0,0.040479676535688514,0.040479676535688514,589.0582327563005,2.403275469523438
2025-01-21,0,1,0.6030565562875341,-0.023488299826845638,1,0.0,0.0,-0.023488299826845638,-0.023488299826845638,575.2222563698488,2.3468266147287684
2025-01-22,1,0,0.3647105005113396,0.002962783076025932,-1,2.0,0.001,-0.003962783076025932,0.002962783076025932,572.9427753473528,2.353779752905254
2025-01-23,1,1,0.9090028808720382,0.008265785680243276,1,2.0,0.001,0.007265785680243276,0.008265785680243276,577.1056547600705,2.3732355918812647
2025-01-24,0,1,0.8296081629816013,-0.0010001569662844156,1,0.0,0.0,-0.0010001569662844156,-0.0010001569662844156,576.52845851918,2.3708619837714107
2025-01-25,0,0,0.05631829883901115,-0.019406534499448846,-1,2.0,0.001,0.018406534499448846,-0.019406534499448846,587.1403494808274,2.324851768889919
2025-01-26,0,0,0.04173083869601953,-0.005792734886665207,-1,0.0,0.0,0.005792734886665207,-0.005792734886665207,590.5414978666338,2.3113845189419453
2025-01-27,0,0,0.31034448826088307,-0.007397669160641884,-1,0.0,0.0,0.007397669160641884,-0.007397669160641884,594.910128493481,2.2942856609677835
2025-01-28,1,1,0.9073070853835767,0.023395602825692086,1,2.0,0.001,0.022395602825692085,0.023395602825692086,608.2334994482023,2.3479618570604663
2025-01-29,1,1,0.9389912090365942,0.009952379879751394,1,0.0,0.0,0.009952379879751394,0.009952379879751394,614.2868702903014,2.371329665405099
2025-01-30,0,0,0.4726525234751876,-0.022249243050878498,0,1.0,0.0005,-0.0005,-0.022249243050878498,613.9797268551563,2.3185693753257426
2025-01-31,0,0,0.013699585242106209,-0.017080384621634526,-1,1.0,0.0005,0.016580384621634525,-0.017080384621634526,624.1597468763009,2.278967318623236
2025-02-01,0,0,0.029041064948607104,-0.02947596219670423,-1,0.0,0.0,0.02947596219670423,-0.02947596219670423,642.5574559799312,2.211792564091973
2025-02-02,1,0,0.22184335405493696,0.03804365081173988,-1,0.0,0.0,-0.03804365081173988,0.03804365081173988,618.1122244981508,2.295937228068291
2025-02-03,0,0,0.47989192686792237,-0.034846278405663456,0,1.0,0.0005,-0.0005,-0.034846278405663456,617.8031683859017,2.2159323602170957
2025-02-04,0,1,0.7477567197962246,-0.012836943218062724,1,1.0,0.0005,-0.013336943218062725,-0.012836943218062724,609.5635626091996,2.187486562333921
2025-02-05,0,1,0.9217129595984428,-0.00022924323774897726,1,0.0,0.0,-0.00022924323774897726,-0.00022924323774897726,609.4238242844933,2.1869850958318393
2025-02-06,0,0,0.31735882625324446,-0.0006647556256734743,-1,2.0,0.001,-0.00033524437432652567,-0.0006647556256734743,609.2195183758214,2.185531285186121
2025-02-07,0,0,0.29157783085272493,-0.00048309597099249757,-1,0.0,0.0,0.00048309597099249757,-0.00048309597099249757,609.5138298705988,2.1844754638277695
2025-02-08,1,0,0.13121949787307688,0.00018283765004545316,-1,0.0,0.0,-0.00018283765004545316,0.00018283765004545316,609.402387794275,2.1848748681881576
2025-02-09,1,1,0.522155110400875,0.009714611676219231,0,1.0,0.0005,-0.0005,0.009714611676219231,609.0976866003779,2.206100079093736
2025-02-10,0,1,0.8760120413102669,-0.017345724709743937,1,1.0,0.0005,-0.017845724709743938,-0.017345724709743937,598.2278969639657,2.167833674439632
2025-02-11,1,1,0.8045496944672226,0.02233406885677658,1,0.0,0.0,0.02233406885677658,0.02233406885677658,611.5887600068036,2.216250220994606
2025-02-12,0,1,0.5334874473551496,-0.012892487184132717,0,1.0,0.0005,-0.0005,-0.012892487184132717,611.2829656268002,2.1876772434236016
2025-02-13,1,1,0.8536216630239349,0.009160278803397981,1,1.0,0.0005,0.00866027880339798,0.009160278803397981,616.5768465368963,2.207716976905211
2025-02-14,1,1,0.5698520717069258,0.0007320640697474623,1,0.0,0.0,0.0007320640697474623,0.0007320640697474623,617.0282202924841,2.2093331671801746
2025-02-15,0,1,0.5232658538439708,-0.014401672980240199,0,1.0,0.0005,-0.0005,-0.014401672980240199,616.7197061823379,2.177515073402047
2025-02-16,0,1,0.7893825833907262,-0.004176223623530095,1,1.0,0.0005,-0.004676223623530096,-0.004176223623530095,613.8357869231914,2.1684212835119125
2025-02-17,0,0,0.33561950925353595,-0.0024415545387781457,-1,2.0,0.001,0.0014415545387781456,-0.0024415545387781457,614.7206646878951,2.163126964685171
2025-02-18,1,1,0.8958168607798777,0.011472343504350446,1,2.0,0.001,0.010472343504350445,0.011472343504350446,621.1582306477293,2.187943100267562
2025-02-19,1,1,0.8451077064339475,0.017574558032842136,1,0.0,0.0,0.017574558032842136,0.017574558032842136,632.0748120198253,2.226395233255771
2025-02-20,0,0,0.49287744014701623,-0.02245807176184722,0,1.0,0.0005,-0.0005,-0.02245807176184722,631.7587746138155,2.1763946893370782
2025-02-21,1,1,0.8505721247742024,0.0047043783073406065,1,1.0,0.0005,0.004204378307340606,0.0047043783073406065,634.414927501274,2.186633273301807
2025-02-22,0,0,0.053586453481189796,-0.0031460239332733453,-1,2.0,0.001,0.0021460239332733453,-0.0031460239332733453,635.7763971193176,2.1797540726907076
2025-02-23,0,0,0.033842118670287746,-0.05043681513571874,-1,0.0,0.0,0.05043681513571874,-0.05043681513571874,667.842933728478,2.0698142194850764
2025-02-24,0,0,0.043688247470219294,-0.029337712021491935,-1,0.0,0.0,0.029337712021491935,-0.029337712021491935,687.4359173937924,2.009090605975834
2025-02-25,0,0,0.018220341381693334,-0.04946290046952739,-1,0.0,0.0,0.04946290046952739,-0.04946290046952739,721.4384917550199,1.9097151572981887
2025-02-26,1,1,0.6120955786609604,0.004234922709094535,1,2.0,0.001,0.003234922709094535,0.004234922709094535,723.7722895152132,1.9178026533857329
2025-02-27,0,0,0.050093102681994524,-0.003910297790814532,-1,2.0,0.001,0.002910297790814532,-0.003910297790814532,725.8786824104421,1.9103034739069804
2025-02-28,1,1,0.9271086134483927,0.019661575342751147,1,2.0,0.001,0.018661575342751147,0.019661575342751147,739.4247221319415,1.9478630495867217
2025-03-01,1,1,0.9819996155593923,0.09550452979612856,1,0.0,0.0,0.09550452979612856,0.09550452979612856,810.0431325387856,2.1338927942447548
2025-03-02,0,0,0.06927712699616692,-0.08682040111941614,-1,2.0,0.001,0.08582040111941613,-0.08682040111941614,879.5613590972926,1.9486273659025934
2025-03-03,1,1,0.515444971812665,0.013437685575495406,0,1.0,0.0005,-0.0005,0.013437685575495406,879.121578417744,1.9748124077493983
2025-03-04,1,1,0.5633734368285339,0.03899657851208138,1,1.0,0.0005,0.03849657851208138,0.03899657851208138,912.9647512829677,2.0518233348548303
2025-03-05,0,1,0.8618453076307176,-0.007303133084179958,1,0.0,0.0,-0.007303133084179958,-0.007303133084179958,906.2972482031829,2.0368385959751594
2025-03-06,0,0,0.21491275247654898,-0.0357824911826653,-1,2.0,0.001,0.0347824911826653,-0.0357824911826653,937.8205242476839,1.9639554368741658
2025-03-07,0,0,0.31700959077323815,-0.006779571257010009,-1,0.0,0.0,0.006779571257010009,-0.006779571257010009,944.1785453181076,1.9506406610442852
2025-03-08,0,0,0.014496579726782323,-0.0644603432710168,-1,0.0,0.0,0.0644603432710168,-0.0644603432710168,1005.0406184584422,1.8249016944349674
2025-03-09,0,1,0.6690968654730062,-0.02567012890361897,1,2.0,0.001,-0.026670128903618973,-0.02567012890361897,978.2360556107826,1.7780562327023892
2025-03-10,1,1,0.6611066398469534,0.05513944554449135,1,0.0,0.0,0.05513944554449135,0.05513944554449135,1032.1754493287913,1.876097267520526
2025-03-11,1,0,0.2834578722197747,0.010380466895202334,-1,2.0,0.001,-0.011380466895202335,0.010380466895202334,1020.4288107976644,1.8955720330982024
2025-03-12,0,0,0.23806712172577715,-0.0317197970748182,-1,0.0,0.0,0.0317197970748182,-0.0317197970748182,1052.7966056054643,1.835444872867627
2025-03-13,1,1,0.800170625446536,0.03580259620308812,1,2.0,0.001,0.03480259620308812,0.03580259620308812,1089.4366607543332,1.901158564503935
2025-03-14,1,1,0.9398248043535912,0.004454112352525463,1,0.0,0.0,0.004454112352525463,0.004454112352525463,1094.2891340422932,1.9096265383502016
2025-03-15,0,0,0.48046969810324613,-0.020907717157540473,0,1.0,0.0005,-0.0005,-0.020907717157540473,1093.741989475272,1.8697006068098425
2025-03-16,1,0,0.1284779404397599,0.018115835083536647,-1,1.0,0.0005,-0.018615835083536647,0.018115835083536647,1073.381068975261,1.903571794658398
2025-03-17,0,0,0.40403644068172406,-0.016142449028442418,-1,0.0,0.0,0.016142449028442418,-0.016142449028442418,1090.7080681692892,1.8728434839911443
2025-03-18,1,1,0.9876870701924607,0.049997601050550955,1,2.0,0.001,0.048997601050550954,0.049997601050550955,1144.1501469560653,1.9664811653338574
2025-03-19,0,1,0.7945048453810651,-0.030937253791171848,1,0.0,0.0,-0.030937253791171848,-0.030937253791171848,1108.753283484479,1.9056436384463644
2025-03-20,0,1,0.7478141099636219,-0.0014727011460912154,1,0.0,0.0,-0.0014727011460912154,-0.0014727011460912154,1107.120421253159,1.902837194875983
2025-03-21,0,0,0.019618335767144786,-0.0025077306278807887,-1,2.0,0.001,0.0015077306278807887,-0.0025077306278807887,1108.7896606210347,1.8980653917625216
2025-03-22,1,1,0.9791411725913239,0.026503933905394295,1,2.0,0.001,0.025503933905394294,0.026503933905394295,1137.0681588404982,1.948371591453912
2025-03-23,1,1,0.7592963637865432,0.016786352378946434,1,0.0,0.0,0.016786352378946434,0.016786352378946434,1156.1553856336745,1.981077643553186
2025-03-24,0,0,0.3881517423503725,-0.0003109860024155253,-1,2.0,0.001,-0.0006890139975844747,-0.0003109860024155253,1155.3587783895903,1.9804615561363428
2025-03-25,0,0,0.06400516265355431,-0.00652577110204744,-1,0.0,0.0,0.00652577110204744,-0.00652577110204744,1162.8983853181019,1.9675375173445924
2025-03-26,1,0,0.10808361271750991,0.003178549412391707,-1,0.0,0.0,-0.003178549412391707,0.003178549412391707,1159.2020553387777,1.9737914325642067
2025-03-27,0,0,0.18882244107549068,-0.032393289916566204,-1,0.0,0.0,0.032393289916566204,-0.032393289916566204,1196.752423589246,1.9098538344543199
2025-03-28,0,0,0.07326378433477225,-0.020812056603918605,-1,0.0,0.0,0.020812056603918605,-0.020812056603918605,1221.6593027698623,1.8701058483464457
2025-03-29,0,0,0.205087967286889,-0.0031848691098436133,-1,0.0,0.0,0.0031848691098436133,-0.0031848691098436133,1225.5501277460073,1.8641498059979091
2025-03-30,1,1,0.8221559993952243,0.0026038970780313253,1,2.0,0.001,0.0016038970780313253,0.0026038970780313253,1227.5157840148802,1.8690038602307597
2025-03-31,1,1,0.8527226732333575,0.0317418810684309,1,0.0,0.0,0.0317418810684309,0.0317418810684309,1266.4794440407022,1.9283295584786426
2025-04-01,0,1,0.7700407638243749,-0.031507420800550134,1,0.0,0.0,-0.031507420800550134,-0.031507420800550134,1226.575943262065,1.867572867637517
2025-04-02,1,1,0.88929723244472,0.007481504135517403,1,0.0,0.0,0.007481504135517403,0.007481504135517403,1235.7525762541063,1.8815451217701271
2025-04-03,1,0,0.23282234161882986,0.008916382019940938,-1,2.0,0.001,-0.00991638201994094,0.008916382019940938,1223.4983816258443,1.8983216968635859
2025-04-04,0,0,0.3000531648060241,-0.004043325726492686,-1,0.0,0.0,0.004043325726492686,-0.004043325726492686,1228.4453841085942,1.890646163909498
2025-04-05,0,0,0.02284214036777363,-0.06335339642726368,-1,0.0,0.0,0.06335339642726368,-0.06335339642726368,1306.2715715172683,1.7708673079836543
2025-04-06,1,0,0.2837512916425708,0.013051950296130821,-1,0.0,0.0,-0.013051950296130821,0.013051950296130821,1289.2221798925762,1.7939805800685
2025-04-07,0,0,0.4642254514841172,-0.03739976334343409,0,1.0,0.0005,-0.0005,-0.03739976334343409,1288.57756880263,1.7268861309312216
2025-04-08,1,0,0.24233032285865155,0.0826253916648998,-1,1.0,0.0005,-0.0831253916648998,0.0826253916648998,1181.464053705307,1.869570773860097
2025-04-09,0,0,0.253151486276359,-0.0356990599146636,-1,0.0,0.0,0.0356990599146636,-0.0356990599146636,1223.641209745554,1.8028288547893614
2025-04-10,1,1,0.9719458148099499,0.04745546227457886,1,2.0,0.001,0.04645546227457886,0.04745546227457886,1280.486027802509,1.8883829314953402
2025-04-11,1,1,0.9933941629860744,0.022567917271733462,1,0.0,0.0,0.022567917271733462,0.022567917271733462,1309.3839305455665,1.9309998012706806
2025-04-12,0,1,0.8604014673933842,-0.01878516957885823,1,0.0,0.0,-0.01878516957885823,-0.01878516957885823,1284.7869313664362,1.8947256425470693
2025-04-13,1,1,0.823771294360958,0.010245734631468162,1,0.0,0.0,0.010245734631468162,0.010245734631468162,1297.950517323195,1.9141384986800445
2025-04-14,0,1,0.7345682973580957,-0.01033089354397465,1,0.0,0.0,-0.01033089354397465,-0.01033089354397465,1284.5415287033823,1.8943637376217575
2025-04-15,1,0,0.36465365241998954,0.004360934564412222,-1,2.0,0.001,-0.005360934564412222,0.004360934564412222,1277.6551856227334,1.9026249339227213
2025-04-16,1,1,0.8635668967008856,0.01025637449930672,1,2.0,0.001,0.009256374499306719,0.01025637449930672,1289.4816405018387,1.9221389677767513
2025-04-17,0,0,0.33218431077375404,-0.005241078764249063,-1,2.0,0.001,0.004241078764249063,-0.005241078764249063,1294.9504337042601,1.912064886050801
2025-04-18,1,1,0.7396207503980969,0.007254038339443714,1,2.0,0.001,0.0062540383394437135,0.007254038339443714,1303.049103364326,1.9259350780417175
2025-04-19,1,0,0.2701191594664112,0.0013036230231544543,-1,2.0,0.001,-0.0023036230231544544,0.0013036230231544543,1300.0473694495151,1.9284457713505534
2025-04-20,1,1,0.9895236495670201,0.027527099529631727,1,2.0,0.001,0.026527099529631726,0.027527099529631727,1334.5338554121386,1.9815302900360174
2025-04-21,1,1,0.9990189919107262,0.06767662701452015,1,0.0,0.0,0.06767662701452015,0.06767662701452015,1424.8506053831154,2.1156335763927587
2025-04-22,1,0,0.3220880417194573,0.0027527134594511615,-1,2.0,0.001,-0.0037527134594511615,0.0027527134594511615,1419.5035493385872,2.121457309413762
2025-04-23,1,1,0.9118504273014958,0.0026114175645013393,1,2.0,0.001,0.0016114175645013393,0.0026114175645013393,1421.7909622908635,2.126997320293905
2025-04-24,1,0,0.20545915073360663,0.008267742531563593,-1,2.0,0.001,-0.009267742531563594,0.008267742531563593,1408.6141697186476,2.144582786503421
2025-04-25,0,0,0.29795227859317197,-0.0007767095032226168,-1,0.0,0.0,0.0007767095032226168,-0.0007767095032226168,1409.708253730642,2.142917068672696
2025-04-26,0,1,0.6767026867081873,-0.00942540809771053,1,2.0,0.001,-0.010425408097710531,-0.00942540809771053,1395.0114698867892,2.1227192007809066
2025-04-27,1,1,0.7012718365135667,0.013054325526514532,1,0.0,0.0,0.013054325526514532,0.013054325526514532,1413.222403727913,2.1504298682292835
2025-04-28,0,1,0.7755164081018086,-0.007306486319308303,1,0.0,0.0,-0.007306486319308303,-0.007306486319308303,1402.896713568935,2.1347177818164345
2025-04-29,0,1,0.7244881303862697,-0.0008217291810309613,1,0.0,0.0,-0.0008217291810309613,-0.0008217291810309613,1401.743912401423,2.13296362192185
2025-04-30,1,1,0.9857136062267162,0.02425526614507767,1,0.0,0.0,0.02425526614507767,0.02425526614507767,1435.7435840639619,2.1846992222493333
2025-05-01,1,0,0.18135183041577635,0.0043291974532626565,-1,2.0,0.001,-0.0053291974532626565,0.0043291974532626565,1428.09222301223,2.19415721655844
2025-05-02,0,0,0.06311933597225697,-0.010507405827035687,-1,0.0,0.0,0.010507405827035687,-0.010507405827035687,1443.0977675578529,2.1711023162357415
2025-05-03,0,0,0.15237267959274275,-0.016433317174712747,-1,0.0,0.0,0.016433317174712747,-0.016433317174712747,1466.812650886251,2.135423903254286
2025-05-04,1,1,0.8292056669299671,0.0045811763897039,1,2.0,0.001,0.0035811763897039004,0.0045811763897039,1472.065565719724,2.145206656821884
2025-05-05,1,1,0.6554173038333457,0.02168299794413664,1,0.0,0.0,0.02168299794413664,0.02168299794413664,1503.984360354859,2.191721168351501
2025-05-06,1,0,0.3710570919023531,0.0023743581586117557,-1,2.0,0.001,-0.0033743581586117557,0.0023743581586117557,1498.9093784580712,2.1969250993889786
2025-05-07,1,1,0.9976864234965381,0.06399043746457878,1,2.0,0.001,0.06299043746457877,0.06399043746457878,1593.3263359269051,2.3375072975757925
2025-05-08,0,0,0.2634966815143432,-0.002621130818400763,-1,2.0,0.001,0.001621130818400763,-0.002621130818400763,1595.909326353846,2.3313803851598798
2025-05-09,1,1,0.9176091219996184,0.016756941758927724,1,2.0,0.001,0.015756941758927723,0.016756941758927724,1621.0559766617332,2.37044719049191
2025-05-10,0,0,0.11426014952847849,-0.005635047193781384,-1,2.0,0.001,0.004635047193781384,-0.005635047193781384,1628.5696476173218,2.357089608703122
2025-05-11,0,0,0.17426122977372244,-0.01242389281274392,-1,0.0,0.0,0.01242389281274392,-0.01242389281274392,1648.8028223574074,2.3278053800545617
2025-05-12,1,1,0.5323467210813427,0.013197358248725033,0,1.0,0.0005,-0.0005,0.013197358248725033,1647.9784209462289,2.3585262615884512
2025-05-13,0,0,0.26825564393489454,-0.006051642240404331,-1,1.0,0.0005,0.005551642240404331,-0.006051642240404331,1657.1274075592287,2.3442533044387197
2025-05-14,1,1,0.5522996809369902,0.00198211052629782,1,2.0,0.001,0.00098211052629782,0.00198211052629782,1658.7548898296095,2.348899873589756
2025-05-15,0,1,0.5320653235650288,-0.0024613470244020386,0,1.0,0.0005,-0.0005,-0.0024613470244020386,1657.9255123846947,2.3431184158752774
2025-05-16,0,0,0.3999255438137529,-0.0028814878109744146,-1,1.0,0.0005,0.0023814878109744146,-0.0028814878109744146,1661.8738417839425,2.336366748720263
2025-05-17,1,1,0.9774227577037041,0.03154266519659865,1,2.0,0.001,0.03054266519659865,0.03154266519659865,1712.6318981325348,2.410061982851612
2025-05-18,0,0,0.22332127295940193,-0.007889709931436006,-1,2.0,0.001,0.006889709931436006,-0.007889709931436006,1724.4314351299927,2.391047292890131
2025-05-19,1,1,0.9703137367530812,0.011220046530480143,1,2.0,0.001,0.010220046530480142,0.011220046530480143,1742.055204635644,2.417874954772937
2025-05-20,1,1,0.922493344544613,0.027034018449719976,1,0.0,0.0,0.027034018449719976,0.027034018449719976,1789.1499571781947,2.4832398309093846
2025-05-21,1,1,0.9308027947311367,0.018191448638679386,1,0.0,0.0,0.018191448638679386,0.018191448638679386,1821.6971867310972,2.5284135607508955
2025-05-22,0,0,0.12075610086921851,-0.03927066820202352,-1,2.0,0.001,0.03827066820202352,-0.03927066820202352,1891.4147553290427,2.4291210707291504
2025-05-23,1,0,0.06502557345225987,0.004691674073487251,-1,0.0,0.0,-0.004691674073487251,0.004691674073487251,1882.540853759254,2.440517715078052
2025-05-24,1,0,0.11816333755511171,0.011543009819045436,-1,0.0,0.0,-0.011543009819045436,0.011543009819045436,1860.8106661995569,2.4686886350267523
2025-05-25,1,1,0.8589232941997763,0.003714175371671846,1,2.0,0.001,0.002714175371671846,0.003714175371671846,1865.8612326811,2.477857777555295
2025-05-26,0,0,0.24883462954080088,-0.004072780217708405,-1,2.0,0.001,0.003072780217708405,-0.004072780217708405,1871.5946141658717,2.467766007416573
2025-05-27,0,0,0.3077666665337626,-0.010939184653144474,-1,0.0,0.0,0.010939184653144474,-0.010939184653144474,1892.0683332460626,2.4407706593806897
2025-05-28,0,0,0.15542158594679345,-0.020041963379443528,-1,0.0,0.0,0.020041963379443528,-0.020041963379443528,1929.9890974923849,2.3918528232077616
2025-05-29,0,0,0.1832260833668627,-0.015554336978341854,-1,0.0,0.0,0.015554336978341854,-0.015554336978341854,1960.0087982793075,2.3546491383929897
2025-05-30,1,0,0.32194965213818033,0.006149348357177731,-1,0.0,0.0,-0.006149348357177731,0.006149348357177731,1947.9560213955547,2.3691286962038967
2025-05-31,1,1,0.8481875667199831,0.009690618169351017,1,2.0,0.001,0.008690618169351016,0.009690618169351017,1964.8849633881914,2.392087017792861
2025-06-01,1,0,0.43217960077992756,0.0021715582000447764,-1,2.0,0.001,-0.0031715582000447764,0.0021715582000447764,1958.653216370413,2.39728157397157
2025-06-02,0,1,0.8546924412132914,-0.004241178746647534,1,2.0,0.001,-0.005241178746647534,-0.004241178746647534,1948.3875647607197,2.3871142743103118
2025-06-03,0,0,0.4986319618981782,-0.0066439151364365845,0,1.0,0.0005,-0.0005,-0.0066439151364365845,1947.4133709783393,2.3712544896508176
2025-06-04,0,0,0.021426654003772947,-0.030134359325224014,-1,1.0,0.0005,0.029634359325224013,-0.030134359325224014,2005.123718568657,2.2997982548081293
2025-06-05,1,1,0.5196001872168566,0.027707252931573167,0,1.0,0.0005,-0.0005,0.027707252931573167,2004.1211567093728,2.3635193467456888
2025-06-06,1,1,0.9951334632841123,0.011737496074678777,1,1.0,0.0005,0.011237496074678777,0.011737496074678777,2026.642460341075,2.3912611458005437
2025-06-07,1,1,0.9639942007301218,0.0016855786016509722,1,0.0,0.0,0.0016855786016509722,0.0016855786016509722,2030.0585255054232,2.3952918044188647
2025-06-08,1,1,0.9979682403593256,0.04253991795791734,1,0.0,0.0,0.04253991795791734,0.04253991795791734,2116.4170486301946,2.497187321264115
2025-06-09,0,0,0.4325147727163885,-0.0003342625487465778,-1,2.0,0.001,-0.0006657374512534222,-0.0003342625487465778,2115.0080705384503,2.496352605065412
2025-06-10,0,0,0.13300095659757197,-0.014244955298426398,-1,0.0,0.0,0.014244955298426398,-0.014244955298426398,2145.1362659590814,2.4607921737971448
2025-06-11,0,0,0.062215311384811,-0.025371753999169577,-1,0.0,0.0,0.025371753999169577,-0.025371753999169577,2199.5621355936923,2.398357560120482
2025-06-12,1,1,0.8315533863415382,0.0015285141831733462,1,2.0,0.001,0.0005285141831733462,0.0015285141831733462,2200.7246353791247,2.4020234836674472
2025-06-13,0,0,0.4173327281033468,-0.0058304915798971235,-1,2.0,0.001,0.0048304915798971235,-0.0058304915798971235,2211.355217199996,2.388018505971209
2025-06-14,1,1,0.7320423676233697,0.0007548627203146641,1,2.0,0.001,-0.00024513727968533596,0.0007548627203146641,2210.8131315976334,2.389821132116788
2025-06-15,1,1,0.9046485047077377,0.011792615001237072,1,0.0,0.0,0.011792615001237072,0.011792615001237072,2236.8843996982437,2.418003372649662
2025-06-16,0,0,0.40553185714623097,-0.020559056941174436,-1,2.0,0.001,0.019559056941174435,-0.020559056941174436,2280.6357490427667,2.3682915036274057
2025-06-17,1,0,0.4790859582513981,0.0026979724986506692,0,1.0,0.0005,-0.0005,0.0026979724986506692,2279.4954311682454,2.3746810889729804
2025-06-18,0,0,0.28562297289260097,-0.0018977187896134229,-1,1.0,0.0005,0.0013977187896134229,-0.0018977187896134229,2282.6815247632276,2.3701746120510965
2025-06-19,0,0,0.19040751926072813,-0.013131746055793259,-1,0.0,0.0,0.013131746055793259,-0.013131746055793259,2312.657118872669,2.3390500809377532
2025-06-20,0,0,0.14253463879521588,-0.010184874363913243,-1,0.0,0.0,0.010184874363913243,-0.010184874363913243,2336.2112410751965,2.315227149732501
2025-06-21,0,1,0.7632687806997801,-0.012422235919953284,1,2.0,0.001,-0.013422235919953285,-0.012422235919953284,2304.8540626386384,2.286466851870243
2025-06-22,1,1,0.9136719764335142,0.04545759771084712,1,0.0,0.0,0.04545759771084712,0.04545759771084712,2409.6271914002773,2.390404142201748
2025-06-23,1,1,0.5236736983282889,0.004431419225533917,0,1.0,0.0005,-0.0005,0.004431419225533917,2408.422377804577,2.4009970250742967
2025-06-24,1,1,0.9466168758856903,0.012406215749838134,1,1.0,0.0005,0.011906215749838134,0.012406215749838134,2437.0975742514565,2.430784312182088
2025-06-25,0,1,0.51127165849959,-0.003737454466123835,0,1.0,0.0005,-0.0005,-0.003737454466123835,2435.879025464331,2.421699366498339
2025-06-26,1,1,0.8928195673372151,0.0012007263229245613,1,1.0,0.0005,0.0007007263229245613,0.0012007263229245613,2437.5859100169337,2.4246071646739034
2025-06-27,1,1,0.9462031199800555,0.002234353778444831,1,0.0,0.0,0.002234353778444831,0.002234353778444831,2443.032339305264,2.430024594853537
2025-06-28,1,1,0.9540398210722724,0.009856422495764683,1,0.0,0.0,0.009856422495764683,0.009856422495764683,2467.111898212273,2.453975943935513
2025-06-29,0,0,0.1480560382958652,-0.011535062936840146,-1,2.0,0.001,0.010535062936840145,-0.011535062936840146,2493.1030773321663,2.4256691769767253
2025-06-30,0,0,0.1356896709003423,-0.013413452013053329,-1,0.0,0.0,0.013413452013053329,-0.013413452013053329,2526.544195823557,2.3931325798718053
2025-07-01,1,1,0.9732613779056989,0.02990624847553991,1,2.0,0.001,0.02890624847553991,0.02990624847553991,2599.5771101324654,2.4647021974403613
2025-07-02,1,1,0.9444976245903854,0.007244728772290987,1,0.0,0.0,0.007244728772290987,0.007244728772290987,2618.410341218031,2.482558296365286
2025-07-03,0,0,0.1276872022602851,-0.014716556343200904,-1,2.0,0.001,0.013716556343200903,-0.014716556343200904,2654.325914192968,2.4460235873215455
2025-07-04,1,1,0.7464281136947798,0.0018220480395592098,1,2.0,0.001,0.0008220480395592098,0.0018220480395592098,2656.5078976070818,2.45048035980354
2025-07-05,1,1,0.8785820159572153,0.009247710575546852,1,0.0,0.0,0.009247710575546852,0.009247710575546852,2681.0745137858066,2.473141692942065
2025-07-06,0,0,0.19130957810570168,-0.008534295352390808,-1,2.0,0.001,0.007534295352390808,-0.008534295352390808,2701.274521034437,2.4520351712861856
2025-07-07,1,0,0.3822767692821407,0.006005750382996888,-1,0.0,0.0,-0.006005750382996888,0.006005750382996888,2685.0513405451547,2.4667614824552593
2025-07-08,1,1,0.9907531475020972,0.021810695604753683,1,2.0,0.001,0.020810695604753682,0.021810695604753683,2740.929126676376,2.520563266278622
2025-07-09,1,1,0.9960033570640755,0.041864660687494615,1,0.0,0.0,0.041864660687494615,0.041864660687494615,2855.677194533154,2.6260857921627396
2025-07-10,1,1,0.8019540459131439,0.013189291760499877,1,0.0,0.0,0.013189291760499877,0.013189291760499877,2893.3415542256575,2.6607220038636776
2025-07-11,0,0,0.31477262356480823,-0.0006957770402219454,-1,2.0,0.001,-0.0003042229597780546,-0.0006957770402219454,2892.4613332943823,2.658870734582976
2025-07-12,1,1,0.8996809707027693,0.014313342548076147,1,2.0,0.001,0.013313342548076146,0.014313342548076147,2930.9696618315957,2.696928062198117
2025-07-13,1,1,0.9621117669056173,0.006158578325259345,1,0.0,0.0,0.006158578325259345,0.006158578325259345,2949.0202680629445,2.713537304906754
2025-07-14,0,0,0.06747299640203352,-0.01729262210051885,-1,2.0,0.001,0.01629262210051885,-0.01729262210051885,2997.0675408572647,2.666613129737341
2025-07-15,1,1,0.7789765113362931,0.00816219450392297,1,2.0,0.001,0.00716219450392297,0.00816219450392297,3018.533121526279,2.6883785447689723
2025-07-16,1,1,0.8160279259592573,0.004643278306736054,1,0.0,0.0,0.004643278306736054,0.004643278306736054,3032.549010887626,2.7008614345461925
2025-07-17,0,0,0.12116983660493508,-0.01078563897020779,-1,2.0,0.001,0.009785638970207788,-0.01078563897020779,3062.224440667633,2.6717309182046196
2025-07-18,0,0,0.046295015355292374,-0.0005360022928398989,-1,0.0,0.0,0.0005360022928398989,-0.0005360022928398989,3063.865799989022,2.6702988643066106
2025-07-19,0,0,0.15057232273135118,-0.00541960002562214,-1,0.0,0.0,0.00541960002562214,-0.00541960002562214,3080.470727157145,2.6558269125131955
2025-07-20,1,0,0.31483093231559545,0.0011828564931994912,-1,0.0,0.0,-0.0011828564931994912,0.0011828564931994912,3076.8269723554163,2.658968374621476
2025-07-21,1,1,0.9086352471072828,0.02176332622218302,1,2.0,0.001,0.02076332622218302,0.02176332622218302,3140.712134511644,2.716836370772831
2025-07-22,0,0,0.2932625795961922,-0.010337504434577038,-1,2.0,0.001,0.009337504434577037,-0.010337504434577038,3170.0385479953766,2.6887510627419466
2025-07-23,0,0,0.4575147285858978,-0.0032584822936673197,0,1.0,0.0005,-0.0005,-0.0032584822936673197,3168.453528721379,2.679989815011923
2025-07-24,0,0,0.029317761180660925,-0.006185093838706357,-1,1.0,0.0005,0.0056850938387063565,-0.006185093838706357,3186.4664843557402,2.663413826519297
2025-07-25,1,1,0.7127183671679586,0.002647868724685587,1,2.0,0.001,0.001647868724685587,0.002647868724685587,3191.717362817569,2.6704661966914323
2025-07-26,1,1,0.9599669708353313,0.012727075099638885,1,0.0,0.0,0.012727075099638885,0.012727075099638885,3232.33858939097,2.7044534205277713
2025-07-27,0,0,0.03582171498705416,-0.012758768211219684,-1,2.0,0.001,0.011758768211219683,-0.012758768211219684,3270.3469096437993,2.669947926197217
2025-07-28,0,0,0.1949200970233251,-1.9742508661990676e-05,-1,0.0,0.0,1.9742508661990676e-05,-1.9742508661990676e-05,3270.411474495991,2.6698952147271573
2025-07-29,0,0,0.44944601066522283,-0.0007713643170961237,-1,0.0,0.0,0.0007713643170961237,-0.0007713643170961237,3272.934153209639,2.667835752828131
2025-07-30,0,0,0.2797385501879909,-0.017592832754910526,-1,0.0,0.0,0.017592832754910526,-0.017592832754910526,3330.5143363848906,2.620900964611055
2025-07-31,0,0,0.16966107420228144,-0.021062154747402473,-1,0.0,0.0,0.021062154747402473,-0.021062154747402473,3400.662144726272,2.5656991429168006
2025-08-01,0,0,0.05617667170808304,-0.006999393518263508,-1,0.0,0.0,0.006999393518263508,-0.006999393518263508,3424.464717299873,2.5477408049660544
2025-08-02,1,1,0.6362228676770473,0.015025363723748075,1,2.0,0.001,0.014025363723748074,0.015025363723748075,3472.4940805191463,2.586021537234504
2025-08-03,1,0,0.4279811360871256,0.007478798363486527,-1,2.0,0.001,-0.008478798363486528,0.007478798363486527,3443.0515033920237,2.6053618708751145
2025-08-04,0,0,0.17879498477511838,-0.008085706753543476,-1,0.0,0.0,0.008085706753543476,-0.008085706753543476,3470.891008185799,2.584295678800355
2025-08-05,1,1,0.6297501137490837,0.007767158415357134,1,2.0,0.001,0.006767158415357134,0.007767158415357134,3494.379077480631,2.6043683127297204
2025-08-06,1,1,0.987919054685149,0.021463456180234486,1,0.0,0.0,0.021463456180234486,0.021463456180234486,3569.3805296872647,2.660267057887186
2025-08-07,0,0,0.49905192403680315,-0.0068782400705657,0,1.0,0.0005,-0.0005,-0.0068782400705657,3567.5958394224212,2.6419691024112204
2025-08-08,0,1,0.968299682770802,-0.0016142706587778388,1,1.0,0.0005,-0.002114270658777839,-0.0016142706587778388,3560.0529762167525,2.6377042492078004
2025-08-09,1,1,0.9235056701821478,0.02408918266480664,1,0.0,0.0,0.02408918266480664,0.02408918266480664,3645.811742657226,2.701244388682704
2025-08-10,0,1,0.7146162212781687,-0.004822128356753663,1,0.0,0.0,-0.004822128356753663,-0.004822128356753663,3628.2311704695735,2.688218641517515
2025-08-11,1,1,0.7288266933634703,0.012140515376580119,1,0.0,0.0,0.012140515376580119,0.012140515376580119,3672.2797667844466,2.720855001270468
2025-08-12,1,1,0.6163611238601073,0.026388279596092357,1,0.0,0.0,0.026388279596092357,0.026388279596092357,3769.1849120254274,2.7926536837844194
2025-08-13,0,0,0.018658203918487506,-0.040411222672351976,-1,2.0,0.001,0.039411222672351975,-0.040411222672351976,3917.7330978865307,2.679799133922243
2025-08-14,0,1,0.664384066893036,-0.008121240187970669,1,2.0,0.001,-0.00912124018797067,-0.008121240187970669,3881.998513308345,2.6580358415001446
2025-08-15,1,0,0.363921135195945,0.0007921746665282559,-1,2.0,0.001,-0.0017921746665282559,0.0007921746665282559,3875.0412939172934,2.660141470156505
2025-08-16,0,0,0.308483938909811,-0.00032588834829794244,-1,0.0,0.0,0.00032588834829794244,-0.00032588834829794244,3876.3041247241545,2.659274561046557
2025-08-17,0,0,0.05082883304619739,-0.01022323279139703,-1,0.0,0.0,0.01022323279139703,-0.01022323279139703,3915.9324841614625,2.632088178152738
2025-08-18,0,0,0.29605836099832245,-0.029428514056440758,-1,0.0,0.0,0.029428514056440758,-0.029428514056440758,4031.1725583156813,2.5546297342041786
2025-08-19,1,1,0.7331997212884671,0.012794003430595335,1,2.0,0.001,0.011794003430595335,0.012794003430595335,4078.7162212977787,2.5873136757874877
2025-08-20,0,0,0.4366911518302927,-0.01623902974513114,-1,2.0,0.001,0.015239029745131139,-0.01623902974513114,4140.871899116084,2.54529821204639
2025-08-21,1,1,0.7347628637729454,0.03962900798880531,1,2.0,0.001,0.03862900798880531,0.03962900798880531,4300.82967278766,2.6461658552254685
2025-08-22,0,0,0.42583765160748405,-0.012832252765613172,-1,2.0,0.001,0.011832252765613172,-0.012832252765613172,4351.718176577932,2.6122095861114802
2025-08-23,0,0,0.09434346352768606,-0.016605933647771742,-1,0.0,0.0,0.016605933647771742,-0.016605933647771742,4423.982519871987,2.56883140705044
2025-08-24,0,0,0.0877184391772127,-0.029385900493979156,-1,0.0,0.0,0.029385900493979156,-0.029385900493979156,4553.985229988049,2.493343982937047
2025-08-25,1,1,0.6174602465172343,0.015240086898922645,1,2.0,0.001,0.014240086898922644,0.015240086898922645,4618.8343753994895,2.531342761905914
2025-08-26,0,1,0.8084033473853085,-0.005193022862549412,1,0.0,0.0,-0.005193022862549412,-0.005193022862549412,4594.848662889711,2.5181974410703876
2025-08-27,1,1,0.6239730245770548,0.01189280397942638,1,0.0,0.0,0.01189280397942638,0.01189280397942638,4649.494297352588,2.548145869618531
2025-08-28,0,0,0.10578031861233107,-0.036731759955323295,-1,2.0,0.001,0.035731759955323295,-0.036731759955323295,4815.628911499235,2.4545479872045544
2025-08-29,1,1,0.5336349952446263,0.003664157476186425,0,1.0,0.0005,-0.0005,0.003664157476186425,4813.221097043485,2.4635418375625284
2025-08-30,0,1,0.9490435827444798,-0.00525107534173741,1,1.0,0.0005,-0.0057510753417374105,-0.00525107534173741,4785.539899877948,2.450605593765965
2025-08-31,1,1,0.5212158852463717,0.009367272930950854,0,1.0,0.0005,-0.0005,0.009367272930950854,4783.147129928009,2.473561085208886
2025-09-01,1,0,0.441404682207163,0.017848801737061493,-1,1.0,0.0005,-0.018348801737061493,0.017848801737061493,4695.382111561766,2.51771118660329
2025-09-02,1,1,0.5608502101185898,0.004699840343410866,1,2.0,0.001,0.003699840343410866,0.004699840343410866,4712.7542757258525,2.529544027211145
2025-09-03,0,1,0.9643456105122293,-0.008947195185422974,1,0.0,0.0,-0.008947195185422974,-0.008947195185422974,4670.5883433599965,2.506911703069566
2025-09-04,0,0,0.44567470770900997,-0.0006558419928113235,-1,2.0,0.001,-0.00034415800718867653,-0.0006558419928113235,4668.980922983347,2.5052675651024225
2025-09-05,0,0,0.045956743472545414,-0.0038525555367432407,-1,0.0,0.0,0.0038525555367432407,-0.0038525555367432407,4686.968431289135,2.495615882673464
2025-09-06,1,1,0.9673683694299292,0.008554542812086785,1,2.0,0.001,0.007554542812086785,0.008554542812086785,4722.376334962209,2.516964735584318
2025-09-07,1,1,0.7926938196802852,0.008130177859939192,1,0.0,0.0,0.008130177859939192,0.008130177859939192,4760.770094487019,2.5374281065518134
2025-09-08,0,1,0.5203210658153105,-0.004826232823193166,0,1.0,0.0005,-0.0005,-0.004826232823193166,4758.389709439776,2.5251818877374803
2025-09-09,1,1,0.8707055743990004,0.02174124101370767,1,1.0,0.0005,0.021241241013707668,0.02174124101370767,4859.463812095133,2.58008247576223
2025-09-10,1,1,0.8715598784467268,0.013620945043858246,1,0.0,0.0,0.013620945043858246,0.013620945043858246,4925.654301622299,2.615225637373209
2025-09-11,1,1,0.9396076747028274,0.005142859655061782,1,0.0,0.0,0.005142859655061782,0.005142859655061782,4950.986250404893,2.6286753757925387
2025-09-12,0,0,0.20737069124959984,-0.0013011908618274504,-1,2.0,0.001,0.00030119086182745034,-0.0013011908618274504,4952.477442220549,2.6252549674148464
2025-09-13,0,0,0.2793831260499545,-0.004681752350561785,-1,0.0,0.0,0.004681752350561785,-0.004681752350561785,4975.66371512677,2.6129641738003277
2025-09-14,1,0,0.26899673253884787,0.0003224981011604733,-1,0.0,0.0,-0.0003224981011604733,0.0003224981011604733,4974.0590730266285,2.613806849784779
2025-09-15,1,1,0.9107314822864859,0.012112382641498831,1,2.0,0.001,0.01111238264149883,0.012112382641498831,5029.332720727519,2.6454662785003427
2025-09-16,0,1,0.9534824287040886,-0.0032066883445814875,1,0.0,0.0,-0.0032066883445814875,-0.0032066883445814875,5013.205218110939,2.6369830926190923
2025-09-17,1,0,0.10446271711169391,0.005741425944741474,-1,2.0,0.001,-0.006741425944741474,0.005741425944741474,4979.409066387253,2.6521231357629
2025-09-18,0,0,0.10586804011898687,-0.012364506846338497,-1,0.0,0.0,0.012364506846338497,-0.012364506846338497,5040.9770038793185,2.619330941093427
2025-09-19,1,0,0.04534605770430791,0.0002861257573012477,-1,0.0,0.0,-0.0002861257573012477,0.0002861257573012477,5039.534650516545,2.62008039914257
2025-09-20,0,1,0.9382343640008538,-0.003593675600818802,1,2.0,0.001,-0.004593675600818802,-0.003593675600818802,5016.384663152987,2.6106646801399878
2025-09-21,0,0,0.012334953590756509,-0.02218083931492132,-1,2.0,0.001,0.021180839314921318,-0.02218083931492132,5122.635900645066,2.5527579463646624
2025-09-22,0,1,0.9423873310130885,-0.00651013327573835,1,2.0,0.001,-0.00751013327573835,-0.00651013327573835,5084.164222308139,2.536139151913128
2025-09-23,1,1,0.9362842567130047,0.011731809832655538,1,0.0,0.0,0.011731809832655538,0.011731809832655538,5143.810670122249,2.5658926541525253
2025-09-24,0,0,0.026167552251731653,-0.03776048156409062,-1,2.0,0.001,0.03676048156409062,-0.03776048156409062,5332.89962743045,2.4690033118899635
2025-09-25,1,1,0.8647088588284992,0.0060847628462732395,1,2.0,0.001,0.0050847628462732395,0.0060847628462732395,5360.016157318913,2.484026611509477
2025-09-26,0,1,0.6749113304072994,-0.0002814877077529365,1,0.0,0.0,-0.0002814877077529365,-0.0002814877077529365,5358.507378657271,2.4833273885526057
2025-09-27,1,1,0.9475792742156485,0.02225248016477188,1,0.0,0.0,0.02225248016477188,0.02225248016477188,5477.747457813626,2.5385875820090074
2025-09-28,1,1,0.8176713860250118,0.02031473906432546,1,0.0,0.0,0.02031473906432546,0.02031473906432546,5589.0264680793825,2.5901583263294574
2025-09-29,0,1,0.9126447634926852,-0.003009577997342028,1,0.0,0.0,-0.003009577997342028,-0.003009577997342028,5572.205856994488,2.582363042820904
2025-09-30,1,1,0.9953386510045554,0.04026829179914837,1,0.0,0.0,0.04026829179914837,0.04026829179914837,5796.589068408866,2.686350391360553
2025-10-01,1,1,0.9763197845551199,0.017128920845327356,1,0.0,0.0,0.017128920845327356,0.017128920845327356,5895.878383734532,2.732364674576982
2025-10-02,1,1,0.9550289784132476,0.013136036748664148,1,0.0,0.0,0.013136036748664148,0.013136036748664148,5973.326858848924,2.768257117352977
2025-10-03,1,0,0.3393353238150547,0.001299606980548873,-1,2.0,0.001,-0.002299606980548873,0.001299606980548873,5959.590554707214,2.771854763626643
2025-10-04,1,1,0.9482648520800105,0.008887425412982486,1,2.0,0.001,0.007887425412982485,0.008887425412982486,6006.596380699381,2.796489416093995
2025-10-05,1,0,0.37949903536177604,0.010031736794915869,-1,2.0,0.001,-0.01103173679491587,0.010031736794915869,5940.333190394212,2.824543061866018
2025-10-06,0,0,0.04341525787610283,-0.026461574802715715,-1,0.0,0.0,0.026461574802715715,-0.026461574802715715,6097.523761464883,2.7498012043509585
2025-10-07,1,1,0.9753585594760358,0.01567280940669602,1,2.0,0.001,0.014672809406696019,0.01567280940669602,6186.991565469657,2.7928983145330544
2025-10-08,0,0,0.02675605645388155,-0.013370216251727518,-1,2.0,0.001,0.012370216251727517,-0.013370216251727518,6263.52598908213,2.7555566600986623
2025-10-09,0,0,0.005890704168363458,-0.06976852117831744,-1,0.0,0.0,0.06976852117831744,-0.06976852117831744,6700.522934702348,2.5633055469005153
2025-10-10,0,0,0.029477235806102804,-0.02125599811033263,-1,0.0,0.0,0.02125599811033263,-0.02125599811033263,6842.949237540622,2.508819929039393
2025-10-11,1,1,0.696511486077688,0.03936437283871608,1,2.0,0.001,0.038364372838716077,0.03936437283871608,7105.474693406037,2.607578052111301
2025-10-12,1,0,0.4540325178528258,0.000879679657679322,0,1.0,0.0005,-0.0005,0.000879679657679322,7101.921956059334,2.609871885479554
2025-10-13,0,0,0.22549651351716532,-0.01867262888064536,-1,1.0,0.0005,0.01817262888064536,-0.01867262888064536,7230.982548106107,2.5611387163359645
2025-10-14,0,1,0.652076390494035,-0.02064646024028005,1,2.0,0.001,-0.021646460240280052,-0.02064646024028005,7074.4573718803695,2.508260267659292
2025-10-15,0,0,0.30635751093536245,-0.023443318504017374,-1,2.0,0.001,0.022443318504017373,-0.023443318504017374,7233.231671920575,2.4494583233135834
2025-10-16,0,0,0.3401361266135154,-0.01588236351834038,-1,0.0,0.0,0.01588236351834038,-0.01588236351834038,7348.11248674639,2.4105551357996924
2025-10-17,1,0,0.15287140990318374,0.006861009972426446,-1,0.0,0.0,-0.006861009972426446,0.006861009972426446,7297.697013696311,2.4270939786254977
2025-10-18,1,1,0.8389979778520795,0.013698405510000455,1,2.0,0.001,0.012698405510000454,0.013698405510000455,7390.366129665347,2.46034129615559
2025-10-19,1,0,0.3662914527413986,0.01768912239467313,-1,2.0,0.001,-0.01868912239467313,0.01768912239467313,7252.246672526585,2.503862574475955
2025-10-20,0,0,0.3557346067447361,-0.019098105646452646,-1,0.0,0.0,0.019098105646452646,-0.019098105646452646,7390.750845652631,2.4560435425044145
2025-10-21,0,1,0.9556586649999631,-0.007267028792566799,1,2.0,0.001,-0.0082670287925668,-0.007267028792566799,7329.651295612934,2.438195403365237
2025-10-22,1,0,0.40725927672204504,0.022111355667553845,-1,2.0,0.001,-0.023111355667553846,0.022111355667553845,7160.253117600876,2.492107209116041
2025-10-23,1,1,0.5121782258684007,0.008759859251149305,0,1.0,0.0005,-0.0005,0.008759859251149305,7156.672991042076,2.5139377175066717
2025-10-24,1,0,0.47235709311273105,0.005474045023684315,0,0.0,0.0,0.0,0.005474045023684315,7156.672991042076,2.5276991257590415
2025-10-25,1,1,0.931082095700362,0.025355383127430242,1,1.0,0.0005,0.02485538312743024,0.025355383127430242,7334.55484015216,2.5917899055235325
2025-10-26,0,0,0.3510269129328405,-0.0030847352525406047,-1,2.0,0.001,0.0020847352525406046,-0.0030847352525406047,7349.8454451891175,2.5837949198347854
2025-10-27,0,0,0.49124477200104244,-0.01019252462848308,0,1.0,0.0005,-0.0005,-0.01019252462848308,7346.170522466523,2.5574595264794198
2025-10-28,0,0,0.21570968545544328,-0.025681284408657135,-1,1.0,0.0005,0.025181284408657134,-0.025681284408657135,7531.156531707246,2.491780681016272
2025-10-29,0,0,0.28759688209819867,-0.015898895718551742,-1,0.0,0.0,0.015898895718551742,-0.015898895718551742,7650.89360404495,2.4521641198152926
2025-10-30,1,1,0.9404143276567655,0.011547120379193476,1,2.0,0.001,0.010547120379193475,0.011547120379193476,7731.588499895214,2.480479554096339
2025-10-31,1,1,0.8598138116081868,0.004635536182247879,1,0.0,0.0,0.004635536182247879,0.004635536182247879,7767.42855813273,2.4919779068186787
2025-11-01,1,0,0.17210013060346702,0.005229768982454308,-1,2.0,0.001,-0.006229768982454308,0.005229768982454308,7719.039272627845,2.5050103755807203
2025-11-02,0,0,0.25634982219089564,-0.03698585893164408,-1,0.0,0.0,0.03698585893164408,-0.03698585893164408,8004.534570253079,2.412360415207187
2025-11-03,0,0,0.09292943078869183,-0.046523840630681046,-1,0.0,0.0,0.046523840630681046,-0.046523840630681046,8376.936260922312,2.300128143706324
2025-11-04,1,1,0.8982736299560706,0.02265282648549194,1,2.0,0.001,0.02165282648549194,0.02265282648549194,8558.320608260088,2.3522325474401002
2025-11-05,0,1,0.8127870240920899,-0.02493503798083263,1,0.0,0.0,-0.02493503798083263,-0.02493503798083263,8344.91855884098,2.2935795395299308
2025-11-06,1,0,0.3886355760243097,0.020445121741957006,-1,2.0,0.001,-0.021445121741957007,0.020445121741957006,8165.960764419919,2.340472052440482
