date,target_up,next_return,pred_up,prob_up,stage,model_type,position,turnover,cost,strategy_return,buy_hold_return,strategy_equity,buy_hold_equity
2024-08-14,0,-0.020041310813293967,0,0.4930396481904175,M2_NTV_plus_BTC_market,logistic,0,0.0,0.0,-0.0,-0.020041310813293967,1.0,0.979958689186706
2024-08-15,1,0.023175912946963972,0,0.4109417289019714,M2_NTV_plus_BTC_market,logistic,-1,1.0,0.0005,-0.023675912946963973,0.023175912946963972,0.9763240870530361,1.002670126458918
2024-08-16,1,0.00993082725079053,0,0.4639027304839297,M2_NTV_plus_BTC_market,logistic,0,1.0,0.0005,-0.0005,0.00993082725079053,0.9758359250095097,1.0126274702743097
2024-08-17,0,-0.016728732324455264,1,0.5645041844008014,M2_NTV_plus_BTC_market,logistic,1,1.0,0.0005,-0.017228732324455265,-0.016728732324455264,0.9590235090649336,0.9956874963797004
2024-08-18,1,0.01726094125025579,1,0.6407178040313836,M2_NTV_plus_BTC_market,logistic,1,0.0,0.0,0.01726094125025579,0.01726094125025579,0.9755771575125176,1.0128739997583247
2024-08-19,0,-0.008079210921579816,0,0.46789213393898493,M2_NTV_plus_BTC_market,logistic,0,1.0,0.0005,-0.0005,-0.008079210921579816,0.9750893689337614,1.004690777077293
2024-08-20,1,0.03664287570061453,1,0.520300684756183,M2_NTV_plus_BTC_market,logistic,0,0.0,0.0,0.0,0.03664287570061453,0.9750893689337614,1.0415055363392902
2024-08-21,0,-0.012967304646127387,0,0.4850775792645474,M2_NTV_plus_BTC_market,logistic,0,0.0,0.0,-0.0,-0.012967304646127387,0.9750893689337614,1.0280000167589503
2024-08-22,1,0.061482671821355916,0,0.48400893696008945,M2_NTV_plus_BTC_market,logistic,0,0.0,0.0,0.0,0.061482671821355916,0.9750893689337614,1.0912042044216892
2024-08-23,1,0.0013205019089592707,0,0.3841882935878413,M2_NTV_plus_BTC_market,logistic,-1,1.0,0.0005,-0.0018205019089592707,0.0013205019089592707,0.9733142168762117,1.0926451416566925
2024-08-24,1,0.0024081210374646833,1,0.5706287639647087,M2_NTV_plus_BTC_market,logistic,1,2.0,0.001,0.0014081210374646833,0.0024081210374646833,0.9746847611010586,1.0952763634087994
2024-08-25,0,-0.022583597070127692,1,0.5278925063360086,M2_NTV_plus_BTC_market,logistic,0,1.0,0.0005,-0.0005,-0.022583597070127692,0.9741974187205081,1.0705410833371403
2024-08-26,0,-0.05369739018896724,1,0.567527673170546,M2_NTV_plus_BTC_market,logistic,1,1.0,0.0005,-0.05419739018896724,-0.05369739018896724,0.921398461097028,1.013055821071866
2024-08-27,0,-0.00800797843742207,1,0.590519932639635,M2_NTV_plus_BTC_market,logistic,1,0.0,0.0,-0.00800797843742207,-0.00800797843742207,0.9140199220882892,1.0049432919008177
2024-08-28,1,0.006108236397788236,0,0.4489869764948981,M2_NTV_plus_BTC_market,logistic,-1,2.0,0.001,-0.007108236397788236,0.006108236397788236,0.9075228524097977,1.0110817230941194
2024-08-29,0,-0.004524521990973862,0,0.44909468583368706,M2_NTV_plus_BTC_market,logistic,-1,0.0,0.0,0.004524521990973862,-0.004524521990973862,0.9116289595128373,1.0065070616033083
2024-08-30,0,-0.002530098940268344,0,0.39938336294251997,M2_NTV_plus_BTC_market,logistic,-1,0.0,0.0,0.002530098940268344,-0.002530098940268344,0.9139354709772186,1.003960499153373
2024-08-31,0,-0.027885585694078285,1,0.5169953515702075,M2_NTV_plus_BTC_market,logistic,0,1.0,0.0005,-0.0005,-0.027885585694078285,0.9134785032417301,0.975964472620762
2024-09-01,1,0.031172733823612075,1,0.6568306938920291,M2_NTV_plus_BTC_market,logistic,1,1.0,0.0005,0.030672733823612075,0.031172733823612075,0.9414973862252553,1.006387953347071
2024-09-02,0,-0.02844504270361159,1,0.5658679738704789,M2_NTV_plus_BTC_market,logistic,1,0.0,0.0,-0.02844504270361159,-0.02844504270361159,0.9147164528687391,0.9777612050377132
2024-09-03,1,0.00941156177702851,1,0.6607758897528461,M2_NTV_plus_BTC_market,logistic,1,0.0,0.0,0.00941156177702851,0.00941156177702851,0.9233253632733777,0.9869634650221075
2024-09-04,0,-0.031240343288065575,0,0.4830682128136107,M2_NTV_plus_BTC_market,logistic,0,1.0,0.0005,-0.0005,-0.031240343288065575,0.922863700591741,0.9561303875620382
2024-09-05,0,-0.03938239218868078,1,0.5116474325403546,M2_NTV_plus_BTC_market,logistic,0,0.0,0.0,-0.0,-0.03938239218868078,0.922863700591741,0.9184756856555546
2024-09-06,1,0.003539165966313096,0,0.4600280981426469,M2_NTV_plus_BTC_market,logistic,0,0.0,0.0,0.0,0.003539165966313096,0.922863700591741,0.9217263235431128
2024-09-07,1,0.012964221602682846,1,0.5126716087312889,M2_NTV_plus_BTC_market,logistic,0,0.0,0.0,0.0,0.012964221602682846,0.922863700591741,0.9336757878585519
2024-09-08,1,0.039713831911113884,0,0.422999138200651,M2_NTV_plus_BTC_market,logistic,-1,1.0,0.0005,-0.040213831911113884,0.039713831911113884,0.8857518148592763,0.9707556311570432
2024-09-09,1,0.011034389872275785,0,0.44946113700259277,M2_NTV_plus_BTC_market,logistic,-1,0.0,0.0,-0.011034389872275785,0.011034389872275785,0.8759780840040432,0.9814673272619372
2024-09-10,0,-0.005300015516934153,0,0.4984819469492787,M2_NTV_plus_BTC_market,logistic,0,1.0,0.0005,-0.0005,-0.005300015516934153,0.8755400949620412,0.976265535198085
2024-09-11,1,0.013669279499548104,0,0.4907433324891067,M2_NTV_plus_BTC_market,logistic,0,0.0,0.0,0.0,0.013669279499548104,0.8755400949620412,0.9896103816644836
2024-09-12,1,0.04205082955798245,0,0.49213367545340014,M2_NTV_plus_BTC_market,logistic,0,0.0,0.0,0.0,0.04205082955798245,0.8755400949620412,1.0312243191526667
2024-09-13,0,-0.00934732588201681,0,0.4320732622796167,M2_NTV_plus_BTC_market,logistic,-1,1.0,0.0005,0.00884732588201681,-0.00934732588201681,0.8832862835049423,1.0215851293840859
2024-09-14,0,-0.013703582981947293,1,0.5756482709287485,M2_NTV_plus_BTC_market,logistic,1,2.0,0.001,-0.014703582981947294,-0.013703582981947293,0.8702988103386116,1.0075857527904477
2024-09-15,0,-0.016733367188517922,1,0.5248719987686858,M2_NTV_plus_BTC_market,logistic,0,1.0,0.0005,-0.0005,-0.016733367188517922,0.8698636609334423,0.9907254504150859
2024-09-16,1,0.0363626062794542,0,0.40897650529997104,M2_NTV_plus_BTC_market,logistic,-1,1.0,0.0005,-0.0368626062794542,0.0363626062794542,0.8377982192836482,1.0267508098995646
2024-09-17,1,0.02223798894564699,0,0.4366278582701709,M2_NTV_plus_BTC_market,logistic,-1,0.0,0.0,-0.02223798894564699,0.02223798894564699,0.8191672717445356,1.0495836830600451
2024-09-18,1,0.020937291974474137,0,0.423312592589822,M2_NTV_plus_BTC_market,logistic,-1,0.0,0.0,-0.020937291974474137,0.020937291974474137,0.8020161274000869,1.0715591230839172
2024-09-19,1,0.004012038411551844,0,0.4311010469790093,M2_NTV_plus_BTC_market,logistic,-1,0.0,0.0,-0.004012038411551844,0.004012038411551844,0.7987984078902737,1.0758582594459787
2024-09-20,1,0.003194394254405042,0,0.38940488576266674,M2_NTV_plus_BTC_market,logistic,-1,0.0,0.0,-0.003194394254405042,0.003194394254405042,0.7962467308456811,1.0792949748885072
2024-09-21,1,0.004004601863112578,1,0.5159907201903631,M2_NTV_plus_BTC_market,logistic,0,1.0,0.0005,-0.0005,0.004004601863112578,0.7958486074802583,1.0836171215557937
2024-09-22,0,-0.005010473135318549,1,0.5434429507395775,M2_NTV_plus_BTC_market,logistic,0,0.0,0.0,-0.0,-0.005010473135318549,0.7958486074802583,1.0781876870792673
2024-09-23,1,0.01535087678718594,1,0.5110757688849515,M2_NTV_plus_BTC_market,logistic,0,0.0,0.0,0.0,0.01535087678718594,0.7958486074802583,1.0947388134170821
2024-09-24,0,-0.018021597802944433,0,0.4065804015893115,M2_NTV_plus_BTC_market,logistic,-1,1.0,0.0005,0.017521597802944433,-0.018021597802944433,0.8097931466925608,1.0750098708224067
2024-09-25,1,0.032273891570151925,0,0.46767074786924145,M2_NTV_plus_BTC_market,logistic,0,1.0,0.0005,-0.0005,0.032273891570151925,0.8093882501192146,1.1097046228301721
2024-09-26,1,0.00935309904070647,0,0.4309183476904459,M2_NTV_plus_BTC_market,logistic,-1,1.0,0.0005,-0.00985309904070647,0.00935309904070647,0.8014132675284059,1.1200838000734326
2024-09-27,1,0.0014741358273548943,0,0.4780597019122372,M2_NTV_plus_BTC_market,logistic,0,1.0,0.0005,-0.0005,0.0014741358273548943,0.8010125608946418,1.1217349557327607
2024-09-28,0,-0.003829909793174213,1,0.561384888209616,M2_NTV_plus_BTC_market,logistic,1,1.0,0.0005,-0.004329909793174214,-0.003829909793174213,0.7975442487627685,1.117438812040454
2024-09-29,0,-0.035130555094979754,1,0.508310051422018,M2_NTV_plus_BTC_market,logistic,0,1.0,0.0005,-0.0005,-0.035130555094979754,0.7971454766383872,1.078182566288798
2024-09-30,0,-0.039357521968434894,1,0.5050404811534518,M2_NTV_plus_BTC_market,logistic,0,0.0,0.0,-0.0,-0.039357521968434894,0.7971454766383872,1.035747972250103
2024-10-01,0,-0.0033568819965540397,1,0.5066073858909218,M2_NTV_plus_BTC_market,logistic,0,0.0,0.0,-0.0,-0.0033568819965540397,0.7971454766383872,1.0322710885290893
2024-10-02,1,0.0020882627636797935,0,0.49213011468943774,M2_NTV_plus_BTC_market,logistic,0,0.0,0.0,0.0,0.0020882627636797935,0.7971454766383872,1.034426741805288
2024-10-03,1,0.021528753876634443,0,0.3952196124390489,M2_NTV_plus_BTC_market,logistic,-1,1.0,0.0005,-0.022028753876634444,0.021528753876634443,0.7795853551296478,1.0566966605330228
2024-10-04,1,0.0003620681473552878,0,0.4202500760940662,M2_NTV_plus_BTC_market,logistic,-1,0.0,0.0,-0.0003620681473552878,0.0003620681473552878,0.7793030921044106,1.0570792567352185
2024-10-05,1,0.011741093613744757,1,0.531969697068417,M2_NTV_plus_BTC_market,logistic,0,1.0,0.0005,-0.0005,0.011741093613744757,0.7789134405583584,1.0694905232456944
2024-10-06,0,-0.009269383518558882,1,0.5134587549610506,M2_NTV_plus_BTC_market,logistic,0,0.0,0.0,-0.0,-0.009269383518558882,0.7789134405583584,1.0595770054162659
2024-10-07,0,-0.001682150134457161,1,0.545436503617255,M2_NTV_plus_BTC_market,logistic,0,0.0,0.0,-0.0,-0.001682150134457161,0.7789134405583584,1.0577946378141372
2024-10-08,0,-0.024944762232405493,0,0.49537398756998274,M2_NTV_plus_BTC_market,logistic,0,0.0,0.0,-0.0,-0.024944762232405493,0.7789134405583584,1.03140820208315
2024-10-09,0,-0.005077433013489285,1,0.5260978515827764,M2_NTV_plus_BTC_market,logistic,0,0.0,0.0,-0.0,-0.005077433013489285,0.7789134405583584,1.0261712960275096
2024-10-10,1,0.036011743668549645,0,0.41723979307030984,M2_NTV_plus_BTC_market,logistic,-1,1.0,0.0005,-0.036511743668549645,0.036011743668549645,0.7504739526767036,1.0631255137000757
2024-10-11,1,0.011977460447594401,0,0.4061781718869761,M2_NTV_plus_BTC_market,logistic,-1,0.0,0.0,-0.011977460447594401,0.011977460447594401,0.7414851805915685,1.0758590574912468
2024-10-12,0,-0.005406426515387475,0,0.4962953062192291,M2_NTV_plus_BTC_market,logistic,0,1.0,0.0005,-0.0005,-0.005406426515387475,0.7411144380012727,1.0700425045560062
2024-10-13,1,0.050830232433260125,1,0.5307320053377721,M2_NTV_plus_BTC_market,logistic,0,0.0,0.0,0.0,0.050830232433260125,0.7411144380012727,1.1244330137760559
2024-10-14,1,0.015064992457922477,0,0.4590235884056978,M2_NTV_plus_BTC_market,logistic,0,0.0,0.0,0.0,0.015064992457922477,0.7411144380012727,1.1413725886480313
2024-10-15,1,0.008526251733136592,0,0.46417025055969424,M2_NTV_plus_BTC_market,logistic,0,0.0,0.0,0.0,0.008526251733136592,0.7411144380012727,1.1511042186601461
2024-10-16,0,-0.0031485616380424464,1,0.5093691667331235,M2_NTV_plus_BTC_market,logistic,0,0.0,0.0,-0.0,-0.0031485616380424464,0.7411144380012727,1.1474798960758839
2024-10-17,1,0.015118035686984221,0,0.43937269394986866,M2_NTV_plus_BTC_market,logistic,-1,1.0,0.0005,-0.015618035686984222,0.015118035686984221,0.7295396862604296,1.164827538094856
2024-10-18,0,-0.0008192879217548965,0,0.42807888119105003,M2_NTV_plus_BTC_market,logistic,-1,0.0,0.0,0.0008192879217548965,-0.0008192879217548965,0.7301373893138235,1.1638732089619674
2024-10-19,1,0.009346740674458287,1,0.5123526854690504,M2_NTV_plus_BTC_market,logistic,0,1.0,0.0005,-0.0005,0.009346740674458287,0.7297723206191666,1.1747516300240846
2024-10-20,0,-0.023678423698328066,1,0.5298226604701728,M2_NTV_plus_BTC_market,logistic,0,0.0,0.0,-0.0,-0.023678423698328066,0.7297723206191666,1.1469353631880728
2024-10-21,0,-9.567341618454961e-05,0,0.4636782356144937,M2_NTV_plus_BTC_market,logistic,0,0.0,0.0,-0.0,-9.567341618454961e-05,0.7297723206191666,1.1468256319637338
2024-10-22,0,-0.01379441121005398,0,0.4647720883431597,M2_NTV_plus_BTC_market,logistic,0,0.0,0.0,-0.0,-0.01379441121005398,0.7297723206191666,1.131005847610196
2024-10-23,1,0.02602442034118191,0,0.45314689022571,M2_NTV_plus_BTC_market,logistic,0,0.0,0.0,0.0,0.02602442034118191,0.7297723206191666,1.1604396191967385
2024-10-24,0,-0.022280180844656217,0,0.39626992354048757,M2_NTV_plus_BTC_market,logistic,-1,1.0,0.0005,0.021780180844656216,-0.022280180844656217,0.7456668937376766,1.1345848146217312
2024-10-25,1,0.00558625096700216,0,0.4948633824406986,M2_NTV_plus_BTC_market,logistic,0,1.0,0.0005,-0.0005,0.00558625096700216,0.7452940602908078,1.1409228901395578
2024-10-26,1,0.01364777618155344,1,0.5382105028727953,M2_NTV_plus_BTC_market,logistic,0,0.0,0.0,0.0,0.01364777618155344,0.7452940602908078,1.1564939503845937
2024-10-27,1,0.029125296867722028,1,0.5688210212150363,M2_NTV_plus_BTC_market,logistic,1,1.0,0.0005,0.028625296867722028,0.029125296867722028,0.7666283240203822,1.1901771800152696
2024-10-28,1,0.04023493905417541,1,0.5486764541445424,M2_NTV_plus_BTC_market,logistic,0,1.0,0.0005,-0.0005,0.04023493905417541,0.7662450098583721,1.2380638863168543
2024-10-29,0,-0.005238593875544262,1,0.5003086536734076,M2_NTV_plus_BTC_market,logistic,0,0.0,0.0,-0.0,-0.005238593875544262,0.7662450098583721,1.2315781724244623
2024-10-30,0,-0.029366396164960396,1,0.5137847708092926,M2_NTV_plus_BTC_market,logistic,0,0.0,0.0,-0.0,-0.029366396164960396,0.7662450098583721,1.1954111599049277
2024-10-31,0,-0.010435331387529279,0,0.4851660408019105,M2_NTV_plus_BTC_market,logistic,0,0.0,0.0,-0.0,-0.010435331387529279,0.7662450098583721,1.182936648306969
2024-11-01,0,-0.0027804900426771084,0,0.4094432306701637,M2_NTV_plus_BTC_market,logistic,-1,1.0,0.0005,0.0022804900426771084,-0.0027804900426771084,0.7679924239736051,1.1796475047352337
2024-11-02,0,-0.00791112711687536,0,0.4202500949769247,M2_NTV_plus_BTC_market,logistic,-1,0.0,0.0,0.00791112711687536,-0.00791112711687536,0.7740681096644575,1.1703151633721685
2024-11-03,0,-0.013523338185854272,0,0.4917107965075876,M2_NTV_plus_BTC_market,logistic,0,1.0,0.0005,-0.0005,-0.013523338185854272,0.7736810756096253,1.1544885956338533
2024-11-04,1,0.02282879023690776,0,0.4187612430488151,M2_NTV_plus_BTC_market,logistic,-1,1.0,0.0005,-0.02332879023690776,0.02282879023690776,0.7556320320864632,1.1808441736144808
2024-11-05,1,0.09053568676993895,0,0.39414213706283385,M2_NTV_plus_BTC_market,logistic,-1,0.0,0.0,-0.09053568676993895,0.09053568676993895,0.6872203671161508,1.2877527118409489
2024-11-06,1,0.003513808689745934,1,0.5169246579584331,M2_NTV_plus_BTC_market,logistic,0,1.0,0.0005,-0.0005,0.003513808689745934,0.6868767569325928,1.2922776285100595
2024-11-07,1,0.008439738809541852,1,0.5411067886524303,M2_NTV_plus_BTC_market,logistic,0,0.0,0.0,0.0,0.008439738809541852,0.6868767569325928,1.3031841141640985
2024-11-08,1,0.0030490452928257916,0,0.4563451478931031,M2_NTV_plus_BTC_market,logistic,0,0.0,0.0,0.0,0.0030490452928257916,0.6868767569325928,1.3071575815530758
2024-11-09,1,0.048129393514959595,1,0.5770520115014596,M2_NTV_plus_BTC_market,logistic,1,1.0,0.0005,0.047629393514959595,0.048129393514959595,0.7195922802848145,1.3700702831817066
2024-11-10,1,0.10223522760015435,1,0.6407588078101608,M2_NTV_plus_BTC_market,logistic,1,0.0,0.0,0.10223522760015435,0.10223522760015435,0.7931599608390466,1.5101397304109963
2024-11-11,0,-0.008406532091926988,0,0.4459795791107046,M2_NTV_plus_BTC_market,logistic,-1,2.0,0.001,0.007406532091926988,-0.008406532091926988,0.7990345255430326,1.4974446923040023
2024-11-12,1,0.029882636380625716,0,0.401585361611757,M2_NTV_plus_BTC_market,logistic,-1,0.0,0.0,-0.029882636380625716,0.029882636380625716,0.7751572673606644,1.5421922875442209
2024-11-13,0,-0.03680261786927608,0,0.2269223068696394,M2_NTV_plus_BTC_market,logistic,-1,0.0,0.0,0.03680261786927608,-0.03680261786927608,0.8036850840599311,1.4854355741047862
2024-11-14,1,0.04373133907381366,0,0.4772117791492567,M2_NTV_plus_BTC_market,logistic,0,1.0,0.0005,-0.0005,0.04373133907381366,0.8032832415179012,1.5503956608682676
2024-11-15,0,-0.005573223886622736,0,0.3614375035946331,M2_NTV_plus_BTC_market,logistic,-1,1.0,0.0005,0.005073223886622735,-0.005573223886622736,0.8073584772464936,1.5417549587374004
2024-11-16,0,-0.007869224693816235,1,0.6316410834062974,M2_NTV_plus_BTC_market,logistic,1,2.0,0.001,-0.008869224693816236,-0.007869224693816235,0.8001978335033371,1.5296225425442904
2024-11-17,1,0.007755383808848215,0,0.48292719426103303,M2_NTV_plus_BTC_market,logistic,0,1.0,0.0005,-0.0005,0.007755383808848215,0.7997977345865854,1.5414853524443877
2024-11-18,1,0.019892819836786257,0,0.3642895076180234,M2_NTV_plus_BTC_market,logistic,-1,1.0,0.0005,-0.020392819836786258,0.019892819836786257,0.7834876034792915,1.5721498428416087
2024-11-19,1,0.02161166598491282,0,0.45582863067034535,M2_NTV_plus_BTC_market,logistic,0,1.0,0.0005,-0.0005,0.02161166598491282,0.7830958596775519,1.6061266201233348
2024-11-20,1,0.044151545428309014,0,0.35605263036984547,M2_NTV_plus_BTC_market,logistic,-1,1.0,0.0005,-0.044651545428309014,0.044151545428309014,0.748129419324439,1.6770395925553268
2024-11-21,1,0.005004201495724558,0,0.40963316372484987,M2_NTV_plus_BTC_market,logistic,-1,0.0,0.0,-0.005004201495724558,0.005004201495724558,0.7443856289652601,1.6854318365927814
2024-11-22,0,-0.012327389984975179,0,0.4016600451082566,M2_NTV_plus_BTC_market,logistic,-1,0.0,0.0,0.012327389984975179,-0.012327389984975179,0.7535619609127259,1.6646548610500091
2024-11-23,1,0.002419161787646784,1,0.6102829456950745,M2_NTV_plus_BTC_market,logistic,1,2.0,0.001,0.0014191617876467841,0.002419161787646784,0.7546313872522775,1.6686819304794818
2024-11-24,0,-0.05011051933125821,0,0.4960475064893286,M2_NTV_plus_BTC_market,logistic,0,1.0,0.0005,-0.0005,-0.05011051933125821,0.7542540715586514,1.5850634123444685
2024-11-25,0,-0.011997304040733403,0,0.4092057568508179,M2_NTV_plus_BTC_market,logistic,-1,1.0,0.0005,0.011497304040733403,-0.011997304040733403,0.7629259599433222,1.5660469246627295
2024-11-26,1,0.04323745271515378,0,0.31236052921436863,M2_NTV_plus_BTC_market,logistic,-1,0.0,0.0,-0.04323745271515378,0.04323745271515378,0.7299389848251095,1.6337588045175464
2024-11-27,0,-0.0032310787967048116,0,0.31188398391903777,M2_NTV_plus_BTC_market,logistic,-1,0.0,0.0,0.0032310787967048116,-0.0032310787967048116,0.7322974752018662,1.62848000108534
2024-11-28,1,0.018912786163713058,0,0.38800746120828444,M2_NTV_plus_BTC_market,logistic,-1,0.0,0.0,-0.018912786163713058,0.018912786163713058,0.7184476896451463,1.6592790951177503
2024-11-29,0,-0.010388394458550332,0,0.38257110752540896,M2_NTV_plus_BTC_market,logistic,-1,0.0,0.0,0.010388394458550332,-0.010388394458550332,0.7259112076430142,1.6420418493608406
2024-11-30,1,0.008613193542348574,1,0.56405627655245,M2_NTV_plus_BTC_market,logistic,1,2.0,0.001,0.007613193542348574,0.008613193542348574,0.7314377101613605,1.6561850736140216
2024-12-01,0,-0.01454037255458307,0,0.4458688427819152,M2_NTV_plus_BTC_market,logistic,-1,2.0,0.001,0.013540372554583069,-0.01454037255458307,0.7413416492574165,1.6321035256243341
2024-12-02,1,0.0014276215513644441,0,0.45051893530740783,M2_NTV_plus_BTC_market,logistic,0,1.0,0.0005,-0.0005,0.0014276215513644441,0.7409709784327878,1.6344335517915733
2024-12-03,1,0.02881567529768403,0,0.3652833669114962,M2_NTV_plus_BTC_market,logistic,-1,1.0,0.0005,-0.02931567529768403,0.02881567529768403,0.719248913824045,1.6815308583156399
2024-12-04,0,-0.022020788503929523,0,0.30307906073949764,M2_NTV_plus_BTC_market,logistic,-1,0.0,0.0,0.022020788503929523,-0.022020788503929523,0.7350873420370454,1.64450222292184
2024-12-05,1,0.03444474217316973,0,0.411468812611575,M2_NTV_plus_BTC_market,logistic,-1,0.0,0.0,-0.03444474217316973,0.03444474217316973,0.7097674480658187,1.7011466779935873
2024-12-06,1,2.627082989481444e-05,0,0.3678392088499378,M2_NTV_plus_BTC_market,logistic,-1,0.0,0.0,-2.627082989481444e-05,2.627082989481444e-05,0.7097488018859257,1.701191368528591
2024-12-07,1,0.013136868131795154,1,0.5507462523444457,M2_NTV_plus_BTC_market,logistic,1,2.0,0.001,0.012136868131795153,0.013136868131795154,0.7183629295011149,1.7235396952038993
2024-12-08,0,-0.03756861480096407,0,0.43608260411418615,M2_NTV_plus_BTC_market,logistic,-1,2.0,0.001,0.03656861480096407,-0.03756861480096407,0.7446324667573333,1.6587886963006129
2024-12-09,0,-0.007772430783165474,0,0.47189125352211303,M2_NTV_plus_BTC_market,logistic,0,1.0,0.0005,-0.0005,-0.007772430783165474,0.7442601505239547,1.645895875974719
2024-12-10,1,0.04652269534294651,0,0.42358499693529333,M2_NTV_plus_BTC_market,logistic,-1,1.0,0.0005,-0.04702269534294651,0.04652269534294651,0.7092630322099712,1.722467388378903
2024-12-11,0,-0.011169293200355757,0,0.35734967875333934,M2_NTV_plus_BTC_market,logistic,-1,0.0,0.0,0.011169293200355757,-0.011169293200355757,0.7171849989728978,1.703228645090048
2024-12-12,1,0.014156490833941326,0,0.43675377965717344,M2_NTV_plus_BTC_market,logistic,-1,0.0,0.0,-0.014156490833941326,0.014156490833941326,0.7070321761086977,1.7273403857923715
2024-12-13,0,-0.0008504799301751742,0,0.3456783571329111,M2_NTV_plus_BTC_market,logistic,-1,0.0,0.0,0.0008504799301751742,-0.0008504799301751742,0.7076334927844663,1.725871317461674
2024-12-14,1,0.02886101293644905,0,0.4763325847033669,M2_NTV_plus_BTC_market,logistic,0,1.0,0.0005,-0.0005,0.02886101293644905,0.7072796760380741,1.7756817118815817
2024-12-15,1,0.016596788984881483,1,0.503250298792176,M2_NTV_plus_BTC_market,logistic,0,0.0,0.0,0.0,0.016596788984881483,0.7072796760380741,1.8051523265579934
2024-12-16,1,0.001045771070669721,0,0.4081041424375959,M2_NTV_plus_BTC_market,logistic,-1,1.0,0.0005,-0.001545771070669721,0.001045771070669721,0.7061863835759818,1.80704010263926
2024-12-17,0,-0.057462106019896764,0,0.40285288430838756,M2_NTV_plus_BTC_market,logistic,-1,0.0,0.0,0.057462106019896764,-0.057462106019896764,0.7467653404188324,1.7032037726791978
2024-12-18,0,-0.025495268879325628,0,0.38987583469414316,M2_NTV_plus_BTC_market,logistic,-1,0.0,0.0,0.025495268879325628,-0.025495268879325628,0.7658043235625717,1.6597801345384597
2024-12-19,1,0.002717960528709318,0,0.3627857957717274,M2_NTV_plus_BTC_market,logistic,-1,0.0,0.0,-0.002717960528709318,0.002717960528709318,0.7637228976384136,1.6642913514304711
2024-12-20,0,-0.005433973434635808,0,0.3126285973732864,M2_NTV_plus_BTC_market,logistic,-1,0.0,0.0,0.005433973434635808,-0.005433973434635808,0.7678729475756039,1.6552476364393038
2024-12-21,0,-0.021802983021374844,0,0.4204687336468909,M2_NTV_plus_BTC_market,logistic,-1,0.0,0.0,0.021802983021374844,-0.021802983021374844,0.7846148684141678,1.619158300325847
2024-12-22,0,-0.004402456102765462,1,0.5183475475397005,M2_NTV_plus_BTC_market,logistic,0,1.0,0.0005,-0.0005,-0.004402456102765462,0.7842225609799608,1.6120300269852341
2024-12-23,1,0.04213760595334648,0,0.44034084443255467,M2_NTV_plus_BTC_market,logistic,-1,1.0,0.0005,-0.04263760595334648,0.04213760595334648,0.7507851884451731,1.6799571130473003
2024-12-24,1,0.0063146152104343045,0,0.47360279755077583,M2_NTV_plus_BTC_market,logistic,0,1.0,0.0005,-0.0005,0.0063146152104343045,0.7504097958509505,1.690565395786226
2024-12-25,0,-0.03528406928650052,1,0.5174013552846063,M2_NTV_plus_BTC_market,logistic,0,0.0,0.0,-0.0,-0.03528406928650052,0.7504097958509505,1.6309153692279448
2024-12-26,0,-0.017022260795415023,1,0.5602325946611116,M2_NTV_plus_BTC_market,logistic,1,1.0,0.0005,-0.017522260795415023,-0.017022260795415023,0.7372609197046159,1.6031535024776962
2024-12-27,1,0.010609799867287384,0,0.42112835001146404,M2_NTV_plus_BTC_market,logistic,-1,2.0,0.001,-0.011609799867287385,0.010609799867287384,0.7287014679768731,1.6201626402955254
2024-12-28,0,-0.017167251608511402,0,0.4867593626390356,M2_NTV_plus_BTC_market,logistic,0,1.0,0.0005,-0.0005,-0.017167251608511402,0.7283371172428846,1.592348900602862
2024-12-29,0,-0.00948373223930199,1,0.5599595898360701,M2_NTV_plus_BTC_market,logistic,1,1.0,0.0005,-0.00998373223930199,-0.00948373223930199,0.7210655944843866,1.5772474899979976
2024-12-30,1,0.008484077565384274,0,0.3659774532576279,M2_NTV_plus_BTC_market,logistic,-1,2.0,0.001,-0.009484077565384275,0.008484077565384274,0.7142269524565668,1.5906289800429483
2024-12-31,1,0.010602195613021781,0,0.38112355992829877,M2_NTV_plus_BTC_market,logistic,-1,0.0,0.0,-0.010602195613021781,0.010602195613021781,0.7066545785945298,1.6074931396371048
2025-01-01,1,0.026129247147606893,0,0.40633840100222857,M2_NTV_plus_BTC_market,logistic,-1,0.0,0.0,-0.026129247147606893,0.026129247147606893,0.6881902264624454,1.6494957251707654
2025-01-02,1,0.012597729955682757,0,0.40752930126586373,M2_NTV_plus_BTC_market,logistic,-1,0.0,0.0,-0.012597729955682757,0.012597729955682757,0.6795205918313314,1.6702756268795198
2025-01-03,1,0.0013128146911018934,0,0.3696201211263371,M2_NTV_plus_BTC_market,logistic,-1,0.0,0.0,-0.0013128146911018934,0.0013128146911018934,0.678628507215469,1.6724683892606766
2025-01-04,1,0.0008014800420892421,0,0.4888327631120394,M2_NTV_plus_BTC_market,logistic,0,1.0,0.0005,-0.0005,0.0008014800420892421,0.6782891929618613,1.6738088392956942
2025-01-05,1,0.03827621924594227,0,0.4793014719513408,M2_NTV_plus_BTC_market,logistic,0,0.0,0.0,0.0,0.03827621924594227,0.6782891929618613,1.7378759134043724
2025-01-06,0,-0.05050430525956884,0,0.3984028561887114,M2_NTV_plus_BTC_market,logistic,-1,1.0,0.0005,0.05000430525956884,-0.05050430525956884,0.7122065728209929,1.650105697770546
2025-01-07,0,-0.019388436629511285,1,0.5505673440078869,M2_NTV_plus_BTC_market,logistic,1,2.0,0.001,-0.020388436629511286,-0.019388436629511285,0.6976857942439106,1.6181127280173262
2025-01-08,0,-0.026929603222076492,1,0.6093905843085868,M2_NTV_plus_BTC_market,logistic,1,0.0,0.0,-0.026929603222076492,-0.026929603222076492,0.6788973926312428,1.5745375942832278
2025-01-09,1,0.023976181025154863,0,0.44743305903119474,M2_NTV_plus_BTC_market,logistic,-1,2.0,0.001,-0.024976181025154864,0.023976181025154863,0.6619411284553792,1.6122889926746744
2025-01-10,0,-0.001424047578467369,0,0.4045970738534777,M2_NTV_plus_BTC_market,logistic,-1,0.0,0.0,0.001424047578467369,-0.001424047578467369,0.6628837641164441,1.6099930164388665
2025-01-11,0,-0.0008264678561502592,1,0.5431100555818155,M2_NTV_plus_BTC_market,logistic,0,1.0,0.0005,-0.0005,-0.0008264678561502592,0.662552322234386,1.6086624089621533
2025-01-12,1,0.00029724205673309356,1,0.5076004847174893,M2_NTV_plus_BTC_market,logistic,0,0.0,0.0,0.0,0.00029724205673309356,0.662552322234386,1.6091405710851825
2025-01-13,1,0.021345722040169157,0,0.39853088621952765,M2_NTV_plus_BTC_market,logistic,-1,1.0,0.0005,-0.021845722040169158,0.021345722040169157,0.648078388365785,1.643488838439126
2025-01-14,1,0.041129999632577796,1,0.5195862450589681,M2_NTV_plus_BTC_market,logistic,0,1.0,0.0005,-0.0005,0.041129999632577796,0.6477543491716021,1.7110855337602728
2025-01-15,0,-0.0074383335632930425,0,0.464071292880996,M2_NTV_plus_BTC_market,logistic,0,0.0,0.0,-0.0,-0.0074383335632930425,0.6477543491716021,1.6983579088048386
2025-01-16,1,0.04716598568833419,0,0.4659281991201772,M2_NTV_plus_BTC_market,logistic,0,0.0,0.0,0.0,0.04716598568833419,0.6477543491716021,1.7784626336251967
2025-01-17,0,-0.000516635042589142,0,0.4147360755097994,M2_NTV_plus_BTC_market,logistic,-1,1.0,0.0005,1.6635042589141936e-05,-0.000516635042589142,0.6477651245927879,1.7775438175067306
2025-01-18,0,-0.03178356737719257,1,0.6211251755821137,M2_NTV_plus_BTC_market,logistic,1,2.0,0.001,-0.03278356737719257,-0.03178356737719257,0.6265290729861047,1.7210471338170934
2025-01-19,1,0.009170622908047932,1,0.7083193792676816,M2_NTV_plus_BTC_market,logistic,1,0.0,0.0,0.009170622908047932,0.009170622908047932,0.6322747348553891,1.7368302080883067
2025-01-20,1,0.040479676535688514,0,0.3049069681012457,M2_NTV_plus_BTC_market,logistic,-1,2.0,0.001,-0.041479676535688514,0.040479676535688514,0.6060481833718994,1.8071365331091338
2025-01-21,0,-0.023488299826845638,0,0.3100523310579508,M2_NTV_plus_BTC_market,logistic,-1,0.0,0.0,0.023488299826845638,-0.023488299826845638,0.6202832248124536,1.7646899683914201
2025-01-22,1,0.002962783076025932,0,0.4271278253596711,M2_NTV_plus_BTC_market,logistic,-1,0.0,0.0,-0.002962783076025932,0.002962783076025932,0.6184454601716365,1.769918361964203
2025-01-23,1,0.008265785680243276,0,0.38850988539659215,M2_NTV_plus_BTC_market,logistic,-1,0.0,0.0,-0.008265785680243276,0.008265785680243276,0.6133335225429383,1.7845481278157262
2025-01-24,0,-0.0010001569662844156,0,0.3953137183246103,M2_NTV_plus_BTC_market,logistic,-1,0.0,0.0,0.0010001569662844156,-0.0010001569662844156,0.6139469523381653,1.7827632995740215
2025-01-25,0,-0.019406534499448846,1,0.5024995051082033,M2_NTV_plus_BTC_market,logistic,0,1.0,0.0005,-0.0005,-0.019406534499448846,0.6136399788619963,1.7481660420964868
2025-01-26,0,-0.005792734886665207,1,0.6176009280521871,M2_NTV_plus_BTC_market,logistic,1,1.0,0.0005,-0.006292734886665208,-0.005792734886665207,0.6097785051591589,1.738039379676751
2025-01-27,0,-0.007397669160641884,0,0.3117977909264714,M2_NTV_plus_BTC_market,logistic,-1,2.0,0.001,0.006397669160641884,-0.007397669160641884,0.613679666296438,1.7251819393577352
2025-01-28,1,0.023395602825692086,0,0.3893499659151552,M2_NTV_plus_BTC_market,logistic,-1,0.0,0.0,-0.023395602825692086,0.023395602825692086,0.5993222605615632,1.765543610813006
2025-01-29,1,0.009952379879751394,0,0.42427287091196003,M2_NTV_plus_BTC_market,logistic,-1,0.0,0.0,-0.009952379879751394,0.009952379879751394,0.5933575777540632,1.783114971522085
2025-01-30,0,-0.022249243050878498,0,0.3803581101651947,M2_NTV_plus_BTC_market,logistic,-1,0.0,0.0,0.022249243050878498,-0.022249243050878498,0.6065593347175938,1.74344201313303
2025-01-31,0,-0.017080384621634526,0,0.4521474124215224,M2_NTV_plus_BTC_market,logistic,0,1.0,0.0005,-0.0005,-0.017080384621634526,0.606256055050235,1.713663352983201
2025-02-01,0,-0.02947596219670423,1,0.6031556554827143,M2_NTV_plus_BTC_market,logistic,1,1.0,0.0005,-0.02997596219670423,-0.02947596219670423,0.5880829464625262,1.6631514767727908
2025-02-02,1,0.03804365081173988,1,0.571766150874968,M2_NTV_plus_BTC_market,logistic,1,0.0,0.0,0.03804365081173988,0.03804365081173988,0.6104557687260858,1.7264238308021644
2025-02-03,0,-0.034846278405663456,0,0.1716096430116711,M2_NTV_plus_BTC_market,logistic,-1,2.0,0.001,0.033846278405663455,-0.034846278405663456,0.6311174246287321,1.6662643853478603
2025-02-04,0,-0.012836943218062724,0,0.39549118665476735,M2_NTV_plus_BTC_market,logistic,-1,0.0,0.0,0.012836943218062724,-0.012836943218062724,0.6392190431726212,1.6448746440468696
2025-02-05,0,-0.00022924323774897726,0,0.3677099755229501,M2_NTV_plus_BTC_market,logistic,-1,0.0,0.0,0.00022924323774897726,-0.00022924323774897726,0.639365579815709,1.644497567657777
2025-02-06,0,-0.0006647556256734743,0,0.45484665257672124,M2_NTV_plus_BTC_market,logistic,0,1.0,0.0005,-0.0005,-0.0006647556256734743,0.6390458970258012,1.6434043786482702
2025-02-07,0,-0.00048309597099249757,0,0.4925220706576177,M2_NTV_plus_BTC_market,logistic,0,0.0,0.0,-0.0,-0.00048309597099249757,0.6390458970258012,1.6426104566142337
2025-02-08,1,0.00018283765004545316,1,0.5249935362651309,M2_NTV_plus_BTC_market,logistic,0,0.0,0.0,0.0,0.00018283765004545316,0.6390458970258012,1.642910787650061
2025-02-09,1,0.009714611676219231,0,0.45953739645196423,M2_NTV_plus_BTC_market,logistic,0,0.0,0.0,0.0,0.009714611676219231,0.6390458970258012,1.6588710279707528
2025-02-10,0,-0.017345724709743937,0,0.3100856725471599,M2_NTV_plus_BTC_market,logistic,-1,1.0,0.0005,0.016845724709743937,-0.017345724709743937,0.6498110882839893,1.6300967077906021
2025-02-11,1,0.02233406885677658,0,0.4740347583219533,M2_NTV_plus_BTC_market,logistic,0,1.0,0.0005,-0.0005,0.02233406885677658,0.6494861827398473,1.6665033999056023
2025-02-12,0,-0.012892487184132717,0,0.39756942718696076,M2_NTV_plus_BTC_market,logistic,-1,1.0,0.0005,0.012392487184132717,-0.012892487184132717,0.6575349319357221,1.6450180261800056
2025-02-13,1,0.009160278803397981,0,0.4558174371646639,M2_NTV_plus_BTC_market,logistic,0,1.0,0.0005,-0.0005,0.009160278803397981,0.6572061644697543,1.6600868499364299
2025-02-14,1,0.0007320640697474623,0,0.36244445504361056,M2_NTV_plus_BTC_market,logistic,-1,1.0,0.0005,-0.0012320640697474623,0.0007320640697474623,0.6563964443680946,1.6613021398719285
2025-02-15,0,-0.014401672980240199,0,0.47886049888752713,M2_NTV_plus_BTC_market,logistic,0,1.0,0.0005,-0.0005,-0.014401672980240199,0.6560682461459106,1.6373766097321198
2025-02-16,0,-0.004176223623530095,0,0.47720827970624896,M2_NTV_plus_BTC_market,logistic,0,0.0,0.0,-0.0,-0.004176223623530095,0.6560682461459106,1.630538558853941
2025-02-17,0,-0.0024415545387781457,0,0.42518379406652607,M2_NTV_plus_BTC_market,logistic,-1,1.0,0.0005,0.0019415545387781456,-0.0024415545387781457,0.6573420384269635,1.6265575100349183
2025-02-18,1,0.011472343504350446,0,0.4576318550183476,M2_NTV_plus_BTC_market,logistic,0,1.0,0.0005,-0.0005,0.011472343504350446,0.6570133674077501,1.6452179365196198
2025-02-19,1,0.017574558032842136,0,0.36852425245803483,M2_NTV_plus_BTC_market,logistic,-1,1.0,0.0005,-0.018074558032842136,0.017574558032842136,0.6451381411701856,1.6741319146216567
2025-02-20,0,-0.02245807176184722,0,0.38780290703201126,M2_NTV_plus_BTC_market,logistic,-1,0.0,0.0,0.02245807176184722,-0.02245807176184722,0.6596266998408904,1.6365341399442848
2025-02-21,1,0.0047043783073406065,0,0.46590857156354876,M2_NTV_plus_BTC_market,logistic,0,1.0,0.0005,-0.0005,0.0047043783073406065,0.65929688649097,1.644233015651461
2025-02-22,0,-0.0031460239332733453,0,0.4658659136389966,M2_NTV_plus_BTC_market,logistic,0,0.0,0.0,-0.0,-0.0031460239332733453,0.65929688649097,1.6390602192323434
2025-02-23,0,-0.05043681513571874,1,0.562759996943551,M2_NTV_plus_BTC_market,logistic,1,1.0,0.0005,-0.05093681513571874,-0.05043681513571874,0.6257144028642244,1.556391241958611
2025-02-24,0,-0.029337712021491935,1,0.5290493390314215,M2_NTV_plus_BTC_market,logistic,0,1.0,0.0005,-0.0005,-0.029337712021491935,0.6254015456627924,1.5107302839092571
2025-02-25,0,-0.04946290046952739,0,0.4216947395217592,M2_NTV_plus_BTC_market,logistic,-1,1.0,0.0005,0.04896290046952739,-0.04946290046952739,0.6560230192965683,1.4360051822399527
2025-02-26,1,0.004234922709094535,1,0.5114954907243502,M2_NTV_plus_BTC_market,logistic,0,1.0,0.0005,-0.0005,0.004234922709094535,0.65569500778692,1.442086553196598
2025-02-27,0,-0.003910297790814532,0,0.43285062599665436,M2_NTV_plus_BTC_market,logistic,-1,1.0,0.0005,0.003410297790814532,-0.003910297790814532,0.6579311230234239,1.43644756533347
2025-02-28,1,0.019661575342751147,0,0.4454410912766211,M2_NTV_plus_BTC_market,logistic,-1,0.0,0.0,-0.019661575342751147,0.019661575342751147,0.644995160677758,1.4646903873651855
2025-03-01,1,0.09550452979612856,0,0.48571740381441714,M2_NTV_plus_BTC_market,logistic,0,1.0,0.0005,-0.0005,0.09550452979612856,0.6446726630974191,1.604574954107407
2025-03-02,0,-0.08682040111941614,1,0.5938143186078514,M2_NTV_plus_BTC_market,logistic,1,1.0,0.0005,-0.08732040111941614,-0.08682040111941614,0.5883795875650302,1.465265112965633
2025-03-03,1,0.013437685575495406,1,0.6955161604476398,M2_NTV_plus_BTC_market,logistic,1,0.0,0.0,0.013437685575495406,0.013437685575495406,0.5962860474617687,1.484954884838408
2025-03-04,1,0.03899657851208138,0,0.42786514253783775,M2_NTV_plus_BTC_market,logistic,-1,2.0,0.001,-0.03999657851208138,0.03899657851208138,0.5724366457488054,1.5428630445919078
2025-03-05,0,-0.007303133084179958,0,0.44817353572169005,M2_NTV_plus_BTC_market,logistic,-1,0.0,0.0,0.007303133084179958,-0.007303133084179958,0.5766172267549705,1.53159531044659
2025-03-06,0,-0.0357824911826653,0,0.4162089710424941,M2_NTV_plus_BTC_market,logistic,-1,0.0,0.0,0.0357824911826653,-0.0357824911826653,0.5972500275871032,1.4767910147551233
2025-03-07,0,-0.006779571257010009,0,0.4416534614280218,M2_NTV_plus_BTC_market,logistic,-1,0.0,0.0,0.006779571257010009,-0.006779571257010009,0.6012991267073812,1.466779004838879
2025-03-08,0,-0.0644603432710168,0,0.49671830880180945,M2_NTV_plus_BTC_market,logistic,0,1.0,0.0005,-0.0005,-0.0644603432710168,0.6009984771440275,1.3722299266842444
2025-03-09,0,-0.02567012890361897,1,0.5768856667955566,M2_NTV_plus_BTC_market,logistic,1,1.0,0.0005,-0.026170128903618972,-0.02567012890361897,0.5852702695262897,1.3370046075808562
2025-03-10,1,0.05513944554449135,1,0.5822139144508978,M2_NTV_plus_BTC_market,logistic,1,0.0,0.0,0.05513944554449135,0.05513944554449135,0.6175417476816443,1.4107263003332948
2025-03-11,1,0.010380466895202334,0,0.359334081781442,M2_NTV_plus_BTC_market,logistic,-1,2.0,0.001,-0.011380466895202335,0.010380466895202334,0.6105138342657479,1.425370297992096
2025-03-12,0,-0.0317197970748182,0,0.39178498284594493,M2_NTV_plus_BTC_market,logistic,-1,0.0,0.0,0.0317197970748182,-0.0317197970748182,0.6298792092000266,1.3801578413833135
2025-03-13,1,0.03580259620308812,1,0.5240805189302047,M2_NTV_plus_BTC_market,logistic,0,1.0,0.0005,-0.0005,0.03580259620308812,0.6295642695954267,1.429571075274886
2025-03-14,1,0.004454112352525463,0,0.40838364115189957,M2_NTV_plus_BTC_market,logistic,-1,1.0,0.0005,-0.004954112352525464,0.004454112352525463,0.6264453374707153,1.435938545460081
2025-03-15,0,-0.020907717157540473,1,0.525544926385609,M2_NTV_plus_BTC_market,logistic,0,1.0,0.0005,-0.0005,-0.020907717157540473,0.6261321148019799,1.4059163484959916
2025-03-16,1,0.018115835083536647,1,0.5848906952199872,M2_NTV_plus_BTC_market,logistic,1,1.0,0.0005,0.017615835083536646,0.018115835083536647,0.6371619548768377,1.431385697206593
2025-03-17,0,-0.016142449028442418,0,0.4646022285729392,M2_NTV_plus_BTC_market,logistic,0,1.0,0.0005,-0.0005,-0.016142449028442418,0.6368433738993993,1.408279626549394
2025-03-18,1,0.049997601050550955,0,0.41020609037989253,M2_NTV_plus_BTC_market,logistic,-1,1.0,0.0005,-0.050497601050550955,0.049997601050550955,0.6046843112725406,1.4786902294852295
2025-03-19,0,-0.030937253791171848,0,0.37206865814190265,M2_NTV_plus_BTC_market,logistic,-1,0.0,0.0,0.030937253791171848,-0.030937253791171848,0.6233915832739192,1.4329436145771188
2025-03-20,0,-0.0014727011460912154,1,0.5603052539932087,M2_NTV_plus_BTC_market,logistic,1,2.0,0.001,-0.0024727011460912154,-0.0014727011460912154,0.6218501221914942,1.4308333168736471
2025-03-21,0,-0.0025077306278807887,0,0.40950848519336464,M2_NTV_plus_BTC_market,logistic,-1,2.0,0.001,0.0015077306278807887,-0.0025077306278807887,0.6227877046666737,1.427245172341531
2025-03-22,1,0.026503933905394295,1,0.6218596976128603,M2_NTV_plus_BTC_market,logistic,1,2.0,0.001,0.025503933905394294,0.026503933905394295,0.6386712411235848,1.465072784056064
2025-03-23,1,0.016786352378946434,0,0.4862693903489501,M2_NTV_plus_BTC_market,logistic,0,1.0,0.0005,-0.0005,0.016786352378946434,0.638351905503023,1.4896660120700331
2025-03-24,0,-0.0003109860024155253,0,0.4430166000235299,M2_NTV_plus_BTC_market,logistic,-1,1.0,0.0005,-0.0001890139975844747,-0.0003109860024155253,0.6382312480574982,1.4892027467920053
2025-03-25,0,-0.00652577110204744,0,0.4720825159558971,M2_NTV_plus_BTC_market,logistic,0,1.0,0.0005,-0.0005,-0.00652577110204744,0.6379121324334694,1.4794845505419003
2025-03-26,1,0.003178549412391707,0,0.38737263420631973,M2_NTV_plus_BTC_market,logistic,-1,1.0,0.0005,-0.003678549412391707,0.003178549412391707,0.6355655411335488,1.484187165290668
2025-03-27,0,-0.032393289916566204,0,0.4509679512208246,M2_NTV_plus_BTC_market,logistic,0,1.0,0.0005,-0.0005,-0.032393289916566204,0.6352477583629821,1.4361094601549609
2025-03-28,0,-0.020812056603918605,1,0.5562073870210097,M2_NTV_plus_BTC_market,logistic,1,1.0,0.0005,-0.021312056603918605,-0.020812056603918605,0.6217093221792378,1.4062210687807928
2025-03-29,0,-0.0031848691098436133,1,0.5838971456619048,M2_NTV_plus_BTC_market,logistic,1,0.0,0.0,-0.0031848691098436133,-0.0031848691098436133,0.6197292593637274,1.4017424387372215
2025-03-30,1,0.0026038970780313253,1,0.5551510530158575,M2_NTV_plus_BTC_market,logistic,1,0.0,0.0,0.0026038970780313253,0.0026038970780313253,0.6213429705713551,1.4053924317776019
2025-03-31,1,0.0317418810684309,1,0.5047253451794724,M2_NTV_plus_BTC_market,logistic,0,1.0,0.0005,-0.0005,0.0317418810684309,0.6210322990860695,1.4500022312015595
2025-04-01,0,-0.031507420800550134,0,0.48511883517510945,M2_NTV_plus_BTC_market,logistic,0,0.0,0.0,-0.0,-0.031507420800550134,0.6210322990860695,1.4043164007413553
2025-04-02,1,0.007481504135517403,1,0.5979846886629571,M2_NTV_plus_BTC_market,logistic,1,1.0,0.0005,0.006981504135517402,0.007481504135517403,0.6253680386504288,1.4148227997010767
2025-04-03,1,0.008916382019940938,0,0.4970818698286891,M2_NTV_plus_BTC_market,logistic,0,1.0,0.0005,-0.0005,0.008916382019940938,0.6250553546311036,1.4274379002737339
2025-04-04,0,-0.004043325726492686,1,0.5084543212441041,M2_NTV_plus_BTC_market,logistic,0,0.0,0.0,-0.0,-0.004043325726492686,0.6250553546311036,1.4216663038885864
2025-04-05,0,-0.06335339642726368,1,0.5238117417396747,M2_NTV_plus_BTC_market,logistic,0,0.0,0.0,-0.0,-0.06335339642726368,0.6250553546311036,1.33159891495105
2025-04-06,1,0.013051950296130821,1,0.6857698760826314,M2_NTV_plus_BTC_market,logistic,1,1.0,0.0005,0.01255195029613082,0.013051950296130821,0.6329010183747636,1.3489788778033729
2025-04-07,0,-0.03739976334343409,0,0.4272553570828592,M2_NTV_plus_BTC_market,logistic,-1,2.0,0.001,0.03639976334343409,-0.03739976334343409,0.6559384656634235,1.2985273870182354
2025-04-08,1,0.0826253916648998,1,0.5595323977040628,M2_NTV_plus_BTC_market,logistic,1,2.0,0.001,0.0816253916648998,0.0826253916648998,0.7094796998312739,1.405818720958216
2025-04-09,0,-0.0356990599146636,0,0.3570111325106439,M2_NTV_plus_BTC_market,logistic,-1,2.0,0.001,0.0346990599146636,-0.0356990599146636,0.7340979784439569,1.355632314209573
2025-04-10,1,0.04745546227457886,1,0.5630880252461112,M2_NTV_plus_BTC_market,logistic,1,2.0,0.001,0.04645546227457886,0.04745546227457886,0.7682008393874048,1.4199644723547453
2025-04-11,1,0.022567917271733462,0,0.382102863687064,M2_NTV_plus_BTC_market,logistic,-1,2.0,0.001,-0.023567917271733463,0.022567917271733462,0.7500959455566463,1.452010113095648
2025-04-12,0,-0.01878516957885823,1,0.6548982065753904,M2_NTV_plus_BTC_market,logistic,1,2.0,0.001,-0.01978516957885823,-0.01878516957885823,0.735255170073394,1.4247338568909291
2025-04-13,1,0.010245734631468162,1,0.6366674016254179,M2_NTV_plus_BTC_market,logistic,1,0.0,0.0,0.010245734631468162,0.010245734631468162,0.7427883994323811,1.4393313019091016
2025-04-14,0,-0.01033089354397465,0,0.4653407609045674,M2_NTV_plus_BTC_market,logistic,0,1.0,0.0005,-0.0005,-0.01033089354397465,0.742417005232665,1.4244617234545682
2025-04-15,1,0.004360934564412222,0,0.4948232653373924,M2_NTV_plus_BTC_market,logistic,0,0.0,0.0,0.0,0.004360934564412222,0.742417005232665,1.4306737078200635
2025-04-16,1,0.01025637449930672,0,0.3178069263708358,M2_NTV_plus_BTC_market,logistic,-1,1.0,0.0005,-0.01075637449930672,0.01025637449930672,0.7344312898897287,1.4453472331537778
2025-04-17,0,-0.005241078764249063,1,0.5019563246969649,M2_NTV_plus_BTC_market,logistic,0,1.0,0.0005,-0.0005,-0.005241078764249063,0.7340640742447839,1.4377720544631294
2025-04-18,1,0.007254038339443714,0,0.4394611379609544,M2_NTV_plus_BTC_market,logistic,-1,1.0,0.0005,-0.007754038339443714,0.007254038339443714,0.7283721132694817,1.4482017080695857
2025-04-19,1,0.0013036230231544543,1,0.5265425930973919,M2_NTV_plus_BTC_market,logistic,0,1.0,0.0005,-0.0005,0.0013036230231544543,0.728007927212847,1.4500896171583968
2025-04-20,1,0.027527099529631727,1,0.5450079939984402,M2_NTV_plus_BTC_market,logistic,0,0.0,0.0,0.0,0.027527099529631727,0.728007927212847,1.4900063783768016
2025-04-21,1,0.06767662701452015,0,0.4785186275258139,M2_NTV_plus_BTC_market,logistic,0,0.0,0.0,0.0,0.06767662701452015,0.728007927212847,1.5908449842954644
2025-04-22,1,0.0027527134594511615,1,0.5449213401122834,M2_NTV_plus_BTC_market,logistic,0,0.0,0.0,0.0,0.0027527134594511615,0.728007927212847,1.595224124695635
2025-04-23,1,0.0026114175645013393,0,0.48556373518122997,M2_NTV_plus_BTC_market,logistic,0,0.0,0.0,0.0,0.0026114175645013393,0.728007927212847,1.5993899209941813
2025-04-24,1,0.008267742531563593,0,0.4957746826677514,M2_NTV_plus_BTC_market,logistic,0,0.0,0.0,0.0,0.008267742531563593,0.728007927212847,1.612613265068539
2025-04-25,0,-0.0007767095032226168,1,0.586685667416659,M2_NTV_plus_BTC_market,logistic,1,1.0,0.0005,-0.0012767095032226168,-0.0007767095032226168,0.727078472573753,1.6113607330205373
2025-04-26,0,-0.00942540809771053,0,0.4719063273174348,M2_NTV_plus_BTC_market,logistic,0,1.0,0.0005,-0.0005,-0.00942540809771053,0.7267149333374662,1.5961730005191928
2025-04-27,1,0.013054325526514532,0,0.4771670855219608,M2_NTV_plus_BTC_market,logistic,0,0.0,0.0,0.0,0.013054325526514532,0.7267149333374662,1.6170099624646037
2025-04-28,0,-0.007306486319308303,0,0.3870543904167564,M2_NTV_plus_BTC_market,logistic,-1,1.0,0.0005,0.0068064863193083025,-0.007306486319308303,0.7316613085892646,1.6051953012956708
2025-04-29,0,-0.0008217291810309613,0,0.43772576195649127,M2_NTV_plus_BTC_market,logistic,-1,0.0,0.0,0.0008217291810309613,-0.0008217291810309613,0.7322625360371636,1.6038762654753425
2025-04-30,1,0.02425526614507767,0,0.4923030464950729,M2_NTV_plus_BTC_market,logistic,0,1.0,0.0005,-0.0005,0.02425526614507767,0.7318964047691451,1.6427787111582202
2025-05-01,1,0.0043291974532626565,1,0.5590065716305591,M2_NTV_plus_BTC_market,logistic,1,1.0,0.0005,0.0038291974532626565,0.0043291974532626565,0.7346989806183393,1.6498906245708405
2025-05-02,0,-0.010507405827035687,1,0.5265208066502427,M2_NTV_plus_BTC_market,logistic,0,1.0,0.0005,-0.0005,-0.010507405827035687,0.7343316311280301,1.6325545542082534
2025-05-03,0,-0.016433317174712747,1,0.6360023962164725,M2_NTV_plus_BTC_market,logistic,1,1.0,0.0005,-0.016933317174712748,-0.016433317174712747,0.7218969607067149,1.6057262674139274
2025-05-04,1,0.0045811763897039,1,0.580074480096938,M2_NTV_plus_BTC_market,logistic,1,0.0,0.0,0.0045811763897039,0.0045811763897039,0.7252040980189035,1.6130823826785314
2025-05-05,1,0.02168299794413664,0,0.4489732287228743,M2_NTV_plus_BTC_market,logistic,-1,2.0,0.001,-0.02268299794413664,0.02168299794413664,0.7087542949544613,1.648058844665873
2025-05-06,1,0.0023743581586117557,0,0.44077947341027784,M2_NTV_plus_BTC_market,logistic,-1,0.0,0.0,-0.0023743581586117557,0.0023743581586117557,0.7070714584117851,1.6519719266295778
2025-05-07,1,0.06399043746457878,1,0.5235886181544118,M2_NTV_plus_BTC_market,logistic,0,1.0,0.0005,-0.0005,0.06399043746457878,0.7067179226825793,1.7576823328938076
2025-05-08,0,-0.002621130818400763,1,0.5178318688654867,M2_NTV_plus_BTC_market,logistic,0,0.0,0.0,-0.0,-0.002621130818400763,0.7067179226825793,1.7530752175621012
2025-05-09,1,0.016756941758927724,1,0.5572229856840666,M2_NTV_plus_BTC_market,logistic,1,1.0,0.0005,0.016256941758927723,0.016756941758927724,0.7182069947916204,1.7824513968818088
2025-05-10,0,-0.005635047193781384,1,0.6172142471281629,M2_NTV_plus_BTC_market,logistic,1,0.0,0.0,-0.005635047193781384,-0.005635047193781384,0.7141598644810657,1.7724071991397583
2025-05-11,0,-0.01242389281274392,1,0.6513453254231217,M2_NTV_plus_BTC_market,logistic,1,0.0,0.0,-0.01242389281274392,-0.01242389281274392,0.7052872188735893,1.7503870020771102
2025-05-12,1,0.013197358248725033,1,0.5431016919748998,M2_NTV_plus_BTC_market,logistic,0,1.0,0.0005,-0.0005,0.013197358248725033,0.7049345752641525,1.7734874864174337
2025-05-13,0,-0.006051642240404331,0,0.4714398370612398,M2_NTV_plus_BTC_market,logistic,0,0.0,0.0,-0.0,-0.006051642240404331,0.7049345752641525,1.7627549746318014
2025-05-14,1,0.00198211052629782,0,0.4261051344501359,M2_NTV_plus_BTC_market,logistic,-1,1.0,0.0005,-0.00248211052629782,0.00198211052629782,0.7031848497345381,1.7662489498223028
2025-05-15,0,-0.0024613470244020386,0,0.3872267806356693,M2_NTV_plus_BTC_market,logistic,-1,0.0,0.0,0.0024613470244020386,-0.0024613470244020386,0.7049156316720367,1.7619015982253046
2025-05-16,0,-0.0028814878109744146,0,0.4806794043074668,M2_NTV_plus_BTC_market,logistic,0,1.0,0.0005,-0.0005,-0.0028814878109744146,0.7045631738562008,1.756824700245882
2025-05-17,1,0.03154266519659865,1,0.549602834730738,M2_NTV_plus_BTC_market,logistic,0,0.0,0.0,0.0,0.03154266519659865,0.7045631738562008,1.8122396335748527
2025-05-18,0,-0.007889709931436006,1,0.5132426418429357,M2_NTV_plus_BTC_market,logistic,0,0.0,0.0,-0.0,-0.007889709931436006,0.7045631738562008,1.7979415885396952
2025-05-19,1,0.011220046530480143,0,0.45072812877533885,M2_NTV_plus_BTC_market,logistic,0,0.0,0.0,0.0,0.011220046530480143,0.7045631738562008,1.818114576822196
2025-05-20,1,0.027034018449719976,0,0.47265734407228416,M2_NTV_plus_BTC_market,logistic,0,0.0,0.0,0.0,0.027034018449719976,0.7045631738562008,1.867265519835712
2025-05-21,1,0.018191448638679386,0,0.4311045900866909,M2_NTV_plus_BTC_market,logistic,-1,1.0,0.0005,-0.018691448638679387,0.018191448638679386,0.6913938674793627,1.9012337846345804
2025-05-22,0,-0.03927066820202352,0,0.38540811772152994,M2_NTV_plus_BTC_market,logistic,-1,0.0,0.0,0.03927066820202352,-0.03927066820202352,0.7185453666460586,1.8265710635037182
2025-05-23,1,0.004691674073487251,0,0.4711940886026775,M2_NTV_plus_BTC_market,logistic,0,1.0,0.0005,-0.0005,0.004691674073487251,0.7181860939627356,1.8351407396057406
2025-05-24,1,0.011543009819045436,0,0.42085715422184045,M2_NTV_plus_BTC_market,logistic,-1,1.0,0.0005,-0.012043009819045436,0.011543009819045436,0.7095369717812405,1.85632378718234
2025-05-25,1,0.003714175371671846,0,0.3653382536047808,M2_NTV_plus_BTC_market,logistic,-1,0.0,0.0,-0.003714175371671846,0.003714175371671846,0.7069016270353601,1.863218499274541
2025-05-26,0,-0.004072780217708405,0,0.334872825967467,M2_NTV_plus_BTC_market,logistic,-1,0.0,0.0,0.004072780217708405,-0.004072780217708405,0.7097806819978156,1.8556300198294273
2025-05-27,0,-0.010939184653144474,0,0.44904308350527466,M2_NTV_plus_BTC_market,logistic,-1,0.0,0.0,0.010939184653144474,-0.010939184653144474,0.7175451039414245,1.835330940394595
2025-05-28,0,-0.020041963379443528,0,0.4208717048970241,M2_NTV_plus_BTC_market,logistic,-1,0.0,0.0,0.020041963379443528,-0.020041963379443528,0.7319261166377174,1.798547304898047
2025-05-29,0,-0.015554336978341854,0,0.4368865033513173,M2_NTV_plus_BTC_market,logistic,-1,0.0,0.0,0.015554336978341854,-0.015554336978341854,0.7433107420991497,1.7705720940461742
2025-05-30,1,0.006149348357177731,0,0.4733915383483455,M2_NTV_plus_BTC_market,logistic,0,1.0,0.0005,-0.0005,0.006149348357177731,0.7429390867281002,1.781459958643962
2025-05-31,1,0.009690618169351017,0,0.47781626551342643,M2_NTV_plus_BTC_market,logistic,0,0.0,0.0,0.0,0.009690618169351017,0.7429390867281002,1.7987234068871685
2025-06-01,1,0.0021715582000447764,0,0.413063825135213,M2_NTV_plus_BTC_market,logistic,-1,1.0,0.0005,-0.0026715582000447764,0.0021715582000447764,0.7409542817188179,1.8026294394510067
2025-06-02,0,-0.004241178746647534,0,0.44323249507485496,M2_NTV_plus_BTC_market,logistic,-1,0.0,0.0,0.004241178746647534,-0.004241178746647534,0.7440968012706813,1.794984165784326
2025-06-03,0,-0.0066439151364365845,0,0.43463160978462795,M2_NTV_plus_BTC_market,logistic,-1,0.0,0.0,0.0066439151364365845,-0.0066439151364365845,0.7490405172716177,1.7830584433156076
2025-06-04,0,-0.030134359325224014,0,0.4168128393960597,M2_NTV_plus_BTC_market,logistic,-1,0.0,0.0,0.030134359325224014,-0.030134359325224014,0.7716123733682324,1.7293271194868605
2025-06-05,1,0.027707252931573167,0,0.4586603758681436,M2_NTV_plus_BTC_market,logistic,0,1.0,0.0005,-0.0005,0.027707252931573167,0.7712265671815484,1.7772420233879118
2025-06-06,1,0.011737496074678777,0,0.33879372799497165,M2_NTV_plus_BTC_market,logistic,-1,1.0,0.0005,-0.012237496074678778,0.011737496074678777,0.7617886850929763,1.7981023946611816
2025-06-07,1,0.0016855786016509722,0,0.43959821518155456,M2_NTV_plus_BTC_market,logistic,-1,0.0,0.0,-0.0016855786016509722,0.0016855786016509722,0.7605046303864037,1.8011332375812
2025-06-08,1,0.04253991795791734,0,0.44605605488582345,M2_NTV_plus_BTC_market,logistic,-1,0.0,0.0,-0.04253991795791734,0.04253991795791734,0.7281528258031499,1.8777532977391822
2025-06-09,0,-0.0003342625487465778,0,0.48087684465403907,M2_NTV_plus_BTC_market,logistic,0,1.0,0.0005,-0.0005,-0.0003342625487465778,0.7277887493902484,1.8771256351359626
2025-06-10,0,-0.014244955298426398,0,0.42809229527390036,M2_NTV_plus_BTC_market,logistic,-1,1.0,0.0005,0.013744955298426398,-0.014244955298426398,0.7377921732173149,1.8503860643739205
2025-06-11,0,-0.025371753999169577,0,0.4528530559881485,M2_NTV_plus_BTC_market,logistic,0,1.0,0.0005,-0.0005,-0.025371753999169577,0.7374232771307063,1.8034385243451339
2025-06-12,1,0.0015285141831733462,0,0.3863336403239605,M2_NTV_plus_BTC_market,logistic,-1,1.0,0.0005,-0.002028514183173346,0.0015285141831733462,0.7359274035540445,1.8061951057080765
2025-06-13,0,-0.0058304915798971235,0,0.30490522375427614,M2_NTV_plus_BTC_market,logistic,-1,0.0,0.0,0.0058304915798971235,-0.0058304915798971235,0.740218222083882,1.7956641003525942
2025-06-14,1,0.0007548627203146641,0,0.4213053742661139,M2_NTV_plus_BTC_market,logistic,-1,0.0,0.0,-0.0007548627203146641,0.0007548627203146641,0.7396594589431332,1.7970195802401576
2025-06-15,1,0.011792615001237072,0,0.4189844668750115,M2_NTV_plus_BTC_market,logistic,-1,0.0,0.0,-0.011792615001237072,0.011792615001237072,0.7309369397117935,1.8182111402996144
2025-06-16,0,-0.020559056941174436,0,0.4484670873419671,M2_NTV_plus_BTC_market,logistic,-1,0.0,0.0,0.020559056941174436,-0.020559056941174436,0.745964313875736,1.7808304339351169
2025-06-17,1,0.0026979724986506692,1,0.5089460433349442,M2_NTV_plus_BTC_market,logistic,0,1.0,0.0005,-0.0005,0.0026979724986506692,0.7455913317187982,1.7856350654706339
2025-06-18,0,-0.0018977187896134229,0,0.4674843424615104,M2_NTV_plus_BTC_market,logistic,0,0.0,0.0,-0.0,-0.0018977187896134229,0.7455913317187982,1.7822464322554976
2025-06-19,0,-0.013131746055793259,0,0.47476671883320243,M2_NTV_plus_BTC_market,logistic,0,0.0,0.0,-0.0,-0.013131746055793259,0.7455913317187982,1.7588424246982748
2025-06-20,0,-0.010184874363913243,0,0.428207925231842,M2_NTV_plus_BTC_market,logistic,-1,1.0,0.0005,0.009684874363913243,-0.010184874363913243,0.7528122900933176,1.7409288355768022
2025-06-21,0,-0.012422235919953284,0,0.4868333778450239,M2_NTV_plus_BTC_market,logistic,0,1.0,0.0005,-0.0005,-0.012422235919953284,0.752435883948271,1.7193026068614177
2025-06-22,1,0.04545759771084712,0,0.4767366101301419,M2_NTV_plus_BTC_market,logistic,0,0.0,0.0,0.0,0.04545759771084712,0.752435883948271,1.7974579731073348
2025-06-23,1,0.004431419225533917,0,0.3612626121754645,M2_NTV_plus_BTC_market,logistic,-1,1.0,0.0005,-0.004931419225533917,0.004431419225533917,0.748725307164187,1.805423262926452
2025-06-24,1,0.012406215749838134,0,0.41908506070386026,M2_NTV_plus_BTC_market,logistic,-1,0.0,0.0,-0.012406215749838134,0.012406215749838134,0.7394364594661442,1.8278217334460942
2025-06-25,0,-0.003737454466123835,0,0.4018799367040531,M2_NTV_plus_BTC_market,logistic,-1,0.0,0.0,0.003737454466123835,-0.003737454466123835,0.7422000695639909,1.820990332945148
2025-06-26,1,0.0012007263229245613,0,0.45935447538219065,M2_NTV_plus_BTC_market,logistic,0,1.0,0.0005,-0.0005,0.0012007263229245613,0.741828969529209,1.8231768439717064
2025-06-27,1,0.002234353778444831,0,0.44525869028759146,M2_NTV_plus_BTC_market,logistic,-1,1.0,0.0005,-0.002734353778444831,0.002234353778444831,0.739800546683417,1.8272504660418076
2025-06-28,1,0.009856422495764683,0,0.4987829346564986,M2_NTV_plus_BTC_market,logistic,0,1.0,0.0005,-0.0005,0.009856422495764683,0.7394306464100753,1.8452606186406986
2025-06-29,0,-0.011535062936840146,0,0.4865574423283499,M2_NTV_plus_BTC_market,logistic,0,0.0,0.0,-0.0,-0.011535062936840146,0.7394306464100753,1.8239754212698056
2025-06-30,0,-0.013413452013053329,0,0.4487052995888757,M2_NTV_plus_BTC_market,logistic,-1,1.0,0.0005,0.012913452013053328,-0.013413452013053329,0.7489792485794728,1.7995096144836142
2025-07-01,1,0.02990624847553991,0,0.4562066261950606,M2_NTV_plus_BTC_market,logistic,0,1.0,0.0005,-0.0005,0.02990624847553991,0.7486047589551832,1.8533261961484842
2025-07-02,1,0.007244728772290987,0,0.4063830001858265,M2_NTV_plus_BTC_market,logistic,-1,1.0,0.0005,-0.0077447287722909874,0.007244728772290987,0.7428070181394291,1.8667530417661617
2025-07-03,0,-0.014716556343200904,0,0.47847459116914626,M2_NTV_plus_BTC_market,logistic,0,1.0,0.0005,-0.0005,-0.014716556343200904,0.7424356146303593,1.8392808654481683
2025-07-04,1,0.0018220480395592098,0,0.4534575566369032,M2_NTV_plus_BTC_market,logistic,0,0.0,0.0,0.0,0.0018220480395592098,0.7424356146303593,1.8426321235432568
2025-07-05,1,0.009247710575546852,0,0.48199578766947515,M2_NTV_plus_BTC_market,logistic,0,0.0,0.0,0.0,0.009247710575546852,0.7424356146303593,1.8596722521189901
2025-07-06,0,-0.008534295352390808,0,0.4756549741517263,M2_NTV_plus_BTC_market,logistic,0,0.0,0.0,-0.0,-0.008534295352390808,0.7424356146303593,1.843801259860761
2025-07-07,1,0.006005750382996888,0,0.4854601583078551,M2_NTV_plus_BTC_market,logistic,0,0.0,0.0,0.0,0.006005750382996888,0.7424356146303593,1.8548746699833398
2025-07-08,1,0.021810695604753683,0,0.4253237766434839,M2_NTV_plus_BTC_market,logistic,-1,1.0,0.0005,-0.022310695604753683,0.021810695604753683,0.7258713596262132,1.8953307767953145
2025-07-09,1,0.041864660687494615,0,0.42927290411205327,M2_NTV_plus_BTC_market,logistic,-1,0.0,0.0,-0.041864660687494615,0.041864660687494615,0.6954830014526914,1.974678156656416
2025-07-10,1,0.013189291760499877,1,0.5057337954407105,M2_NTV_plus_BTC_market,logistic,0,1.0,0.0005,-0.0005,0.013189291760499877,0.695135259951965,2.0007227629976434
2025-07-11,0,-0.0006957770402219454,0,0.4915537271110491,M2_NTV_plus_BTC_market,logistic,0,0.0,0.0,-0.0,-0.0006957770402219454,0.695135259951965,1.9993307060353003
2025-07-12,1,0.014313342548076147,1,0.5113040047929152,M2_NTV_plus_BTC_market,logistic,0,0.0,0.0,0.0,0.014313342548076147,0.695135259951965,2.0279478112976705
2025-07-13,1,0.006158578325259345,0,0.42933981581988845,M2_NTV_plus_BTC_market,logistic,-1,1.0,0.0005,-0.0066585783252593456,0.006158578325259345,0.6905066473769254,2.0404370867330854
2025-07-14,0,-0.01729262210051885,1,0.5117002950290919,M2_NTV_plus_BTC_market,logistic,0,1.0,0.0005,-0.0005,-0.01729262210051885,0.690161394053237,2.0051525792723264
2025-07-15,1,0.00816219450392297,0,0.46139596585430787,M2_NTV_plus_BTC_market,logistic,0,0.0,0.0,0.0,0.00816219450392297,0.690161394053237,2.0215190246343897
2025-07-16,1,0.004643278306736054,0,0.3794527146693826,M2_NTV_plus_BTC_market,logistic,-1,1.0,0.0005,-0.005143278306736054,0.004643278306736054,0.6866117019270562,2.030905500068129
2025-07-17,0,-0.01078563897020779,0,0.3577372391845087,M2_NTV_plus_BTC_market,logistic,-1,0.0,0.0,0.01078563897020779,-0.01078563897020779,0.6940172478567613,2.0090008865617848
2025-07-18,0,-0.0005360022928398989,0,0.4608263637330039,M2_NTV_plus_BTC_market,logistic,0,1.0,0.0005,-0.0005,-0.0005360022928398989,0.693670239232833,2.0079240574802704
2025-07-19,0,-0.00541960002562214,1,0.5249932606061946,M2_NTV_plus_BTC_market,logistic,0,0.0,0.0,-0.0,-0.00541960002562214,0.693670239232833,1.997041912206903
2025-07-20,1,0.0011828564931994912,0,0.462226582255458,M2_NTV_plus_BTC_market,logistic,0,0.0,0.0,0.0,0.0011828564931994912,0.693670239232833,1.9994041261999485
2025-07-21,1,0.02176332622218302,0,0.38962018807312643,M2_NTV_plus_BTC_market,logistic,-1,1.0,0.0005,-0.022263326222183022,0.02176332622218302,0.6782268324061728,2.042917810448417
2025-07-22,0,-0.010337504434577038,0,0.4165852197806808,M2_NTV_plus_BTC_market,logistic,-1,0.0,0.0,0.010337504434577038,-0.010337504434577038,0.6852380052938207,2.02179913852343
2025-07-23,0,-0.0032584822936673197,0,0.4390464601043527,M2_NTV_plus_BTC_market,logistic,-1,0.0,0.0,0.0032584822936673197,-0.0032584822936673197,0.6874708412010186,2.0152111418292
2025-07-24,0,-0.006185093838706357,0,0.39276256323784414,M2_NTV_plus_BTC_market,logistic,-1,0.0,0.0,0.006185093838706357,-0.006185093838706357,0.6917229128652215,2.0027468718121795
2025-07-25,1,0.002647868724685587,0,0.3130558818004327,M2_NTV_plus_BTC_market,logistic,-1,0.0,0.0,-0.002647868724685587,0.002647868724685587,0.6898913213980973,2.008049882617513
2025-07-26,1,0.012727075099638885,0,0.43914996172182597,M2_NTV_plus_BTC_market,logistic,-1,0.0,0.0,-0.012727075099638885,0.012727075099638885,0.6811110227400746,2.0336064842774073
2025-07-27,0,-0.012758768211219684,0,0.44666398334563345,M2_NTV_plus_BTC_market,logistic,-1,0.0,0.0,0.012758768211219684,-0.012758768211219684,0.6898011604053221,2.0076601705116786
2025-07-28,0,-1.9742508661990676e-05,0,0.4418441742471514,M2_NTV_plus_BTC_market,logistic,-1,0.0,0.0,1.9742508661990676e-05,-1.9742508661990676e-05,0.6898147788107065,2.007620534263372
2025-07-29,0,-0.0007713643170961237,0,0.3733315973275416,M2_NTV_plus_BTC_market,logistic,-1,0.0,0.0,0.0007713643170961237,-0.0007713643170961237,0.6903468773164867,2.0060719274209715
2025-07-30,0,-0.017592832754910526,0,0.3615227258651084,M2_NTV_plus_BTC_market,logistic,-1,0.0,0.0,0.017592832754910526,-0.017592832754910526,0.7024920344719903,1.9707794395075333
2025-07-31,0,-0.021062154747402473,0,0.38739510836854696,M2_NTV_plus_BTC_market,logistic,-1,0.0,0.0,0.021062154747402473,-0.021062154747402473,0.717288030410857,1.9292705779796266
2025-08-01,0,-0.006999393518263508,0,0.29399032197242203,M2_NTV_plus_BTC_market,logistic,-1,0.0,0.0,0.006999393518263508,-0.006999393518263508,0.7223086116016427,1.9157668540011397
2025-08-02,1,0.015025363723748075,0,0.4196756151581648,M2_NTV_plus_BTC_market,logistic,-1,0.0,0.0,-0.015025363723748075,0.015025363723748075,0.7114556619915325,1.9445519477924074
2025-08-03,1,0.007478798363486527,0,0.40517818842424763,M2_NTV_plus_BTC_market,logistic,-1,0.0,0.0,-0.007478798363486527,0.007478798363486527,0.706134828550937,1.9590948597172717
2025-08-04,0,-0.008085706753543476,0,0.4153430190893844,M2_NTV_plus_BTC_market,logistic,-1,0.0,0.0,0.008085706753543476,-0.008085706753543476,0.7118444277030637,1.9432541931792235
2025-08-05,1,0.007767158415357134,0,0.4010829016385035,M2_NTV_plus_BTC_market,logistic,-1,0.0,0.0,-0.007767158415357134,0.007767158415357134,0.7063154192660047,1.9583477563389535
2025-08-06,1,0.021463456180234486,0,0.3608997020628122,M2_NTV_plus_BTC_market,logistic,-1,0.0,0.0,-0.021463456180234486,0.021463456180234486,0.6911554492151649,2.000380667592795
2025-08-07,0,-0.0068782400705657,0,0.43553306397178543,M2_NTV_plus_BTC_market,logistic,-1,0.0,0.0,0.0068782400705657,-0.0068782400705657,0.6959093823209465,1.9866215691285734
2025-08-08,0,-0.0016142706587778388,0,0.3770293761149378,M2_NTV_plus_BTC_market,logistic,-1,0.0,0.0,0.0016142706587778388,-0.0016142706587778388,0.6970327684179953,1.983414624219434
2025-08-09,1,0.02408918266480664,0,0.4094306863474347,M2_NTV_plus_BTC_market,logistic,-1,0.0,0.0,-0.02408918266480664,0.02408918266480664,0.6802418187362184,2.031193461402305
2025-08-10,0,-0.004822128356753663,0,0.33283224592693056,M2_NTV_plus_BTC_market,logistic,-1,0.0,0.0,0.004822128356753663,-0.004822128356753663,0.6835220320997959,2.021398785814024
2025-08-11,1,0.012140515376580119,0,0.3814657623735935,M2_NTV_plus_BTC_market,logistic,-1,0.0,0.0,-0.012140515376580119,0.012140515376580119,0.6752237223588571,2.0459396088553996
2025-08-12,1,0.026388279596092357,0,0.2892269660682882,M2_NTV_plus_BTC_market,logistic,-1,0.0,0.0,-0.026388279596092357,0.026388279596092357,0.6574057299833374,2.099928435290596
2025-08-13,0,-0.040411222672351976,0,0.2723396365276841,M2_NTV_plus_BTC_market,logistic,-1,0.0,0.0,0.040411222672351976,-0.040411222672351976,0.683972299323774,2.015067759696064
2025-08-14,0,-0.008121240187970669,0,0.33453745034260773,M2_NTV_plus_BTC_market,logistic,-1,0.0,0.0,0.008121240187970669,-0.008121240187970669,0.689527002648501,1.9987029104245364
2025-08-15,1,0.0007921746665282559,0,0.3533115252035222,M2_NTV_plus_BTC_market,logistic,-1,0.0,0.0,-0.0007921746665282559,0.0007921746665282559,0.6889807768251157,2.000286232236091
2025-08-16,0,-0.00032588834829794244,0,0.4392723787744828,M2_NTV_plus_BTC_market,logistic,-1,0.0,0.0,0.00032588834829794244,-0.00032588834829794244,0.6892053076324843,1.9996343622597443
2025-08-17,0,-0.01022323279139703,0,0.40836597784990025,M2_NTV_plus_BTC_market,logistic,-1,0.0,0.0,0.01022323279139703,-0.01022323279139703,0.6962512139334777,1.9791916346766862
2025-08-18,0,-0.029428514056440758,0,0.41373112598234896,M2_NTV_plus_BTC_market,logistic,-1,0.0,0.0,0.029428514056440758,-0.029428514056440758,0.7167408525695329,1.9209469658352134
2025-08-19,1,0.012794003430595335,0,0.43081801207964626,M2_NTV_plus_BTC_market,logistic,-1,0.0,0.0,-0.012794003430595335,0.012794003430595335,0.7075708676429104,1.945523567906101
2025-08-20,0,-0.01623902974513114,0,0.33394965974445173,M2_NTV_plus_BTC_market,logistic,-1,0.0,0.0,0.01623902974513114,-0.01623902974513114,0.719061132009352,1.91393015281702
2025-08-21,1,0.03962900798880531,0,0.4543180607751344,M2_NTV_plus_BTC_market,logistic,0,1.0,0.0005,-0.0005,0.03962900798880531,0.7187016014433473,1.989777306133021
2025-08-22,0,-0.012832252765613172,0,0.3102412856587121,M2_NTV_plus_BTC_market,logistic,-1,1.0,0.0005,0.012332252765613172,-0.012832252765613172,0.7275648112553975,1.9642439807934413
2025-08-23,0,-0.016605933647771742,0,0.4772164233326332,M2_NTV_plus_BTC_market,logistic,0,1.0,0.0005,-0.0005,-0.016605933647771742,0.7272010288497699,1.9316258755803504
2025-08-24,0,-0.029385900493979156,0,0.4324833029926342,M2_NTV_plus_BTC_market,logistic,-1,1.0,0.0005,0.028885900493979155,-0.029385900493979156,0.7482068854082436,1.8748633098089509
2025-08-25,1,0.015240086898922645,0,0.33359147027469904,M2_NTV_plus_BTC_market,logistic,-1,0.0,0.0,-0.015240086898922645,0.015240086898922645,0.7368041474562498,1.903436389574041
2025-08-26,0,-0.005193022862549412,0,0.30724936827159943,M2_NTV_plus_BTC_market,logistic,-1,0.0,0.0,0.005193022862549412,-0.005193022862549412,0.7406303882392113,1.8935518008855745
2025-08-27,1,0.01189280397942638,0,0.34510543338725375,M2_NTV_plus_BTC_market,logistic,-1,0.0,0.0,-0.01189280397942638,0.01189280397942638,0.731822216210676,1.9160714412783966
2025-08-28,0,-0.036731759955323295,0,0.3452704308064706,M2_NTV_plus_BTC_market,logistic,-1,0.0,0.0,0.036731759955323295,-0.036731759955323295,0.7587033341864992,1.8456907650401082
2025-08-29,1,0.003664157476186425,0,0.39427699144411676,M2_NTV_plus_BTC_market,logistic,-1,0.0,0.0,-0.003664157476186425,0.003664157476186425,0.7559233256923321,1.8524536666555582
2025-08-30,0,-0.00525107534173741,0,0.42800600824219803,M2_NTV_plus_BTC_market,logistic,-1,0.0,0.0,0.00525107534173741,-0.00525107534173741,0.7598927360281192,1.8427262928848722
2025-08-31,1,0.009367272930950854,0,0.44307225125323707,M2_NTV_plus_BTC_market,logistic,-1,0.0,0.0,-0.009367272930950854,0.009367272930950854,0.7527746133714969,1.859987613007364
2025-09-01,1,0.017848801737061493,0,0.3624332600112514,M2_NTV_plus_BTC_market,logistic,-1,0.0,0.0,-0.017848801737061493,0.017848801737061493,0.7393384885447359,1.8931861631453228
2025-09-02,1,0.004699840343410866,0,0.3096746758452987,M2_NTV_plus_BTC_market,logistic,-1,0.0,0.0,-0.004699840343410866,0.004699840343410866,0.735863715688837,1.9020838358524605
2025-09-03,0,-0.008947195185422974,0,0.31868659913249064,M2_NTV_plus_BTC_market,logistic,-1,0.0,0.0,0.008947195185422974,-0.008947195185422974,0.7424476319829756,1.8850655205140505
2025-09-04,0,-0.0006558419928113235,0,0.38730807284400903,M2_NTV_plus_BTC_market,logistic,-1,0.0,0.0,0.0006558419928113235,-0.0006558419928113235,0.7429345603174934,1.8838292153864966
2025-09-05,0,-0.0038525555367432407,0,0.3725570564913042,M2_NTV_plus_BTC_market,logistic,-1,0.0,0.0,0.0038525555367432407,-0.0038525555367432407,0.7457967569712824,1.8765716587124808
2025-09-06,1,0.008554542812086785,0,0.4808400833954723,M2_NTV_plus_BTC_market,logistic,0,1.0,0.0005,-0.0005,0.008554542812086785,0.7454238585927968,1.8926248713068854
2025-09-07,1,0.008130177859939192,0,0.4127094331731034,M2_NTV_plus_BTC_market,logistic,-1,1.0,0.0005,-0.008630177859939192,0.008130177859939192,0.7389907181120988,1.9080122481327548
2025-09-08,0,-0.004826232823193166,0,0.3663366417019355,M2_NTV_plus_BTC_market,logistic,-1,0.0,0.0,0.004826232823193166,-0.004826232823193166,0.7425572593718865,1.898803736793762
2025-09-09,1,0.02174124101370767,0,0.3621552358691677,M2_NTV_plus_BTC_market,logistic,-1,0.0,0.0,-0.02174124101370767,0.02174124101370767,0.7264131430294041,1.940086086473124
2025-09-10,1,0.013620945043858246,0,0.2980539267225059,M2_NTV_plus_BTC_market,logistic,-1,0.0,0.0,-0.013620945043858246,0.013620945043858246,0.7165187095290643,1.9665118924373284
2025-09-11,1,0.005142859655061782,0,0.3038245814123955,M2_NTV_plus_BTC_market,logistic,-1,0.0,0.0,-0.005142859655061782,0.005142859655061782,0.7128337543657303,1.9766253871101436
2025-09-12,0,-0.0013011908618274504,0,0.30866899825094696,M2_NTV_plus_BTC_market,logistic,-1,0.0,0.0,0.0013011908618274504,-0.0013011908618274504,0.7137612871329131,1.9740534202191797
2025-09-13,0,-0.004681752350561785,0,0.48178687675686593,M2_NTV_plus_BTC_market,logistic,0,1.0,0.0005,-0.0005,-0.004681752350561785,0.7134044064893467,1.964811390978934
2025-09-14,1,0.0003224981011604733,0,0.49119272124019986,M2_NTV_plus_BTC_market,logistic,0,0.0,0.0,0.0,0.0003224981011604733,0.7134044064893467,1.9654450389216631
2025-09-15,1,0.012112382641498831,0,0.36905707774117147,M2_NTV_plus_BTC_market,logistic,-1,1.0,0.0005,-0.012612382641498832,0.012112382641498831,0.7044066771365717,1.989251261293918
2025-09-16,0,-0.0032066883445814875,0,0.3761315923660085,M2_NTV_plus_BTC_market,logistic,-1,0.0,0.0,0.0032066883445814875,-0.0032066883445814875,0.7066654898179908,1.9828723524598828
2025-09-17,1,0.005741425944741474,0,0.39135942293744147,M2_NTV_plus_BTC_market,logistic,-1,0.0,0.0,-0.005741425944741474,0.005741425944741474,0.7026082222404963,1.9942568672294065
2025-09-18,0,-0.012364506846338497,0,0.40554266262003086,M2_NTV_plus_BTC_market,logistic,-1,0.0,0.0,0.012364506846338497,-0.012364506846338497,0.7112956264146827,1.969598864541191
2025-09-19,1,0.0002861257573012477,0,0.4543996914061164,M2_NTV_plus_BTC_market,logistic,0,1.0,0.0005,-0.0005,0.0002861257573012477,0.7109399786014754,1.9701624175078876
2025-09-20,0,-0.003593675600818802,0,0.48634438472482855,M2_NTV_plus_BTC_market,logistic,0,0.0,0.0,-0.0,-0.003593675600818802,0.7109399786014754,1.9630822928984393
2025-09-21,0,-0.02218083931492132,0,0.4430500819694475,M2_NTV_plus_BTC_market,logistic,-1,1.0,0.0005,0.02168083931492132,-0.02218083931492132,0.7263537540400875,1.9195394799976917
2025-09-22,0,-0.00651013327573835,0,0.40125369469658007,M2_NTV_plus_BTC_market,logistic,-1,0.0,0.0,0.00651013327573835,-0.00651013327573835,0.7310824137842215,1.9070430221548653
2025-09-23,1,0.011731809832655538,0,0.4485924701684732,M2_NTV_plus_BTC_market,logistic,-1,0.0,0.0,-0.011731809832655538,0.011731809832655538,0.7225054939337062,1.929416088233479
2025-09-24,0,-0.03776048156409062,0,0.39075605653358936,M2_NTV_plus_BTC_market,logistic,-1,0.0,0.0,0.03776048156409062,-0.03776048156409062,0.7497876493173441,1.8565604076042788
2025-09-25,1,0.0060847628462732395,0,0.45344537989647554,M2_NTV_plus_BTC_market,logistic,0,1.0,0.0005,-0.0005,0.0060847628462732395,0.7494127554926855,1.8678571373943311
2025-09-26,0,-0.0002814877077529365,0,0.38468634901882626,M2_NTV_plus_BTC_market,logistic,-1,1.0,0.0005,-0.0002185122922470635,-0.0002814877077529365,0.7492489995936437,1.867331358570316
2025-09-27,1,0.02225248016477188,0,0.41978932482604686,M2_NTV_plus_BTC_market,logistic,-1,0.0,0.0,-0.02225248016477188,0.02225248016477188,0.7325763510917109,1.9088841125879585
2025-09-28,1,0.02031473906432546,0,0.46901462813258316,M2_NTV_plus_BTC_market,logistic,0,1.0,0.0005,-0.0005,0.02031473906432546,0.7322100629161651,1.9476625952392195
2025-09-29,0,-0.003009577997342028,0,0.36524609621604276,M2_NTV_plus_BTC_market,logistic,-1,1.0,0.0005,0.002509577997342028,-0.003009577997342028,0.734047601179492,1.9418009527463413
2025-09-30,1,0.04026829179914837,0,0.4207185034803826,M2_NTV_plus_BTC_market,logistic,-1,0.0,0.0,-0.04026829179914837,0.04026829179914837,0.7044887581807313,2.0199939601273953
2025-10-01,1,0.017128920845327356,0,0.4637861595207129,M2_NTV_plus_BTC_market,logistic,0,1.0,0.0005,-0.0005,0.017128920845327356,0.704136513801641,2.054594276778457
2025-10-02,1,0.013136036748664148,0,0.4856868844347168,M2_NTV_plus_BTC_market,logistic,0,0.0,0.0,0.0,0.013136036748664148,0.704136513801641,2.0815835027018137
2025-10-03,1,0.001299606980548873,0,0.45138300983283336,M2_NTV_plus_BTC_market,logistic,0,0.0,0.0,0.0,0.001299606980548873,0.704136513801641,2.0842887431525203
2025-10-04,1,0.008887425412982486,1,0.506038856734063,M2_NTV_plus_BTC_market,logistic,0,0.0,0.0,0.0,0.008887425412982486,0.704136513801641,2.1028127038964075
2025-10-05,1,0.010031736794915869,1,0.5305757030533133,M2_NTV_plus_BTC_market,logistic,0,0.0,0.0,0.0,0.010031736794915869,0.704136513801641,2.123907567470902
2025-10-06,0,-0.026461574802715715,0,0.30878459585453694,M2_NTV_plus_BTC_market,logistic,-1,1.0,0.0005,0.025961574802715714,-0.026461574802715715,0.7224170065760258,2.0677056285002164
2025-10-07,1,0.01567280940669602,0,0.4050606344332349,M2_NTV_plus_BTC_market,logistic,-1,0.0,0.0,-0.01567280940669602,0.01567280940669602,0.7110947025198039,2.100112384724853
2025-10-08,0,-0.013370216251727518,0,0.3642020414104629,M2_NTV_plus_BTC_market,logistic,-1,0.0,0.0,0.013370216251727518,-0.013370216251727518,0.7206021924679515,2.0720334279881505
2025-10-09,0,-0.06976852117831744,0,0.38788365536903363,M2_NTV_plus_BTC_market,logistic,-1,0.0,0.0,0.06976852117831744,-0.06976852117831744,0.7708775417942938,1.9274707198853775
2025-10-10,0,-0.02125599811033263,0,0.3858092047336813,M2_NTV_plus_BTC_market,logistic,-1,0.0,0.0,0.02125599811033263,-0.02125599811033263,0.7872633133659712,1.8865004059057724
2025-10-11,1,0.03936437283871608,1,0.5090631320391658,M2_NTV_plus_BTC_market,logistic,0,1.0,0.0005,-0.0005,0.03936437283871608,0.7868696817092883,1.9607613112442364
2025-10-12,1,0.000879679657679322,0,0.33379359515432516,M2_NTV_plus_BTC_market,logistic,-1,1.0,0.0005,-0.001379679657679322,0.000879679657679322,0.7857840536161894,1.9624861530833027
2025-10-13,0,-0.01867262888064536,0,0.3862598726011131,M2_NTV_plus_BTC_market,logistic,-1,0.0,0.0,0.01867262888064536,-0.01867262888064536,0.8004567076296937,1.9258413774633727
2025-10-14,0,-0.02064646024028005,0,0.42483387573085996,M2_NTV_plus_BTC_market,logistic,-1,0.0,0.0,0.02064646024028005,-0.02064646024028005,0.8169833052178356,1.886079570034489
2025-10-15,0,-0.023443318504017374,0,0.4627451886854504,M2_NTV_plus_BTC_market,logistic,0,1.0,0.0005,-0.0005,-0.023443318504017374,0.8165748135652267,1.8418636059502502
2025-10-16,0,-0.01588236351834038,0,0.4627351172285851,M2_NTV_plus_BTC_market,logistic,0,0.0,0.0,-0.0,-0.01588236351834038,0.8165748135652267,1.8126104586093472
2025-10-17,1,0.006861009972426446,0,0.41261321874251405,M2_NTV_plus_BTC_market,logistic,-1,1.0,0.0005,-0.007361009972426447,0.006861009972426446,0.8105639982193408,1.8250467970419904
2025-10-18,1,0.013698405510000455,0,0.46638075331218665,M2_NTV_plus_BTC_market,logistic,0,1.0,0.0005,-0.0005,0.013698405510000455,0.8101587162202312,1.8500470281425991
2025-10-19,1,0.01768912239467313,0,0.35706373035088523,M2_NTV_plus_BTC_market,logistic,-1,1.0,0.0005,-0.01818912239467313,0.01768912239467313,0.7954226401717902,1.8827727364593148
2025-10-20,0,-0.019098105646452646,0,0.368140516275396,M2_NTV_plus_BTC_market,logistic,-1,0.0,0.0,0.019098105646452646,-0.019098105646452646,0.8106137057873712,1.846815343830154
2025-10-21,0,-0.007267028792566799,0,0.3536688913401936,M2_NTV_plus_BTC_market,logistic,-1,0.0,0.0,0.007267028792566799,-0.007267028792566799,0.8165044589269772,1.8333944835519862
2025-10-22,1,0.022111355667553845,0,0.4551032901989551,M2_NTV_plus_BTC_market,logistic,0,1.0,0.0005,-0.0005,0.022111355667553845,0.8160962066975138,1.8739333210567353
2025-10-23,1,0.008759859251149305,0,0.3807236779579321,M2_NTV_plus_BTC_market,logistic,-1,1.0,0.0005,-0.009259859251149305,0.008759859251149305,0.808539270688098,1.890348713195231
2025-10-24,1,0.005474045023684315,0,0.36581224771213927,M2_NTV_plus_BTC_market,logistic,-1,0.0,0.0,-0.005474045023684315,0.005474045023684315,0.8041132903169346,1.9006965671617255
2025-10-25,1,0.025355383127430242,0,0.39940305326818515,M2_NTV_plus_BTC_market,logistic,-1,0.0,0.0,-0.025355383127430242,0.025355383127430242,0.7837246897630902,1.9488894568311026
2025-10-26,0,-0.0030847352525406047,0,0.4046974268278143,M2_NTV_plus_BTC_market,logistic,-1,0.0,0.0,0.0030847352525406047,-0.0030847352525406047,0.7861422729418888,1.942877648820311
2025-10-27,0,-0.01019252462848308,0,0.38770832090446694,M2_NTV_plus_BTC_market,logistic,-1,0.0,0.0,0.01019252462848308,-0.01019252462848308,0.7941550474203406,1.9230748205345807
2025-10-28,0,-0.025681284408657135,0,0.3892779607102315,M2_NTV_plus_BTC_market,logistic,-1,0.0,0.0,0.025681284408657135,-0.025681284408657135,0.8145499690577129,1.873687789129305
2025-10-29,0,-0.015898895718551742,0,0.39084924166736495,M2_NTV_plus_BTC_market,logistic,-1,0.0,0.0,0.015898895718551742,-0.015898895718551742,0.8275004140733111,1.8438982223608142
2025-10-30,1,0.011547120379193476,0,0.37910542695200883,M2_NTV_plus_BTC_market,logistic,-1,0.0,0.0,-0.011547120379193476,0.011547120379193476,0.8179451671781741,1.8651899371013954
2025-10-31,1,0.004635536182247879,0,0.4024481452544432,M2_NTV_plus_BTC_market,logistic,-1,0.0,0.0,-0.004635536182247879,0.004635536182247879,0.8141535527606248,1.8738360925415936
2025-11-01,1,0.005229768982454308,0,0.48398325863244923,M2_NTV_plus_BTC_market,logistic,0,1.0,0.0005,-0.0005,0.005229768982454308,0.8137464759842445,1.883635822416571
2025-11-02,0,-0.03698585893164408,0,0.4728011138334552,M2_NTV_plus_BTC_market,logistic,0,0.0,0.0,-0.0,-0.03698585893164408,0.8137464759842445,1.8139679336100802
2025-11-03,0,-0.046523840630681046,0,0.44753825741049347,M2_NTV_plus_BTC_market,logistic,-1,1.0,0.0005,0.046023840630681045,-0.046523840630681046,0.8511982141087217,1.729575178557639
2025-11-04,1,0.02265282648549194,0,0.4135608130732025,M2_NTV_plus_BTC_market,logistic,-1,0.0,0.0,-0.02265282648549194,0.02265282648549194,0.8319161686597562,1.7687549449711188
2025-11-05,0,-0.02493503798083263,0,0.3897054101212008,M2_NTV_plus_BTC_market,logistic,-1,0.0,0.0,0.02493503798083263,-0.02493503798083263,0.852660029922156,1.7246509732394786
2025-11-06,1,0.020445121741957006,0,0.4384915356238882,M2_NTV_plus_BTC_market,logistic,-1,0.0,0.0,-0.020445121741957006,0.020445121741957006,0.8352272918058967,1.7599116723497443
2025-11-07,0,-0.010547196317199026,0,0.3698262901349383,M2_NTV_plus_BTC_market,logistic,-1,0.0,0.0,0.010547196317199026,-0.010547196317199026,0.844036598022056,1.7413495384405415
