,date,unix,symbol,open,high,low,close
0,2025-07-23,1753228800000,BTC,39.88,39.89,39.71,39.75
1,2025-07-22,1753142400000,BTC,39.28,39.88,38.04,39.88
2,2025-07-21,1753056000000,BTC,39.23,40.42,38.49,39.28
3,2025-07-20,1752969600000,BTC,38.85,39.89,38.63,39.23
4,2025-07-19,1752883200000,BTC,38.6,39.01,38.13,38.85
5,2025-07-18,1752796800000,BTC,39.47,40.7,37.63,38.6
6,2025-07-17,1752710400000,BTC,39.07,40.89,38.28,39.47
7,2025-07-16,1752624000000,BTC,39.93,40.96,37.98,39.07
8,2025-07-15,1752537600000,BTC,39.64,41.81,39.44,39.93
9,2025-07-14,1752451200000,BTC,39.24,40.64,38.79,39.64
10,2025-07-13,1752364800000,BTC,38.2,40.62,38.18,39.24
11,2025-07-12,1752278400000,BTC,37.94,38.43,37.18,38.2
12,2025-07-11,1752192000000,BTC,38.62,40.24,37.51,37.94
13,2025-07-10,1752105600000,BTC,38.77,40.21,37.98,38.62
14,2025-07-09,1752019200000,BTC,37.77,40.09,37.08,38.77
15,2025-07-08,1751932800000,BTC,38.71,39.04,37.67,37.77
16,2025-07-07,1751846400000,BTC,38.98,39.51,38.46,38.71
17,2025-07-06,1751760000000,BTC,38.54,39.0,38.24,38.98
18,2025-07-05,1751673600000,BTC,39.21,39.21,38.47,38.54
19,2025-07-04,1751587200000,BTC,39.08,39.63,36.79,39.21
20,2025-07-03,1751500800000,BTC,39.6,40.93,38.66,39.08
21,2025-07-02,1751414400000,BTC,37.61,40.44,37.48,39.6
22,2025-07-01,1751328000000,BTC,37.14,38.23,36.99,37.61
23,2025-06-30,1751241600000,BTC,39.34,39.34,37.69,37.74
24,2025-06-29,1751155200000,BTC,37.71,39.42,37.7,39.34
25,2025-06-28,1751068800000,BTC,38.1,38.16,36.79,37.71
26,2025-06-27,1750982400000,BTC,38.25,38.34,36.27,38.1
27,2025-06-26,1750896000000,BTC,38.4,39.32,37.71,38.25
28,2025-06-25,1750809600000,BTC,39.04,39.28,37.9,38.4
29,2025-06-24,1750723200000,BTC,39.87,41.2,39.0,39.05
30,2025-06-23,1750636800000,BTC,41.75,42.15,39.54,39.86
31,2025-06-22,1750550400000,BTC,41.01,44.63,40.42,41.75
32,2025-06-21,1750464000000,BTC,40.67,41.43,38.9,41.01
33,2025-06-20,1750377600000,BTC,40.21,41.53,39.03,40.67
34,2025-06-19,1750291200000,BTC,39.69,40.64,39.65,40.21
35,2025-06-18,1750204800000,BTC,41.62,41.7,39.6,39.69
36,2025-06-17,1750118400000,BTC,41.73,42.19,40.72,41.62
37,2025-06-16,1750032000000,BTC,42.32,42.32,40.28,41.73
38,2025-06-15,1749945600000,BTC,41.0,42.79,40.91,42.32
39,2025-06-14,1749859200000,BTC,40.72,41.31,40.46,41.0
40,2025-06-13,1749772800000,BTC,39.77,43.96,39.77,40.72
41,2025-06-12,1749686400000,BTC,40.95,41.4,39.57,39.77
42,2025-06-11,1749600000000,BTC,42.51,42.69,40.86,40.95
43,2025-06-10,1749513600000,BTC,41.89,42.8,41.65,42.51
44,2025-06-09,1749427200000,BTC,42.52,42.85,41.46,42.61
45,2025-06-08,1749340800000,BTC,41.99,42.64,41.54,42.52
46,2025-06-07,1749254400000,BTC,40.53,42.12,40.53,41.99
47,2025-06-06,1749168000000,BTC,42.76,42.89,40.52,40.53
48,2025-06-05,1749081600000,BTC,42.18,43.45,41.44,42.76
49,2025-06-04,1748995200000,BTC,42.83,43.08,41.83,42.18
50,2025-06-03,1748908800000,BTC,42.97,43.72,42.47,42.83
51,2025-06-02,1748822400000,BTC,45.13,45.22,42.38,42.97
52,2025-06-01,1748736000000,BTC,45.88,46.68,45.08,45.13
53,2025-05-31,1748649600000,BTC,43.72,46.61,42.94,45.88
54,2025-05-30,1748563200000,BTC,44.61,47.41,43.64,43.71
55,2025-05-29,1748476800000,BTC,45.24,45.24,43.54,44.61
56,2025-05-28,1748390400000,BTC,46.16,46.46,43.47,45.24
57,2025-05-27,1748304000000,BTC,47.13,47.43,45.3,46.16
58,2025-05-26,1748217600000,BTC,48.97,48.97,46.48,47.13
59,2025-05-25,1748131200000,BTC,47.53,49.34,47.34,48.96
60,2025-05-24,1748044800000,BTC,47.68,48.54,46.96,47.53
61,2025-05-23,1747958400000,BTC,49.0,49.0,45.6,47.68
62,2025-05-22,1747872000000,BTC,49.13,49.84,47.71,49.0
63,2025-05-21,1747785600000,BTC,47.3,49.24,46.31,49.13
64,2025-05-20,1747699200000,BTC,44.02,47.38,44.01,47.3
65,2025-05-19,1747612800000,BTC,44.93,45.24,43.77,44.02
66,2025-05-18,1747526400000,BTC,43.13,45.79,43.04,44.93
67,2025-05-17,1747440000000,BTC,42.62,43.25,42.21,43.13
68,2025-05-16,1747353600000,BTC,43.57,43.61,41.56,42.62
69,2025-05-15,1747267200000,BTC,44.79,44.85,43.07,43.57
70,2025-05-14,1747180800000,BTC,45.71,45.76,44.65,44.79
71,2025-05-13,1747094400000,BTC,44.83,45.96,44.65,45.71
72,2025-05-12,1747008000000,BTC,47.13,48.45,45.29,45.44
73,2025-05-11,1746921600000,BTC,47.13,48.34,46.06,47.13
74,2025-05-10,1746835200000,BTC,45.78,47.59,45.6,47.13
75,2025-05-09,1746748800000,BTC,45.88,46.36,45.21,45.78
76,2025-05-08,1746662400000,BTC,44.8,47.17,44.55,45.88
77,2025-05-07,1746576000000,BTC,46.66,47.26,44.59,44.8
78,2025-05-06,1746489600000,BTC,45.0,46.66,44.86,46.66
79,2025-05-05,1746403200000,BTC,46.35,46.87,44.89,45.0
80,2025-05-04,1746316800000,BTC,44.9,46.38,44.73,46.35
81,2025-05-03,1746230400000,BTC,44.54,45.41,44.2,44.9
82,2025-05-02,1746144000000,BTC,46.11,48.1,44.38,44.54
83,2025-05-01,1746057600000,BTC,45.07,46.97,44.74,46.11
84,2025-04-30,1745971200000,BTC,46.17,46.79,45.02,45.07
85,2025-04-29,1745884800000,BTC,47.05,47.24,46.04,46.17
86,2025-04-28,1745798400000,BTC,48.12,48.61,46.38,47.05
87,2025-04-27,1745712000000,BTC,47.42,48.35,47.33,48.12
88,2025-04-26,1745625600000,BTC,46.45,47.64,46.08,47.42
89,2025-04-25,1745539200000,BTC,46.96,48.71,46.44,46.45
90,2025-04-24,1745452800000,BTC,49.42,49.42,46.66,46.96
91,2025-04-23,1745366400000,BTC,52.69,52.86,49.4,49.42
92,2025-04-22,1745280000000,BTC,49.16,52.71,49.0,52.69
93,2025-04-21,1745193600000,BTC,48.2,50.71,48.2,49.16
94,2025-04-20,1745107200000,BTC,48.3,48.46,47.71,48.2
95,2025-04-19,1745020800000,BTC,46.9,48.43,46.83,48.29
96,2025-04-18,1744934400000,BTC,48.41,48.44,46.41,46.9
97,2025-04-17,1744848000000,BTC,49.58,49.63,48.28,48.41
98,2025-04-16,1744761600000,BTC,50.39,50.56,49.0,49.58
99,2025-04-15,1744675200000,BTC,52.02,52.4,49.97,50.39
100,2025-04-14,1744588800000,BTC,56.29,56.4,52.34,53.31
101,2025-04-13,1744502400000,BTC,57.45,57.76,55.17,56.29
102,2025-04-12,1744416000000,BTC,56.15,57.52,55.35,57.45
103,2025-04-11,1744329600000,BTC,53.56,56.78,52.6,56.15
104,2025-04-10,1744243200000,BTC,53.04,55.57,50.61,53.56
105,2025-04-09,1744156800000,BTC,56.84,62.66,52.86,53.04
106,2025-04-08,1744070400000,BTC,52.79,56.9,52.25,56.84
107,2025-04-07,1743984000000,BTC,59.59,63.21,52.49,52.79
108,2025-04-06,1743897600000,BTC,57.1,62.25,57.0,59.59
109,2025-04-05,1743811200000,BTC,55.33,57.29,55.18,57.1
110,2025-04-04,1743724800000,BTC,52.64,56.03,51.19,55.33
111,2025-04-03,1743638400000,BTC,52.61,53.55,50.15,52.64
112,2025-04-02,1743552000000,BTC,49.55,52.78,48.62,52.61
113,2025-04-01,1743465600000,BTC,49.67,50.52,48.95,49.55
114,2025-03-31,1743379200000,BTC,53.73,54.42,50.97,51.02
115,2025-03-30,1743292800000,BTC,52.69,54.04,51.26,53.73
116,2025-03-29,1743206400000,BTC,49.93,52.83,49.2,52.69
117,2025-03-28,1743120000000,BTC,46.61,52.25,46.18,49.93
118,2025-03-27,1743033600000,BTC,47.27,47.28,45.42,46.61
119,2025-03-26,1742947200000,BTC,46.99,47.63,46.23,47.27
120,2025-03-25,1742860800000,BTC,47.32,47.94,46.54,46.99
121,2025-03-24,1742774400000,BTC,47.66,48.42,47.06,47.32
122,2025-03-23,1742688000000,BTC,48.88,48.88,47.22,47.66
123,2025-03-22,1742601600000,BTC,47.56,49.2,46.93,48.88
124,2025-03-21,1742515200000,BTC,49.01,49.7,47.56,47.56
125,2025-03-20,1742428800000,BTC,54.02,54.16,48.97,49.01
126,2025-03-19,1742342400000,BTC,52.0,54.02,51.23,54.02
127,2025-03-18,1742256000000,BTC,52.86,54.35,51.84,52.0
128,2025-03-17,1742169600000,BTC,55.27,55.32,52.85,52.86
129,2025-03-16,1742083200000,BTC,53.46,55.74,53.28,55.27
130,2025-03-15,1741996800000,BTC,53.27,53.67,52.17,53.46
131,2025-03-14,1741910400000,BTC,55.42,55.5,52.81,53.27
132,2025-03-13,1741824000000,BTC,56.89,57.23,55.42,55.42
133,2025-03-12,1741737600000,BTC,59.9,60.83,56.89,56.89
134,2025-03-11,1741651200000,BTC,59.57,62.68,59.0,59.9
135,2025-03-10,1741564800000,BTC,59.1,61.95,55.32,59.57
136,2025-03-09,1741478400000,BTC,52.66,59.34,52.39,59.1
137,2025-03-08,1741392000000,BTC,54.32,54.56,51.86,52.66
138,2025-03-07,1741305600000,BTC,60.15,60.78,53.2,54.32
139,2025-03-06,1741219200000,BTC,57.83,60.35,56.4,60.15
140,2025-03-05,1741132800000,BTC,62.07,62.27,57.13,57.6
141,2025-03-04,1741046400000,BTC,59.48,62.67,58.26,62.07
142,2025-03-03,1740960000000,BTC,55.47,59.8,53.07,59.48
143,2025-03-02,1740873600000,BTC,51.87,58.89,51.62,55.47
144,2025-03-01,1740787200000,BTC,50.76,53.56,50.08,51.87
145,2025-02-28,1740700800000,BTC,51.68,59.36,50.53,50.76
146,2025-02-27,1740614400000,BTC,51.3,52.82,49.06,51.68
147,2025-02-26,1740528000000,BTC,48.59,51.63,47.69,51.3
148,2025-02-25,1740441600000,BTC,47.07,52.75,46.94,48.59
149,2025-02-24,1740355200000,BTC,48.47,48.47,46.17,47.07
150,2025-02-23,1740268800000,BTC,48.6,48.75,47.23,48.47
151,2025-02-22,1740182400000,BTC,48.71,49.05,48.33,48.6
152,2025-02-21,1740096000000,BTC,49.06,49.43,47.02,48.71
153,2025-02-20,1740009600000,BTC,49.15,50.66,48.1,49.06
154,2025-02-19,1739923200000,BTC,51.69,51.69,49.02,49.15
155,2025-02-18,1739836800000,BTC,51.73,53.2,50.96,51.69
156,2025-02-17,1739750400000,BTC,50.84,52.06,50.46,51.73
157,2025-02-16,1739664000000,BTC,50.61,51.28,50.52,50.84
158,2025-02-15,1739577600000,BTC,51.6,51.6,50.13,50.61
159,2025-02-14,1739491200000,BTC,51.77,52.4,50.1,51.6
160,2025-02-13,1739404800000,BTC,51.49,53.4,51.27,51.76
161,2025-02-12,1739318400000,BTC,54.23,54.32,51.19,51.49
162,2025-02-11,1739232000000,BTC,52.4,54.67,52.08,54.23
163,2025-02-10,1739145600000,BTC,54.21,54.44,52.4,52.4
164,2025-02-09,1739059200000,BTC,53.49,54.66,53.04,54.21
165,2025-02-08,1738972800000,BTC,54.17,54.18,52.92,53.49
166,2025-02-07,1738886400000,BTC,53.9,54.41,52.26,54.17
167,2025-02-06,1738800000000,BTC,54.53,54.89,53.21,53.91
168,2025-02-05,1738713600000,BTC,54.03,54.92,53.02,54.53
169,2025-02-04,1738627200000,BTC,55.61,57.12,54.01,54.03
170,2025-02-03,1738540800000,BTC,57.04,61.94,55.87,56.94
171,2025-02-02,1738454400000,BTC,53.77,58.66,53.4,57.04
172,2025-02-01,1738368000000,BTC,53.32,54.14,51.05,53.77
173,2025-01-31,1738281600000,BTC,54.64,54.73,51.9,53.32
174,2025-01-30,1738195200000,BTC,56.15,56.88,53.94,54.64
175,2025-01-29,1738108800000,BTC,56.2,57.05,55.6,56.15
176,2025-01-28,1738022400000,BTC,59.05,59.15,56.17,56.2
177,2025-01-27,1737936000000,BTC,56.74,60.23,56.46,59.05
178,2025-01-26,1737849600000,BTC,57.05,57.61,56.55,56.74
179,2025-01-25,1737763200000,BTC,57.37,57.39,56.19,57.05
180,2025-01-24,1737676800000,BTC,60.08,60.08,57.33,57.37
181,2025-01-23,1737590400000,BTC,61.04,63.2,59.49,60.08
182,2025-01-22,1737504000000,BTC,61.92,62.44,60.69,61.04
183,2025-01-21,1737417600000,BTC,63.07,64.18,61.19,61.92
184,2025-01-20,1737331200000,BTC,66.02,71.28,62.34,63.07
185,2025-01-19,1737244800000,BTC,65.04,67.79,65.04,66.02
186,2025-01-18,1737158400000,BTC,63.19,65.43,62.13,65.04
187,2025-01-17,1737072000000,BTC,62.56,63.75,61.13,63.19
188,2025-01-16,1736985600000,BTC,61.23,63.15,60.01,62.56
189,2025-01-15,1736899200000,BTC,60.87,61.93,60.85,61.23
190,2025-01-14,1736812800000,BTC,61.25,62.87,60.78,60.87
191,2025-01-13,1736726400000,BTC,59.57,61.31,59.36,61.25
192,2025-01-12,1736640000000,BTC,58.52,59.7,58.17,59.57
193,2025-01-11,1736553600000,BTC,57.19,58.7,57.16,58.52
194,2025-01-10,1736467200000,BTC,59.47,59.76,57.04,57.19
195,2025-01-09,1736380800000,BTC,58.47,59.78,57.63,59.47
196,2025-01-08,1736294400000,BTC,57.86,59.72,57.76,58.47
197,2025-01-07,1736208000000,BTC,58.84,59.35,58.04,58.6
198,2025-01-06,1736121600000,BTC,59.55,60.09,58.52,58.84
199,2025-01-05,1736035200000,BTC,59.87,60.09,59.23,59.55
200,2025-01-04,1735948800000,BTC,58.74,60.01,58.68,59.87
201,2025-01-03,1735862400000,BTC,59.85,60.53,58.44,58.74
202,2025-01-02,1735776000000,BTC,61.1,61.67,59.73,59.85
203,2025-01-01,1735689600000,BTC,60.03,61.14,59.57,61.1
204,2024-12-31,1735603200000,BTC,61.03,61.68,59.78,60.03
205,2024-12-30,1735516800000,BTC,60.48,61.28,59.53,61.03
206,2024-12-29,1735430400000,BTC,60.43,61.02,59.75,60.48
207,2024-12-28,1735344000000,BTC,60.61,60.62,59.64,60.43
208,2024-12-27,1735257600000,BTC,61.67,62.34,59.53,60.61
209,2024-12-26,1735171200000,BTC,60.73,61.75,59.44,61.67
210,2024-12-25,1735084800000,BTC,60.83,61.31,59.96,60.73
211,2024-12-24,1734998400000,BTC,60.21,61.79,59.92,60.83
212,2024-12-23,1734912000000,BTC,61.43,64.59,59.28,60.21
213,2024-12-22,1734825600000,BTC,57.87,61.43,57.71,61.43
214,2024-12-21,1734739200000,BTC,58.87,60.18,57.34,57.87
215,2024-12-20,1734652800000,BTC,59.6,64.45,58.66,58.87
216,2024-12-19,1734566400000,BTC,60.56,60.82,58.43,59.6
217,2024-12-18,1734480000000,BTC,59.51,60.52,58.67,60.49
218,2024-12-17,1734393600000,BTC,58.54,59.72,57.7,59.51
219,2024-12-16,1734307200000,BTC,60.65,61.74,58.52,58.54
220,2024-12-15,1734220800000,BTC,58.08,60.92,57.88,60.65
221,2024-12-14,1734134400000,BTC,59.0,59.94,57.66,58.08
222,2024-12-13,1734048000000,BTC,60.14,60.32,58.3,59.0
223,2024-12-12,1733961600000,BTC,59.94,61.66,59.12,60.14
224,2024-12-11,1733875200000,BTC,59.18,61.53,59.18,59.94
225,2024-12-10,1733788800000,BTC,59.74,60.23,57.56,59.18
226,2024-12-09,1733702400000,BTC,58.15,59.8,58.12,59.74
227,2024-12-08,1733616000000,BTC,57.2,58.15,56.38,58.15
228,2024-12-07,1733529600000,BTC,58.44,58.65,56.18,57.2
229,2024-12-06,1733443200000,BTC,60.96,61.45,56.88,58.44
230,2024-12-05,1733356800000,BTC,57.17,64.09,56.14,60.96
231,2024-12-04,1733270400000,BTC,56.5,57.76,54.85,57.17
232,2024-12-03,1733184000000,BTC,56.77,56.98,55.21,56.5
233,2024-12-02,1733097600000,BTC,57.2,58.24,55.85,55.94
234,2024-12-01,1733011200000,BTC,55.17,57.43,55.12,57.2
235,2024-11-30,1732924800000,BTC,56.29,56.57,54.65,55.17
236,2024-11-29,1732838400000,BTC,57.57,58.82,55.19,56.11
237,2024-11-28,1732752000000,BTC,59.73,60.08,56.43,57.55
238,2024-11-27,1732665600000,BTC,61.23,61.34,58.51,59.73
239,2024-11-26,1732579200000,BTC,60.65,62.18,57.73,61.23
240,2024-11-25,1732492800000,BTC,64.09,64.34,60.46,60.65
241,2024-11-24,1732406400000,BTC,60.89,64.44,59.94,64.09
242,2024-11-23,1732320000000,BTC,60.78,61.71,59.87,60.89
243,2024-11-22,1732233600000,BTC,61.29,64.09,60.47,60.78
244,2024-11-21,1732147200000,BTC,60.18,66.84,60.12,61.29
245,2024-11-20,1732060800000,BTC,58.25,62.64,57.71,60.18
246,2024-11-19,1731974400000,BTC,58.3,60.25,57.62,58.25
247,2024-11-18,1731888000000,BTC,57.23,59.76,57.13,58.3
248,2024-11-17,1731801600000,BTC,56.84,58.25,55.61,57.23
249,2024-11-16,1731715200000,BTC,56.07,58.23,56.05,56.84
250,2024-11-15,1731628800000,BTC,59.46,61.71,56.29,56.29
251,2024-11-14,1731542400000,BTC,58.54,61.79,57.03,59.46
252,2024-11-13,1731456000000,BTC,57.69,62.34,56.01,58.54
253,2024-11-12,1731369600000,BTC,61.52,62.28,57.65,57.69
254,2024-11-11,1731283200000,BTC,53.28,61.76,51.36,61.52
255,2024-11-10,1731196800000,BTC,50.54,53.97,50.25,53.28
256,2024-11-09,1731110400000,BTC,49.85,50.6,49.43,50.54
257,2024-11-08,1731024000000,BTC,53.55,53.89,49.53,49.85
258,2024-11-07,1730937600000,BTC,55.97,55.97,53.25,53.55
259,2024-11-06,1730851200000,BTC,63.71,63.95,54.52,55.97
260,2024-11-05,1730764800000,BTC,64.97,65.56,61.74,63.71
261,2024-11-04,1730678400000,BTC,62.49,64.97,61.77,64.97
262,2024-11-03,1730592000000,BTC,60.26,64.06,59.65,62.49
263,2024-11-02,1730505600000,BTC,59.77,61.17,59.72,60.26
264,2024-11-01,1730419200000,BTC,58.23,59.95,57.92,59.77
265,2024-10-31,1730332800000,BTC,59.11,60.11,57.97,58.23
266,2024-10-30,1730246400000,BTC,58.81,59.24,57.48,59.11
267,2024-10-29,1730160000000,BTC,57.78,60.71,57.13,59.83
268,2024-10-28,1730073600000,BTC,57.18,57.81,55.42,57.78
269,2024-10-27,1729987200000,BTC,55.36,57.32,55.16,57.18
270,2024-10-26,1729900800000,BTC,58.08,58.11,54.66,55.36
271,2024-10-25,1729814400000,BTC,57.3,58.09,54.62,58.08
272,2024-10-24,1729728000000,BTC,56.29,57.31,54.37,57.3
273,2024-10-23,1729641600000,BTC,55.77,56.55,54.53,56.29
274,2024-10-22,1729555200000,BTC,55.7,55.92,54.61,55.77
275,2024-10-21,1729468800000,BTC,56.66,57.2,54.29,55.69
276,2024-10-20,1729382400000,BTC,54.7,57.3,54.52,56.66
277,2024-10-19,1729296000000,BTC,55.18,55.34,53.77,54.7
278,2024-10-18,1729209600000,BTC,56.4,56.53,54.44,55.18
279,2024-10-17,1729123200000,BTC,57.44,58.17,55.91,56.4
280,2024-10-16,1729036800000,BTC,58.15,60.16,57.18,57.44
281,2024-10-15,1728950400000,BTC,57.85,59.48,56.4,58.15
282,2024-10-14,1728864000000,BTC,57.14,59.53,57.05,57.85
283,2024-10-13,1728777600000,BTC,56.84,58.1,56.45,57.14
284,2024-10-12,1728691200000,BTC,57.52,57.52,55.97,56.84
285,2024-10-11,1728604800000,BTC,54.97,57.63,54.66,57.51
286,2024-10-10,1728518400000,BTC,56.12,56.64,54.47,54.97
287,2024-10-09,1728432000000,BTC,55.63,56.85,55.52,56.11
288,2024-10-08,1728345600000,BTC,55.72,56.01,54.35,55.63
289,2024-10-07,1728259200000,BTC,57.17,57.45,55.48,56.6
290,2024-10-06,1728172800000,BTC,55.41,57.84,55.05,57.17
291,2024-10-05,1728086400000,BTC,55.53,56.11,54.85,55.41
292,2024-10-04,1728000000000,BTC,57.45,57.98,55.29,55.53
293,2024-10-03,1727913600000,BTC,56.35,57.78,55.97,57.45
294,2024-10-02,1727827200000,BTC,56.64,57.34,56.06,56.35
295,2024-10-01,1727740800000,BTC,54.21,57.23,54.19,56.64
296,2024-09-30,1727654400000,BTC,54.02,55.56,53.63,54.21
297,2024-09-29,1727568000000,BTC,52.6,54.16,52.47,54.02
298,2024-09-28,1727481600000,BTC,51.91,52.67,51.84,52.6
299,2024-09-27,1727395200000,BTC,52.38,53.39,51.29,51.91
300,2024-09-26,1727308800000,BTC,49.75,52.52,49.6,52.38
301,2024-09-25,1727222400000,BTC,51.52,51.67,49.52,49.75
302,2024-09-24,1727136000000,BTC,50.45,51.6,50.06,51.52
303,2024-09-23,1727049600000,BTC,51.13,51.58,50.38,50.45
304,2024-09-22,1726963200000,BTC,51.04,51.34,50.05,51.13
305,2024-09-21,1726876800000,BTC,50.15,51.04,49.99,51.04
306,2024-09-20,1726790400000,BTC,51.95,52.89,49.91,50.15
307,2024-09-19,1726704000000,BTC,51.59,52.67,50.38,51.95
308,2024-09-18,1726617600000,BTC,53.12,55.24,51.38,51.59
309,2024-09-17,1726531200000,BTC,53.29,55.12,53.12,53.12
310,2024-09-16,1726444800000,BTC,53.21,54.18,52.81,53.29
311,2024-09-15,1726358400000,BTC,52.48,53.49,52.42,53.21
312,2024-09-14,1726272000000,BTC,52.51,53.01,51.68,52.48
313,2024-09-13,1726185600000,BTC,53.96,54.26,52.4,52.51
314,2024-09-12,1726099200000,BTC,54.84,55.56,53.81,53.96
315,2024-09-11,1726012800000,BTC,57.18,57.2,54.09,54.84
316,2024-09-10,1725926400000,BTC,58.82,58.83,56.61,57.18
317,2024-09-09,1725840000000,BTC,59.32,59.35,58.01,58.82
318,2024-09-08,1725753600000,BTC,58.84,59.32,57.75,59.32
319,2024-09-07,1725667200000,BTC,59.45,59.45,57.91,58.84
320,2024-09-06,1725580800000,BTC,56.79,60.77,56.06,59.46
321,2024-09-05,1725494400000,BTC,55.73,57.3,55.51,56.79
322,2024-09-04,1725408000000,BTC,55.29,58.72,55.08,55.73
323,2024-09-03,1725321600000,BTC,52.78,55.73,52.57,55.29
324,2024-09-02,1725235200000,BTC,54.36,54.72,52.89,52.92
325,2024-09-01,1725148800000,BTC,50.48,54.42,50.3,54.36
326,2024-08-31,1725062400000,BTC,51.96,51.96,50.14,50.48
327,2024-08-30,1724976000000,BTC,52.98,53.22,50.5,51.96
328,2024-08-29,1724889600000,BTC,52.91,53.58,51.7,52.98
329,2024-08-28,1724803200000,BTC,52.69,54.86,50.98,52.91
330,2024-08-27,1724716800000,BTC,51.58,55.13,49.13,52.69
331,2024-08-26,1724630400000,BTC,54.2,54.34,50.77,51.58
332,2024-08-25,1724544000000,BTC,55.14,55.92,53.85,54.2
333,2024-08-24,1724457600000,BTC,55.43,55.51,53.99,55.14
334,2024-08-23,1724371200000,BTC,53.99,55.85,52.27,55.43
335,2024-08-22,1724284800000,BTC,54.68,55.49,53.84,53.99
336,2024-08-21,1724198400000,BTC,54.06,55.77,53.88,54.68
337,2024-08-20,1724112000000,BTC,53.68,54.44,52.91,54.06
338,2024-08-19,1724025600000,BTC,54.4,54.44,53.67,53.68
339,2024-08-18,1723939200000,BTC,53.71,55.72,53.67,55.32
340,2024-08-17,1723852800000,BTC,53.12,53.87,52.3,53.71
341,2024-08-16,1723766400000,BTC,55.64,55.65,53.12,53.12
342,2024-08-15,1723680000000,BTC,55.31,55.91,53.43,55.64
343,2024-08-14,1723593600000,BTC,56.92,57.4,55.3,55.31
344,2024-08-13,1723507200000,BTC,57.48,57.8,56.68,56.92
345,2024-08-12,1723420800000,BTC,57.11,58.41,56.9,57.48
346,2024-08-11,1723334400000,BTC,56.28,57.24,55.74,57.11
347,2024-08-10,1723248000000,BTC,55.02,56.51,54.33,56.28
348,2024-08-09,1723161600000,BTC,56.8,56.86,54.44,55.02
349,2024-08-08,1723075200000,BTC,60.73,60.99,55.56,56.81
350,2024-08-07,1722988800000,BTC,61.54,61.54,58.44,60.88
351,2024-08-06,1722902400000,BTC,63.08,63.21,59.24,61.54
352,2024-08-05,1722816000000,BTC,56.13,92.71,56.02,63.08
353,2024-08-04,1722729600000,BTC,51.45,56.98,51.23,56.13
354,2024-08-03,1722643200000,BTC,51.41,52.18,48.92,51.45
355,2024-08-02,1722556800000,BTC,49.81,51.49,46.91,51.4
356,2024-08-01,1722470400000,BTC,48.73,50.43,47.23,49.81
357,2024-07-31,1722384000000,BTC,50.62,50.65,48.54,48.73
358,2024-07-30,1722297600000,BTC,51.73,51.73,49.49,50.62
359,2024-07-29,1722211200000,BTC,52.65,56.35,51.73,51.73
360,2024-07-28,1722124800000,BTC,55.04,55.24,51.52,52.65
361,2024-07-27,1722038400000,BTC,60.1,60.56,54.92,55.04
362,2024-07-26,1721952000000,BTC,61.81,62.69,59.66,60.1
363,2024-07-25,1721865600000,BTC,61.39,62.34,59.83,61.81
364,2024-07-24,1721779200000,BTC,63.91,63.97,61.14,61.39
365,2024-07-23,1721692800000,BTC,67.63,68.62,63.9,63.91
366,2024-07-22,1721606400000,BTC,66.0,68.27,61.61,67.63
367,2024-07-21,1721520000000,BTC,62.65,68.45,61.46,66.0
368,2024-07-20,1721433600000,BTC,60.8,63.03,59.26,62.65
369,2024-07-19,1721347200000,BTC,57.1,62.25,55.99,60.8
370,2024-07-18,1721260800000,BTC,58.28,58.3,55.87,57.1
371,2024-07-17,1721174400000,BTC,56.49,62.85,56.49,58.28
372,2024-07-16,1721088000000,BTC,54.52,56.54,54.13,56.49
373,2024-07-15,1721001600000,BTC,49.3,54.56,48.89,54.52
374,2024-07-14,1720915200000,BTC,49.18,51.07,48.5,49.3
375,2024-07-13,1720828800000,BTC,46.32,49.18,45.17,49.18
376,2024-07-12,1720742400000,BTC,48.54,48.54,46.14,46.32
377,2024-07-11,1720656000000,BTC,48.69,49.2,48.14,48.54
378,2024-07-10,1720569600000,BTC,50.05,50.21,48.45,48.69
379,2024-07-09,1720483200000,BTC,51.03,52.16,50.04,50.05
380,2024-07-08,1720396800000,BTC,50.99,53.54,50.4,51.03
381,2024-07-07,1720310400000,BTC,48.21,51.44,47.99,50.99
382,2024-07-06,1720224000000,BTC,48.98,49.84,47.65,48.21
383,2024-07-05,1720137600000,BTC,47.53,54.86,47.53,48.98
384,2024-07-04,1720051200000,BTC,45.36,49.94,45.22,47.53
385,2024-07-03,1719964800000,BTC,41.41,45.88,41.23,45.36
386,2024-07-02,1719878400000,BTC,44.71,44.81,42.29,42.33
387,2024-07-01,1719792000000,BTC,45.44,45.45,43.76,44.71
388,2024-06-30,1719705600000,BTC,43.47,45.9,43.35,45.44
389,2024-06-29,1719619200000,BTC,45.4,45.59,43.23,43.47
390,2024-06-28,1719532800000,BTC,47.94,47.98,44.38,45.4
391,2024-06-27,1719446400000,BTC,47.05,48.07,46.58,47.94
392,2024-06-26,1719360000000,BTC,48.14,48.14,46.66,47.05
393,2024-06-25,1719273600000,BTC,50.96,50.97,47.82,48.14
394,2024-06-24,1719187200000,BTC,49.32,53.06,49.13,50.96
395,2024-06-23,1719100800000,BTC,46.43,48.33,46.09,48.23
396,2024-06-22,1719014400000,BTC,47.11,47.24,46.16,46.43
397,2024-06-21,1718928000000,BTC,48.28,48.4,46.25,47.11
398,2024-06-20,1718841600000,BTC,48.6,49.39,48.28,48.28
399,2024-06-19,1718755200000,BTC,50.06,51.05,48.57,48.6
400,2024-06-18,1718668800000,BTC,48.81,50.52,48.33,50.06
401,2024-06-17,1718582400000,BTC,47.9,49.55,47.9,48.81
402,2024-06-16,1718496000000,BTC,48.03,48.35,47.83,47.9
403,2024-06-15,1718409600000,BTC,48.56,49.47,47.68,48.03
404,2024-06-14,1718323200000,BTC,49.23,49.87,47.45,48.56
405,2024-06-13,1718236800000,BTC,50.56,50.65,48.57,49.23
406,2024-06-12,1718150400000,BTC,52.49,53.9,50.51,50.56
407,2024-06-11,1718064000000,BTC,50.88,53.05,50.44,52.49
408,2024-06-10,1717977600000,BTC,51.79,52.16,50.79,50.88
409,2024-06-09,1717891200000,BTC,50.34,52.12,49.74,51.79
410,2024-06-08,1717804800000,BTC,50.01,51.28,49.67,50.34
411,2024-06-07,1717718400000,BTC,51.87,54.27,50.02,50.02
412,2024-06-06,1717632000000,BTC,55.62,55.72,51.81,51.87
413,2024-06-05,1717545600000,BTC,53.95,57.13,53.94,55.62
414,2024-06-04,1717459200000,BTC,51.71,54.77,51.52,53.95
415,2024-06-03,1717372800000,BTC,51.11,53.78,50.9,52.77
416,2024-06-02,1717286400000,BTC,50.68,51.67,50.39,51.11
417,2024-06-01,1717200000000,BTC,51.99,52.0,49.97,50.68
418,2024-05-31,1717113600000,BTC,53.27,53.27,50.23,51.99
419,2024-05-30,1717027200000,BTC,53.24,53.57,52.13,53.27
420,2024-05-29,1716940800000,BTC,54.76,55.13,52.85,53.24
421,2024-05-28,1716854400000,BTC,53.91,55.85,52.89,54.76
422,2024-05-27,1716768000000,BTC,53.73,54.86,52.34,53.91
423,2024-05-26,1716681600000,BTC,52.21,53.78,52.09,53.73
424,2024-05-25,1716595200000,BTC,52.29,52.82,51.69,52.21
425,2024-05-24,1716508800000,BTC,53.18,53.29,51.0,52.29
426,2024-05-23,1716422400000,BTC,56.8,56.86,53.16,53.18
427,2024-05-22,1716336000000,BTC,58.59,59.7,55.95,56.8
428,2024-05-21,1716249600000,BTC,61.94,62.13,58.18,58.59
429,2024-05-20,1716163200000,BTC,57.32,61.94,56.76,61.94
430,2024-05-19,1716076800000,BTC,56.67,57.62,56.38,57.32
431,2024-05-18,1715990400000,BTC,55.26,57.31,55.14,56.67
432,2024-05-17,1715904000000,BTC,57.49,57.67,54.81,55.26
433,2024-05-16,1715817600000,BTC,58.61,58.72,57.24,57.49
434,2024-05-15,1715731200000,BTC,56.23,60.82,55.67,58.61
435,2024-05-14,1715644800000,BTC,56.13,57.09,55.61,56.23
436,2024-05-13,1715558400000,BTC,54.52,57.73,54.4,56.13
437,2024-05-12,1715472000000,BTC,54.17,55.82,53.9,54.52
438,2024-05-11,1715385600000,BTC,54.27,54.49,52.64,54.17
439,2024-05-10,1715299200000,BTC,52.17,55.02,50.76,54.27
440,2024-05-09,1715212800000,BTC,55.43,55.48,52.15,52.17
441,2024-05-08,1715126400000,BTC,53.76,55.49,52.28,55.43
442,2024-05-07,1715040000000,BTC,55.57,56.04,53.72,53.76
443,2024-05-06,1714953600000,BTC,58.65,59.08,55.56,55.57
444,2024-05-05,1714867200000,BTC,56.89,59.46,56.53,58.65
445,2024-05-04,1714780800000,BTC,55.88,58.3,55.88,56.89
446,2024-05-03,1714694400000,BTC,56.77,57.08,54.3,55.88
447,2024-05-02,1714608000000,BTC,61.22,62.23,55.84,56.77
448,2024-05-01,1714521600000,BTC,59.81,63.57,58.29,61.22
449,2024-04-30,1714435200000,BTC,55.33,62.84,52.22,59.81
450,2024-04-29,1714348800000,BTC,56.79,56.92,55.09,55.33
451,2024-04-28,1714262400000,BTC,54.68,57.27,53.89,56.79
452,2024-04-27,1714176000000,BTC,55.12,55.97,54.21,54.69
453,2024-04-26,1714089600000,BTC,59.29,59.43,54.23,55.12
454,2024-04-25,1714003200000,BTC,62.44,62.44,57.82,59.29
455,2024-04-24,1713916800000,BTC,64.16,66.04,62.39,62.44
456,2024-04-23,1713830400000,BTC,69.37,69.42,64.11,64.16
457,2024-04-22,1713744000000,BTC,72.05,72.06,69.1,69.37
458,2024-04-21,1713657600000,BTC,71.98,72.42,71.37,72.05
459,2024-04-20,1713571200000,BTC,70.4,73.0,68.49,71.98
460,2024-04-19,1713484800000,BTC,69.98,73.06,68.88,70.4
461,2024-04-18,1713398400000,BTC,70.72,71.22,67.89,69.98
462,2024-04-17,1713312000000,BTC,70.88,71.79,67.83,70.72
463,2024-04-16,1713225600000,BTC,70.48,73.61,70.38,70.88
464,2024-04-15,1713139200000,BTC,71.99,72.97,68.4,70.48
465,2024-04-14,1713052800000,BTC,72.95,73.79,71.3,71.99
466,2024-04-13,1712966400000,BTC,66.94,74.89,66.76,72.95
467,2024-04-12,1712880000000,BTC,68.42,68.76,65.71,66.94
468,2024-04-11,1712793600000,BTC,72.32,72.36,68.23,68.42
469,2024-04-10,1712707200000,BTC,73.69,74.1,72.12,72.32
470,2024-04-09,1712620800000,BTC,76.25,76.3,73.68,73.69
471,2024-04-08,1712534400000,BTC,77.43,79.77,74.72,76.25
472,2024-04-07,1712448000000,BTC,72.3,77.44,72.26,77.43
473,2024-04-06,1712361600000,BTC,71.96,73.54,71.66,72.3
474,2024-04-05,1712275200000,BTC,72.31,73.54,71.68,71.96
475,2024-04-04,1712188800000,BTC,72.45,72.73,69.99,72.31
476,2024-04-03,1712102400000,BTC,74.38,74.72,72.15,72.45
477,2024-04-02,1712016000000,BTC,73.81,75.34,73.58,74.37
478,2024-04-01,1711929600000,BTC,76.64,76.83,73.49,73.81
479,2024-03-31,1711843200000,BTC,74.93,76.91,74.91,76.64
480,2024-03-30,1711756800000,BTC,73.11,75.87,71.67,74.93
481,2024-03-29,1711670400000,BTC,76.53,76.68,72.9,73.11
482,2024-03-28,1711584000000,BTC,75.78,77.25,75.57,76.53
483,2024-03-27,1711497600000,BTC,75.39,76.52,74.11,75.78
484,2024-03-26,1711411200000,BTC,76.25,76.63,75.13,75.39
485,2024-03-25,1711324800000,BTC,72.62,77.0,72.45,76.25
486,2024-03-24,1711238400000,BTC,73.68,74.62,71.77,72.62
487,2024-03-23,1711152000000,BTC,72.46,74.63,72.15,73.68
488,2024-03-22,1711065600000,BTC,75.26,75.55,71.72,72.46
489,2024-03-21,1710979200000,BTC,77.73,78.12,74.29,75.26
490,2024-03-20,1710892800000,BTC,76.61,79.78,75.28,77.73
491,2024-03-19,1710806400000,BTC,74.08,76.61,71.35,76.61
492,2024-03-18,1710720000000,BTC,75.93,77.81,73.26,74.08
493,2024-03-17,1710633600000,BTC,75.73,78.14,75.69,75.93
494,2024-03-16,1710547200000,BTC,76.71,77.01,70.95,75.73
495,2024-03-15,1710460800000,BTC,74.58,78.25,73.22,76.7
496,2024-03-14,1710374400000,BTC,77.5,77.9,73.09,74.58
497,2024-03-13,1710288000000,BTC,78.08,81.86,77.19,77.5
498,2024-03-12,1710201600000,BTC,83.02,83.03,76.37,78.08
499,2024-03-11,1710115200000,BTC,80.12,85.28,77.26,83.02
500,2024-03-10,1710028800000,BTC,75.04,80.85,74.92,80.12
501,2024-03-09,1709942400000,BTC,72.11,75.44,71.47,75.04
502,2024-03-08,1709856000000,BTC,69.68,76.0,68.52,71.87
503,2024-03-07,1709769600000,BTC,74.85,75.08,69.68,69.68
504,2024-03-06,1709683200000,BTC,73.19,77.52,70.88,74.85
505,2024-03-05,1709596800000,BTC,74.81,77.17,73.14,73.19
506,2024-03-04,1709510400000,BTC,71.71,78.68,70.73,74.81
507,2024-03-03,1709424000000,BTC,65.82,71.84,65.52,71.72
508,2024-03-02,1709337600000,BTC,65.37,65.82,64.08,65.82
509,2024-03-01,1709251200000,BTC,65.54,66.45,63.23,65.37
510,2024-02-29,1709164800000,BTC,67.76,73.2,65.32,65.54
511,2024-02-28,1709078400000,BTC,58.36,73.6,54.99,67.76
512,2024-02-27,1708992000000,BTC,56.05,62.57,56.05,58.36
513,2024-02-26,1708905600000,BTC,55.17,57.09,54.46,56.05
514,2024-02-25,1708819200000,BTC,54.18,56.59,54.13,55.17
515,2024-02-24,1708732800000,BTC,52.23,54.96,52.13,54.18
516,2024-02-23,1708646400000,BTC,55.38,55.54,51.54,52.23
517,2024-02-22,1708560000000,BTC,54.01,55.76,52.89,55.38
518,2024-02-21,1708473600000,BTC,55.63,55.63,53.1,54.01
519,2024-02-20,1708387200000,BTC,56.83,57.83,55.59,55.63
520,2024-02-19,1708300800000,BTC,57.24,57.55,55.62,56.83
521,2024-02-18,1708214400000,BTC,56.24,57.57,54.97,57.24
522,2024-02-17,1708128000000,BTC,55.24,56.31,54.37,56.24
523,2024-02-16,1708041600000,BTC,55.08,55.9,54.05,55.24
524,2024-02-15,1707955200000,BTC,55.13,57.37,54.38,55.08
525,2024-02-14,1707868800000,BTC,52.19,56.44,51.72,55.13
526,2024-02-13,1707782400000,BTC,54.56,55.31,52.1,52.19
527,2024-02-12,1707696000000,BTC,51.29,55.53,50.27,54.28
528,2024-02-11,1707609600000,BTC,49.91,51.52,49.46,51.29
529,2024-02-10,1707523200000,BTC,47.79,50.58,46.54,49.91
530,2024-02-09,1707436800000,BTC,44.91,48.67,44.74,47.79
531,2024-02-08,1707350400000,BTC,43.82,46.07,43.81,44.91
532,2024-02-07,1707264000000,BTC,42.87,44.09,41.81,43.82
533,2024-02-06,1707177600000,BTC,42.37,43.58,41.83,42.87
534,2024-02-05,1707091200000,BTC,42.69,43.34,41.78,42.37
535,2024-02-04,1707004800000,BTC,41.52,43.03,41.45,42.69
536,2024-02-03,1706918400000,BTC,42.41,42.98,41.46,41.52
537,2024-02-02,1706832000000,BTC,44.76,45.25,42.27,42.41
538,2024-02-01,1706745600000,BTC,45.79,46.07,44.32,44.76
539,2024-01-31,1706659200000,BTC,46.91,47.19,45.77,45.79
540,2024-01-30,1706572800000,BTC,45.36,47.29,45.25,46.91
541,2024-01-29,1706486400000,BTC,45.25,46.33,44.18,45.36
542,2024-01-28,1706400000000,BTC,42.43,45.85,42.43,45.25
543,2024-01-27,1706313600000,BTC,43.73,43.75,41.46,42.43
544,2024-01-26,1706227200000,BTC,45.01,45.64,43.34,43.73
545,2024-01-25,1706140800000,BTC,47.54,47.71,44.6,45.01
546,2024-01-24,1706054400000,BTC,49.59,50.23,47.19,47.54
547,2024-01-23,1705968000000,BTC,48.98,53.2,46.88,49.59
548,2024-01-22,1705881600000,BTC,47.82,49.04,47.24,48.98
549,2024-01-21,1705795200000,BTC,47.96,48.14,46.51,47.82
550,2024-01-20,1705708800000,BTC,48.05,48.21,45.64,47.96
551,2024-01-19,1705622400000,BTC,48.3,48.7,45.9,48.04
552,2024-01-18,1705536000000,BTC,50.79,50.79,46.81,48.31
553,2024-01-17,1705449600000,BTC,55.16,55.19,50.79,50.79
554,2024-01-16,1705363200000,BTC,56.2,56.5,54.0,55.16
555,2024-01-15,1705276800000,BTC,56.87,57.66,55.37,55.96
556,2024-01-14,1705190400000,BTC,55.07,56.91,54.7,56.87
557,2024-01-13,1705104000000,BTC,57.42,57.54,54.41,55.07
558,2024-01-12,1705017600000,BTC,57.3,58.36,54.8,57.42
559,2024-01-11,1704931200000,BTC,62.7,63.25,57.3,57.3
560,2024-01-10,1704844800000,BTC,64.17,68.04,61.79,62.7
561,2024-01-09,1704758400000,BTC,67.16,67.48,63.68,64.17
562,2024-01-08,1704672000000,BTC,71.81,73.59,67.15,67.16
563,2024-01-07,1704585600000,BTC,71.39,73.48,70.85,71.81
564,2024-01-06,1704499200000,BTC,67.64,72.33,66.75,71.39
565,2024-01-05,1704412800000,BTC,65.34,68.25,65.27,67.64
566,2024-01-04,1704326400000,BTC,65.17,66.59,63.74,65.34
567,2024-01-03,1704240000000,BTC,63.75,67.12,62.13,65.17
568,2024-01-02,1704153600000,BTC,66.81,68.04,63.73,63.75
569,2024-01-01,1704067200000,BTC,64.71,66.89,63.88,66.81
570,2023-12-31,1703980800000,BTC,63.11,64.98,62.61,64.71
571,2023-12-30,1703894400000,BTC,62.5,64.68,62.01,63.11
572,2023-12-29,1703808000000,BTC,63.75,64.26,61.38,62.5
573,2023-12-28,1703721600000,BTC,64.35,64.94,62.5,63.75
574,2023-12-27,1703635200000,BTC,59.98,64.6,59.69,64.35
575,2023-12-26,1703548800000,BTC,58.26,60.13,57.62,59.98
576,2023-12-25,1703462400000,BTC,58.73,59.4,56.57,58.26
577,2023-12-24,1703376000000,BTC,56.97,59.63,56.57,58.73
578,2023-12-23,1703289600000,BTC,57.24,57.31,56.39,56.97
579,2023-12-22,1703203200000,BTC,58.63,59.04,56.86,57.24
580,2023-12-21,1703116800000,BTC,57.24,59.09,57.24,58.63
581,2023-12-20,1703030400000,BTC,57.62,58.86,56.99,58.1
582,2023-12-19,1702944000000,BTC,56.02,57.67,56.02,57.62
583,2023-12-18,1702857600000,BTC,54.6,56.22,54.17,56.02
584,2023-12-17,1702771200000,BTC,53.81,54.89,53.31,54.6
585,2023-12-16,1702684800000,BTC,54.15,54.15,53.07,53.81
586,2023-12-15,1702598400000,BTC,53.13,54.9,52.53,54.15
587,2023-12-14,1702512000000,BTC,53.46,54.07,52.32,53.13
588,2023-12-13,1702425600000,BTC,53.87,54.77,52.95,53.46
589,2023-12-12,1702339200000,BTC,53.83,54.73,53.46,53.87
590,2023-12-11,1702252800000,BTC,55.03,58.92,54.25,55.59
591,2023-12-10,1702166400000,BTC,53.98,55.03,53.62,55.03
592,2023-12-09,1702080000000,BTC,53.72,54.33,52.75,53.98
593,2023-12-08,1701993600000,BTC,52.4,53.83,51.89,53.72
594,2023-12-07,1701907200000,BTC,53.71,54.02,52.29,52.4
595,2023-12-06,1701820800000,BTC,55.71,57.1,53.51,53.71
596,2023-12-05,1701734400000,BTC,55.09,55.72,53.08,55.71
597,2023-12-04,1701648000000,BTC,54.72,55.85,53.55,55.09
598,2023-12-03,1701561600000,BTC,52.35,56.16,52.12,54.72
599,2023-12-02,1701475200000,BTC,51.46,54.21,50.61,52.35
600,2023-12-01,1701388800000,BTC,49.8,52.41,49.61,51.46
601,2023-11-30,1701302400000,BTC,51.9,52.79,49.64,49.8
602,2023-11-29,1701216000000,BTC,50.58,52.37,50.33,51.9
603,2023-11-28,1701129600000,BTC,50.62,51.88,49.67,50.58
604,2023-11-27,1701043200000,BTC,53.19,53.28,50.39,50.62
605,2023-11-26,1700956800000,BTC,52.13,53.71,52.09,53.19
606,2023-11-25,1700870400000,BTC,53.65,53.68,51.51,52.13
607,2023-11-24,1700784000000,BTC,53.87,55.28,50.94,53.65
608,2023-11-23,1700697600000,BTC,55.5,55.91,53.59,53.87
609,2023-11-22,1700611200000,BTC,55.72,56.92,53.49,55.5
610,2023-11-21,1700524800000,BTC,57.94,59.34,55.34,55.72
611,2023-11-20,1700438400000,BTC,56.54,58.15,54.37,57.94
612,2023-11-19,1700352000000,BTC,54.38,57.04,53.5,56.54
613,2023-11-18,1700265600000,BTC,55.4,55.49,53.19,54.38
614,2023-11-17,1700179200000,BTC,55.35,56.53,54.48,55.4
615,2023-11-16,1700092800000,BTC,60.51,61.88,55.07,55.35
616,2023-11-15,1700006400000,BTC,56.24,60.51,54.0,60.51
617,2023-11-14,1699920000000,BTC,56.26,57.45,55.64,56.24
618,2023-11-13,1699833600000,BTC,58.33,59.04,56.12,56.26
619,2023-11-12,1699747200000,BTC,58.09,58.44,56.39,58.33
620,2023-11-11,1699660800000,BTC,56.84,58.09,56.41,58.09
621,2023-11-10,1699574400000,BTC,58.87,59.33,55.91,56.84
622,2023-11-09,1699488000000,BTC,57.58,65.12,57.53,58.87
623,2023-11-08,1699401600000,BTC,55.48,58.03,54.31,57.58
624,2023-11-07,1699315200000,BTC,55.68,57.02,52.02,55.48
625,2023-11-06,1699228800000,BTC,60.1,60.97,57.32,57.36
626,2023-11-05,1699142400000,BTC,62.46,62.77,59.36,60.1
627,2023-11-04,1699056000000,BTC,57.89,62.57,57.88,62.46
628,2023-11-03,1698969600000,BTC,60.0,60.62,57.33,57.89
629,2023-11-02,1698883200000,BTC,59.78,61.94,58.84,60.0
630,2023-11-01,1698796800000,BTC,54.76,60.03,54.57,59.78
631,2023-10-31,1698710400000,BTC,53.89,54.76,53.32,54.76
632,2023-10-30,1698624000000,BTC,54.21,57.29,53.07,53.89
633,2023-10-29,1698537600000,BTC,50.23,55.16,49.94,54.21
634,2023-10-28,1698451200000,BTC,47.19,50.41,47.16,50.23
635,2023-10-27,1698364800000,BTC,55.02,55.02,47.19,47.19
636,2023-10-26,1698278400000,BTC,58.36,60.82,54.75,55.02
637,2023-10-25,1698192000000,BTC,54.19,60.04,53.32,58.36
638,2023-10-24,1698105600000,BTC,55.37,63.84,53.06,54.19
639,2023-10-23,1698019200000,BTC,48.81,64.06,47.91,55.37
640,2023-10-22,1697932800000,BTC,45.9,48.92,45.14,48.81
641,2023-10-21,1697846400000,BTC,44.26,46.45,42.74,45.9
642,2023-10-20,1697760000000,BTC,39.18,46.59,39.08,44.26
643,2023-10-19,1697673600000,BTC,39.24,40.58,39.04,39.18
644,2023-10-18,1697587200000,BTC,41.08,41.09,39.21,39.24
645,2023-10-17,1697500800000,BTC,42.63,42.68,40.81,41.08
646,2023-10-16,1697414400000,BTC,38.17,45.18,36.27,42.63
647,2023-10-15,1697328000000,BTC,36.53,38.19,36.44,38.16
648,2023-10-14,1697241600000,BTC,35.37,36.57,34.82,36.53
649,2023-10-13,1697155200000,BTC,35.19,36.86,34.97,35.37
650,2023-10-12,1697068800000,BTC,36.88,37.82,35.16,35.19
651,2023-10-11,1696982400000,BTC,38.53,38.64,36.09,36.88
652,2023-10-10,1696896000000,BTC,36.81,39.06,36.67,38.53
653,2023-10-09,1696809600000,BTC,37.85,39.05,36.76,36.81
654,2023-10-08,1696723200000,BTC,37.61,38.01,36.29,37.85
655,2023-10-07,1696636800000,BTC,35.06,37.87,34.79,37.61
656,2023-10-06,1696550400000,BTC,36.75,36.8,34.47,35.06
657,2023-10-05,1696464000000,BTC,37.28,38.35,36.65,36.75
658,2023-10-04,1696377600000,BTC,37.96,38.19,37.04,37.28
659,2023-10-03,1696291200000,BTC,37.53,38.35,36.94,37.96
660,2023-10-02,1696204800000,BTC,37.49,40.8,36.2,38.17
661,2023-10-01,1696118400000,BTC,35.89,37.59,35.48,37.5
662,2023-09-30,1696032000000,BTC,33.04,35.93,32.33,35.89
663,2023-09-29,1695945600000,BTC,38.63,38.85,33.04,33.04
664,2023-09-28,1695859200000,BTC,36.06,40.38,35.39,38.63
665,2023-09-27,1695772800000,BTC,38.67,39.64,35.54,36.06
666,2023-09-26,1695686400000,BTC,39.25,40.45,38.51,38.67
667,2023-09-25,1695600000000,BTC,38.6,40.34,38.0,39.25
668,2023-09-24,1695513600000,BTC,37.64,39.92,36.61,38.6
669,2023-09-23,1695427200000,BTC,37.29,37.83,36.25,37.64
670,2023-09-22,1695340800000,BTC,41.37,41.42,36.8,37.29
671,2023-09-21,1695254400000,BTC,43.01,43.28,40.79,41.37
672,2023-09-20,1695168000000,BTC,42.53,43.83,41.96,43.01
673,2023-09-19,1695081600000,BTC,41.48,42.76,41.35,42.53
674,2023-09-18,1694995200000,BTC,39.83,43.03,39.54,41.48
675,2023-09-17,1694908800000,BTC,39.52,40.25,38.34,39.83
676,2023-09-16,1694822400000,BTC,39.14,39.61,38.72,39.52
677,2023-09-15,1694736000000,BTC,41.71,41.85,38.81,39.14
678,2023-09-14,1694649600000,BTC,44.05,44.23,41.14,41.71
679,2023-09-13,1694563200000,BTC,43.57,44.26,42.66,44.05
680,2023-09-12,1694476800000,BTC,44.33,44.83,41.62,43.57
681,2023-09-11,1694390400000,BTC,40.52,45.54,40.46,44.33
682,2023-09-10,1694304000000,BTC,39.75,41.65,39.42,40.52
683,2023-09-09,1694217600000,BTC,40.0,40.34,38.82,39.75
684,2023-09-08,1694131200000,BTC,39.74,41.31,39.45,40.0
685,2023-09-07,1694044800000,BTC,39.41,41.0,38.8,39.74
686,2023-09-06,1693958400000,BTC,39.79,40.83,37.77,39.41
687,2023-09-05,1693872000000,BTC,39.51,40.19,39.09,39.79
688,2023-09-04,1693785600000,BTC,37.84,38.85,37.14,38.3
689,2023-09-03,1693699200000,BTC,35.57,38.37,35.57,37.84
690,2023-09-02,1693612800000,BTC,36.09,36.4,35.39,35.57
691,2023-09-01,1693526400000,BTC,35.98,38.09,35.24,36.09
692,2023-08-31,1693440000000,BTC,38.18,39.52,35.98,35.98
693,2023-08-30,1693353600000,BTC,40.6,40.6,38.08,38.18
694,2023-08-29,1693267200000,BTC,36.42,44.99,36.08,40.6
695,2023-08-28,1693180800000,BTC,36.05,37.6,35.82,36.42
696,2023-08-27,1693094400000,BTC,35.52,36.3,35.24,36.05
697,2023-08-26,1693008000000,BTC,36.31,36.35,35.36,35.52
698,2023-08-25,1692921600000,BTC,41.72,42.18,36.25,36.31
699,2023-08-24,1692835200000,BTC,43.38,43.38,41.37,41.72
700,2023-08-23,1692748800000,BTC,42.13,44.02,40.05,43.38
701,2023-08-22,1692662400000,BTC,42.63,44.11,41.89,42.13
702,2023-08-21,1692576000000,BTC,43.18,43.92,42.3,42.63
703,2023-08-20,1692489600000,BTC,43.01,43.38,40.24,43.18
704,2023-08-19,1692403200000,BTC,43.58,43.97,36.62,43.01
705,2023-08-18,1692316800000,BTC,52.3,52.3,41.49,43.58
706,2023-08-17,1692230400000,BTC,36.56,53.59,36.3,52.3
707,2023-08-16,1692144000000,BTC,34.58,37.43,34.23,36.56
708,2023-08-15,1692057600000,BTC,35.01,36.53,34.43,34.58
709,2023-08-14,1691971200000,BTC,33.76,35.03,32.21,35.01
710,2023-08-13,1691884800000,BTC,32.38,33.76,32.18,33.76
711,2023-08-12,1691798400000,BTC,32.74,32.74,31.41,32.38
712,2023-08-11,1691712000000,BTC,36.2,36.22,32.74,32.74
713,2023-08-10,1691625600000,BTC,38.73,38.73,36.04,36.2
714,2023-08-09,1691539200000,BTC,39.85,40.64,38.51,38.73
715,2023-08-08,1691452800000,BTC,36.29,41.23,34.76,39.85
716,2023-08-07,1691366400000,BTC,34.03,36.75,33.93,36.29
717,2023-08-06,1691280000000,BTC,33.79,34.3,33.32,34.03
718,2023-08-05,1691193600000,BTC,34.37,34.6,33.42,33.79
719,2023-08-04,1691107200000,BTC,36.21,36.26,34.21,34.37
720,2023-08-03,1691020800000,BTC,36.82,37.08,35.74,36.21
721,2023-08-02,1690934400000,BTC,36.56,37.46,36.4,36.82
722,2023-08-01,1690848000000,BTC,36.17,37.07,35.59,36.56
723,2023-07-31,1690761600000,BTC,36.33,37.19,35.75,36.77
724,2023-07-30,1690675200000,BTC,34.96,36.4,34.96,36.33
725,2023-07-29,1690588800000,BTC,35.47,35.48,34.11,34.96
726,2023-07-28,1690502400000,BTC,36.36,36.55,35.05,35.47
727,2023-07-27,1690416000000,BTC,38.15,38.15,36.34,36.36
728,2023-07-26,1690329600000,BTC,37.77,39.35,37.58,38.15
729,2023-07-25,1690243200000,BTC,38.25,38.38,36.47,37.77
730,2023-07-24,1690156800000,BTC,39.27,39.65,37.58,38.25
731,2023-07-23,1690070400000,BTC,39.07,39.49,37.54,39.27
732,2023-07-22,1689984000000,BTC,38.76,39.31,37.36,39.07
733,2023-07-21,1689897600000,BTC,41.62,41.79,38.63,38.76
734,2023-07-20,1689811200000,BTC,40.53,42.05,40.08,41.62
735,2023-07-19,1689724800000,BTC,42.67,42.68,40.52,40.53
736,2023-07-18,1689638400000,BTC,42.9,43.57,42.06,42.67
737,2023-07-17,1689552000000,BTC,42.1,43.47,41.79,42.9
738,2023-07-16,1689465600000,BTC,42.98,43.03,42.01,42.1
739,2023-07-15,1689379200000,BTC,42.21,43.32,41.63,42.98
740,2023-07-14,1689292800000,BTC,45.15,45.45,42.08,42.21
741,2023-07-13,1689206400000,BTC,41.26,46.55,40.63,45.15
742,2023-07-12,1689120000000,BTC,43.96,46.49,41.23,41.26
743,2023-07-11,1689033600000,BTC,44.26,44.53,43.07,43.96
744,2023-07-10,1688947200000,BTC,43.89,44.83,43.55,44.26
745,2023-07-09,1688860800000,BTC,44.01,44.67,43.45,43.89
746,2023-07-08,1688774400000,BTC,45.04,45.27,43.55,44.01
747,2023-07-07,1688688000000,BTC,47.96,48.37,44.81,45.04
748,2023-07-06,1688601600000,BTC,46.45,49.92,45.36,47.96
749,2023-07-05,1688515200000,BTC,46.61,46.65,45.22,46.45
750,2023-07-04,1688428800000,BTC,48.16,48.18,46.47,46.61
751,2023-07-03,1688342400000,BTC,47.88,49.62,46.67,49.05
752,2023-07-02,1688256000000,BTC,46.56,47.89,46.54,47.88
753,2023-07-01,1688169600000,BTC,46.06,46.56,44.63,46.56
754,2023-06-30,1688083200000,BTC,43.52,47.17,42.92,46.06
755,2023-06-29,1687996800000,BTC,48.44,48.59,43.41,43.52
756,2023-06-28,1687910400000,BTC,48.92,48.92,46.94,48.44
757,2023-06-27,1687824000000,BTC,49.51,50.67,48.87,48.92
758,2023-06-26,1687737600000,BTC,49.51,52.12,48.66,49.51
759,2023-06-25,1687651200000,BTC,49.15,50.83,48.72,49.51
760,2023-06-24,1687564800000,BTC,52.71,52.75,44.6,49.15
761,2023-06-23,1687478400000,BTC,51.05,53.97,49.39,52.71
762,2023-06-22,1687392000000,BTC,55.83,56.2,50.91,51.05
763,2023-06-21,1687305600000,BTC,52.71,59.24,51.99,55.83
764,2023-06-20,1687219200000,BTC,45.22,53.13,45.14,52.71
765,2023-06-19,1687132800000,BTC,45.41,45.43,43.84,45.22
766,2023-06-18,1687046400000,BTC,42.95,45.71,42.53,45.41
767,2023-06-17,1686960000000,BTC,45.06,45.06,42.59,42.95
768,2023-06-16,1686873600000,BTC,46.63,46.78,43.14,45.06
769,2023-06-15,1686787200000,BTC,44.66,48.4,43.76,46.63
770,2023-06-14,1686700800000,BTC,45.38,47.54,42.05,44.66
771,2023-06-13,1686614400000,BTC,46.45,46.45,45.33,45.38
772,2023-06-12,1686528000000,BTC,42.81,46.46,39.85,46.45
773,2023-06-11,1686441600000,BTC,43.37,43.59,42.25,42.81
774,2023-06-10,1686355200000,BTC,40.8,43.66,40.57,43.37
775,2023-06-09,1686268800000,BTC,41.35,41.78,40.44,40.8
776,2023-06-08,1686182400000,BTC,45.63,46.13,41.35,41.35
777,2023-06-07,1686096000000,BTC,43.64,45.7,41.64,45.63
778,2023-06-06,1686009600000,BTC,40.11,43.65,39.76,43.65
779,2023-06-05,1685923200000,BTC,41.69,42.61,39.18,40.11
780,2023-06-04,1685836800000,BTC,39.75,41.73,38.95,41.69
781,2023-06-03,1685750400000,BTC,41.4,41.45,39.71,39.75
782,2023-06-02,1685664000000,BTC,42.13,43.61,39.89,41.4
783,2023-06-01,1685577600000,BTC,43.86,44.06,41.54,42.13
784,2023-05-31,1685491200000,BTC,44.68,45.94,43.69,43.93
785,2023-05-30,1685404800000,BTC,47.12,47.38,44.22,44.68
786,2023-05-29,1685318400000,BTC,49.94,50.57,46.34,47.12
787,2023-05-28,1685232000000,BTC,43.09,49.94,43.07,49.94
788,2023-05-27,1685145600000,BTC,45.24,45.3,42.98,43.09
789,2023-05-26,1685059200000,BTC,47.77,47.79,43.56,45.24
790,2023-05-25,1684972800000,BTC,51.3,51.56,47.31,47.77
791,2023-05-24,1684886400000,BTC,50.08,52.23,48.91,51.3
792,2023-05-23,1684800000000,BTC,47.58,50.25,46.2,50.08
793,2023-05-22,1684713600000,BTC,47.02,48.0,45.54,47.58
794,2023-05-21,1684627200000,BTC,46.34,47.63,45.51,47.02
795,2023-05-20,1684540800000,BTC,46.52,47.11,45.52,46.34
796,2023-05-19,1684454400000,BTC,46.28,46.95,45.07,46.52
797,2023-05-18,1684368000000,BTC,49.72,49.91,46.1,46.28
798,2023-05-17,1684281600000,BTC,50.57,50.57,49.16,49.72
799,2023-05-16,1684195200000,BTC,52.28,52.51,50.33,50.57
800,2023-05-15,1684108800000,BTC,48.02,53.18,47.94,52.28
801,2023-05-14,1684022400000,BTC,48.35,48.5,47.53,48.02
802,2023-05-13,1683936000000,BTC,50.09,50.09,48.23,48.35
803,2023-05-12,1683849600000,BTC,51.21,52.86,50.09,50.09
804,2023-05-11,1683763200000,BTC,50.86,51.98,48.61,51.21
805,2023-05-10,1683676800000,BTC,51.98,52.31,50.55,50.86
806,2023-05-09,1683590400000,BTC,51.34,52.02,51.07,51.98
807,2023-05-08,1683504000000,BTC,51.68,51.87,50.79,51.34
808,2023-05-07,1683417600000,BTC,50.53,51.72,49.72,51.68
809,2023-05-06,1683331200000,BTC,51.67,51.99,50.26,50.53
810,2023-05-05,1683244800000,BTC,51.9,52.6,51.41,51.67
811,2023-05-04,1683158400000,BTC,52.92,54.03,51.6,51.9
812,2023-05-03,1683072000000,BTC,53.21,54.41,50.94,52.92
813,2023-05-02,1682985600000,BTC,53.19,53.55,51.95,53.21
814,2023-05-01,1682899200000,BTC,53.3,55.07,53.02,53.19
815,2023-04-30,1682812800000,BTC,50.68,53.3,49.22,53.3
816,2023-04-29,1682726400000,BTC,50.73,51.01,50.1,50.68
817,2023-04-28,1682640000000,BTC,55.07,55.1,50.61,50.73
818,2023-04-27,1682553600000,BTC,55.46,56.97,53.47,55.07
819,2023-04-26,1682467200000,BTC,52.39,58.62,51.68,55.47
820,2023-04-25,1682380800000,BTC,52.72,53.53,52.08,52.38
821,2023-04-24,1682294400000,BTC,54.22,54.3,52.42,52.72
822,2023-04-23,1682208000000,BTC,54.53,55.83,53.84,54.22
823,2023-04-22,1682121600000,BTC,54.82,54.84,53.07,54.53
824,2023-04-21,1682035200000,BTC,56.11,56.22,53.15,54.82
825,2023-04-20,1681948800000,BTC,55.14,56.16,54.02,56.11
826,2023-04-19,1681862400000,BTC,55.63,56.1,54.35,55.71
827,2023-04-18,1681776000000,BTC,55.6,56.44,55.01,55.63
828,2023-04-17,1681689600000,BTC,56.4,57.31,53.72,55.6
829,2023-04-16,1681603200000,BTC,53.81,56.63,53.51,56.4
830,2023-04-15,1681516800000,BTC,53.46,53.98,52.63,53.81
831,2023-04-14,1681430400000,BTC,55.47,57.07,53.14,53.46
832,2023-04-13,1681344000000,BTC,55.87,56.77,55.03,55.47
833,2023-04-12,1681257600000,BTC,60.18,60.27,55.86,55.87
834,2023-04-11,1681171200000,BTC,62.16,63.03,60.12,60.18
835,2023-04-10,1681084800000,BTC,58.56,63.05,57.17,62.16
836,2023-04-09,1680998400000,BTC,55.26,58.81,54.87,58.56
837,2023-04-08,1680912000000,BTC,54.5,55.83,53.63,55.26
838,2023-04-07,1680825600000,BTC,57.06,57.06,54.25,54.5
839,2023-04-06,1680739200000,BTC,58.02,59.81,56.61,57.06
840,2023-04-05,1680652800000,BTC,59.65,60.56,57.93,58.02
841,2023-04-04,1680566400000,BTC,61.83,61.83,59.45,59.65
842,2023-04-03,1680480000000,BTC,60.28,62.44,58.38,61.83
843,2023-04-02,1680393600000,BTC,58.17,60.65,58.02,60.28
844,2023-04-01,1680307200000,BTC,58.52,58.53,57.35,58.17
845,2023-03-31,1680220800000,BTC,62.74,62.99,57.97,58.52
846,2023-03-30,1680134400000,BTC,64.49,66.82,62.34,62.74
847,2023-03-29,1680048000000,BTC,60.13,64.96,58.82,64.49
848,2023-03-28,1679961600000,BTC,62.12,63.42,59.73,60.13
849,2023-03-27,1679875200000,BTC,63.23,65.95,61.97,62.12
850,2023-03-26,1679788800000,BTC,61.59,63.35,61.48,63.23
851,2023-03-25,1679702400000,BTC,65.06,65.19,60.99,61.59
852,2023-03-24,1679616000000,BTC,66.43,67.76,64.5,65.06
853,2023-03-23,1679529600000,BTC,63.89,67.31,61.07,66.43
854,2023-03-22,1679443200000,BTC,68.92,70.11,63.29,63.89
855,2023-03-21,1679356800000,BTC,68.23,71.75,67.0,70.06
856,2023-03-20,1679270400000,BTC,73.34,73.83,68.08,68.23
857,2023-03-19,1679184000000,BTC,67.25,74.34,67.13,73.34
858,2023-03-18,1679097600000,BTC,66.59,68.88,64.07,67.25
859,2023-03-17,1679011200000,BTC,62.45,69.46,60.76,66.59
860,2023-03-16,1678924800000,BTC,64.15,64.15,56.98,62.45
861,2023-03-15,1678838400000,BTC,63.46,70.1,61.88,64.15
862,2023-03-14,1678752000000,BTC,62.24,68.19,59.71,63.46
863,2023-03-13,1678665600000,BTC,58.87,70.39,54.56,62.24
864,2023-03-12,1678579200000,BTC,59.82,62.61,57.09,58.87
865,2023-03-11,1678492800000,BTC,54.2,65.03,52.31,59.82
866,2023-03-10,1678406400000,BTC,54.39,59.38,53.44,54.2
867,2023-03-09,1678320000000,BTC,50.12,56.03,48.47,54.39
868,2023-03-08,1678233600000,BTC,51.46,52.56,49.62,50.12
869,2023-03-07,1678147200000,BTC,51.78,52.56,50.73,51.46
870,2023-03-06,1678060800000,BTC,50.84,52.55,50.4,51.78
871,2023-03-05,1677974400000,BTC,51.57,52.71,50.62,50.84
872,2023-03-04,1677888000000,BTC,52.2,52.35,50.4,51.57
873,2023-03-03,1677801600000,BTC,53.72,55.91,50.53,52.2
874,2023-03-02,1677715200000,BTC,54.71,55.36,53.19,53.72
875,2023-03-01,1677628800000,BTC,50.37,55.83,50.34,54.71
876,2023-02-28,1677542400000,BTC,50.44,50.62,49.16,50.37
877,2023-02-27,1677456000000,BTC,51.34,51.49,49.9,50.44
878,2023-02-26,1677369600000,BTC,50.29,52.2,49.98,51.34
879,2023-02-25,1677283200000,BTC,50.49,50.49,48.12,50.29
880,2023-02-24,1677196800000,BTC,54.93,54.97,50.45,50.49
881,2023-02-23,1677110400000,BTC,56.83,57.54,54.87,54.93
882,2023-02-22,1677024000000,BTC,59.47,60.16,56.69,56.83
883,2023-02-21,1676937600000,BTC,60.75,62.33,59.35,60.82
884,2023-02-20,1676851200000,BTC,59.93,62.16,59.37,60.75
885,2023-02-19,1676764800000,BTC,58.37,61.92,57.56,59.94
886,2023-02-18,1676678400000,BTC,60.77,60.78,58.35,58.37
887,2023-02-17,1676592000000,BTC,58.8,62.41,54.1,60.77
888,2023-02-16,1676505600000,BTC,52.67,59.55,51.15,58.8
889,2023-02-15,1676419200000,BTC,49.17,52.91,46.92,52.67
890,2023-02-14,1676332800000,BTC,50.65,51.16,47.87,49.17
891,2023-02-13,1676246400000,BTC,47.51,51.73,47.4,50.65
892,2023-02-12,1676160000000,BTC,47.13,48.09,46.76,47.5
893,2023-02-11,1676073600000,BTC,48.7,48.83,46.67,47.13
894,2023-02-10,1675987200000,BTC,51.95,52.02,48.4,48.69
895,2023-02-09,1675900800000,BTC,52.99,53.11,49.03,51.95
896,2023-02-08,1675814400000,BTC,53.31,53.94,52.52,52.99
897,2023-02-07,1675728000000,BTC,54.56,54.66,52.82,53.31
898,2023-02-06,1675641600000,BTC,55.23,55.73,53.33,54.56
899,2023-02-05,1675555200000,BTC,54.16,55.68,53.95,55.23
900,2023-02-04,1675468800000,BTC,54.25,54.55,53.18,54.16
901,2023-02-03,1675382400000,BTC,57.71,57.82,54.14,54.25
902,2023-02-02,1675296000000,BTC,58.04,58.32,55.11,57.71
903,2023-02-01,1675209600000,BTC,58.82,60.43,56.27,58.04
904,2023-01-31,1675123200000,BTC,56.4,59.21,54.76,58.82
905,2023-01-30,1675036800000,BTC,58.92,58.92,55.41,56.4
906,2023-01-29,1674950400000,BTC,54.49,60.05,52.01,58.92
907,2023-01-28,1674864000000,BTC,55.0,55.12,53.63,54.49
908,2023-01-27,1674777600000,BTC,57.0,57.69,54.98,55.0
909,2023-01-26,1674691200000,BTC,61.49,61.52,56.59,57.0
910,2023-01-25,1674604800000,BTC,65.73,65.85,58.02,61.49
911,2023-01-24,1674518400000,BTC,64.38,65.84,61.26,61.33
912,2023-01-23,1674432000000,BTC,61.99,66.6,61.26,64.38
913,2023-01-22,1674345600000,BTC,65.79,66.22,60.54,61.99
914,2023-01-21,1674259200000,BTC,59.48,67.64,56.73,65.79
915,2023-01-20,1674172800000,BTC,56.9,59.5,53.78,59.48
916,2023-01-19,1674086400000,BTC,63.34,63.37,56.23,56.9
917,2023-01-18,1674000000000,BTC,63.35,64.55,59.36,63.34
918,2023-01-17,1673913600000,BTC,64.92,66.37,62.93,63.35
919,2023-01-16,1673827200000,BTC,70.2,71.16,63.93,64.92
920,2023-01-15,1673740800000,BTC,73.62,74.15,66.16,70.2
921,2023-01-14,1673654400000,BTC,61.12,73.8,58.78,73.62
922,2023-01-13,1673568000000,BTC,51.42,61.12,47.08,61.12
923,2023-01-12,1673481600000,BTC,47.55,52.07,43.13,51.42
924,2023-01-11,1673395200000,BTC,45.47,47.55,45.2,47.55
925,2023-01-10,1673308800000,BTC,44.06,45.47,43.01,45.47
926,2023-01-09,1673222400000,BTC,42.79,45.03,42.79,44.06
927,2023-01-08,1673136000000,BTC,42.02,43.53,41.79,42.79
928,2023-01-07,1673049600000,BTC,43.61,43.62,41.53,42.02
929,2023-01-06,1672963200000,BTC,45.45,45.56,42.71,43.61
930,2023-01-05,1672876800000,BTC,46.87,47.48,45.41,45.45
931,2023-01-04,1672790400000,BTC,48.95,48.95,41.96,46.87
932,2023-01-03,1672704000000,BTC,50.02,50.44,48.79,48.95
933,2023-01-02,1672617600000,BTC,46.96,50.02,45.8,50.02
934,2023-01-01,1672531200000,BTC,48.31,48.43,46.7,46.96
935,2022-12-31,1672444800000,BTC,49.82,50.12,47.63,48.31
936,2022-12-30,1672358400000,BTC,54.59,54.95,48.5,49.82
937,2022-12-29,1672272000000,BTC,57.19,57.29,54.54,54.59
938,2022-12-28,1672185600000,BTC,54.05,57.33,53.53,57.19
939,2022-12-27,1672099200000,BTC,53.22,54.44,53.11,54.05
940,2022-12-26,1672012800000,BTC,53.68,53.97,53.0,53.22
941,2022-12-25,1671926400000,BTC,52.35,53.8,52.23,53.68
942,2022-12-24,1671840000000,BTC,53.67,53.91,52.2,52.35
943,2022-12-23,1671753600000,BTC,56.14,56.31,52.86,53.67
944,2022-12-22,1671667200000,BTC,59.12,59.18,53.48,56.14
945,2022-12-21,1671580800000,BTC,60.1,60.34,58.83,59.12
946,2022-12-20,1671494400000,BTC,63.61,65.81,59.36,60.1
947,2022-12-19,1671408000000,BTC,66.48,66.67,60.62,63.62
948,2022-12-18,1671321600000,BTC,62.29,67.84,61.06,66.48
949,2022-12-17,1671235200000,BTC,63.31,67.9,61.67,62.29
950,2022-12-16,1671148800000,BTC,57.74,64.86,52.81,63.31
951,2022-12-15,1671062400000,BTC,55.19,57.81,52.82,57.74
952,2022-12-14,1670976000000,BTC,60.67,60.76,55.08,55.19
953,2022-12-13,1670889600000,BTC,60.25,60.73,60.08,60.66
954,2022-12-12,1670803200000,BTC,61.79,62.4,60.35,61.15
955,2022-12-11,1670716800000,BTC,59.55,61.95,59.52,61.79
956,2022-12-10,1670630400000,BTC,58.71,59.62,58.39,59.55
957,2022-12-09,1670544000000,BTC,56.63,58.86,56.39,58.71
958,2022-12-08,1670457600000,BTC,57.05,57.24,55.45,55.71
959,2022-12-07,1670371200000,BTC,56.74,61.91,56.54,61.83
960,2022-12-06,1670284800000,BTC,56.01,59.36,55.25,56.74
961,2022-12-05,1670198400000,BTC,61.84,62.0,55.17,56.01
962,2022-12-04,1670112000000,BTC,61.15,62.02,58.27,61.84
963,2022-12-03,1670025600000,BTC,58.75,61.32,58.12,61.15
964,2022-12-02,1669939200000,BTC,60.05,64.18,58.57,58.75
965,2022-12-01,1669852800000,BTC,64.05,64.38,59.68,60.05
966,2022-11-30,1669766400000,BTC,64.8,65.38,62.62,64.05
967,2022-11-29,1669680000000,BTC,67.44,68.14,64.52,64.8
968,2022-11-28,1669593600000,BTC,67.12,70.39,66.46,67.44
969,2022-11-27,1669507200000,BTC,65.49,67.12,64.0,67.12
970,2022-11-26,1669420800000,BTC,64.89,65.83,62.97,65.49
971,2022-11-25,1669334400000,BTC,72.21,73.27,64.8,64.89
972,2022-11-24,1669248000000,BTC,75.27,76.05,72.09,72.21
973,2022-11-23,1669161600000,BTC,79.71,79.88,74.5,75.27
974,2022-11-22,1669075200000,BTC,80.81,83.39,79.09,79.71
975,2022-11-21,1668988800000,BTC,80.26,82.89,79.09,80.81
976,2022-11-20,1668902400000,BTC,72.41,81.11,72.41,80.26
977,2022-11-19,1668816000000,BTC,74.71,74.78,71.89,72.41
978,2022-11-18,1668729600000,BTC,76.97,77.03,72.35,74.71
979,2022-11-17,1668643200000,BTC,98.64,98.64,75.19,76.97
980,2022-11-16,1668556800000,BTC,89.99,103.25,81.08,98.64
981,2022-11-15,1668470400000,BTC,98.18,98.18,82.7,89.99
982,2022-11-14,1668384000000,BTC,107.88,112.14,89.9,98.18
983,2022-11-13,1668297600000,BTC,102.92,110.53,100.48,107.88
984,2022-11-12,1668211200000,BTC,102.11,110.48,101.2,102.92
985,2022-11-11,1668124800000,BTC,93.12,107.16,82.51,102.11
986,2022-11-10,1668038400000,BTC,114.72,115.37,85.05,93.12
987,2022-11-09,1667952000000,BTC,76.66,122.01,75.83,114.72
988,2022-11-08,1667865600000,BTC,59.48,94.83,59.31,76.66
989,2022-11-07,1667779200000,BTC,56.76,59.69,56.31,59.48
990,2022-11-06,1667692800000,BTC,55.9,56.76,54.29,56.76
991,2022-11-05,1667606400000,BTC,54.19,55.9,53.2,55.9
992,2022-11-04,1667520000000,BTC,53.98,57.08,53.26,54.19
993,2022-11-03,1667433600000,BTC,56.41,56.41,52.98,53.98
994,2022-11-02,1667347200000,BTC,59.92,60.63,56.41,56.41
995,2022-11-01,1667260800000,BTC,59.63,60.65,59.42,59.92
996,2022-10-31,1667174400000,BTC,60.36,62.59,59.1,59.63
997,2022-10-30,1667088000000,BTC,57.8,60.65,57.49,60.36
998,2022-10-29,1667001600000,BTC,55.08,58.11,55.06,57.8
999,2022-10-28,1666915200000,BTC,61.41,61.76,54.57,55.08
1000,2022-10-27,1666828800000,BTC,66.28,66.29,60.35,61.41
1001,2022-10-26,1666742400000,BTC,65.61,68.51,63.78,66.28
1002,2022-10-25,1666656000000,BTC,64.31,67.64,63.48,65.61
1003,2022-10-24,1666569600000,BTC,64.07,65.39,62.68,64.31
1004,2022-10-23,1666483200000,BTC,62.14,64.95,61.8,64.07
1005,2022-10-22,1666396800000,BTC,62.19,63.37,60.37,62.14
1006,2022-10-21,1666310400000,BTC,61.44,63.02,59.37,62.19
1007,2022-10-20,1666224000000,BTC,60.9,62.17,59.92,61.44
1008,2022-10-19,1666137600000,BTC,62.26,62.49,60.02,60.9
1009,2022-10-18,1666051200000,BTC,60.01,62.96,59.21,62.26
1010,2022-10-17,1665964800000,BTC,63.27,63.68,59.46,60.01
1011,2022-10-16,1665878400000,BTC,62.66,63.35,61.14,63.27
1012,2022-10-15,1665792000000,BTC,62.41,63.01,61.75,62.66
1013,2022-10-14,1665705600000,BTC,66.11,66.22,61.84,62.08
1014,2022-10-13,1665619200000,BTC,70.2,75.28,65.99,66.11
1015,2022-10-12,1665532800000,BTC,70.6,71.35,69.99,70.2
1016,2022-10-11,1665446400000,BTC,68.98,72.46,68.94,70.6
1017,2022-10-10,1665360000000,BTC,67.51,70.59,66.52,68.98
1018,2022-10-09,1665273600000,BTC,64.24,68.05,63.98,67.51
1019,2022-10-08,1665187200000,BTC,65.99,66.0,63.05,64.84
1020,2022-10-07,1665100800000,BTC,68.73,70.02,65.99,65.99
1021,2022-10-06,1665014400000,BTC,71.16,72.25,68.67,68.73
1022,2022-10-05,1664928000000,BTC,69.87,71.75,69.8,71.16
1023,2022-10-04,1664841600000,BTC,70.07,72.06,69.26,69.87
1024,2022-10-03,1664755200000,BTC,76.42,76.42,70.06,70.07
1025,2022-10-02,1664668800000,BTC,72.26,77.52,71.73,76.42
1026,2022-10-01,1664582400000,BTC,74.06,74.07,70.16,72.26
1027,2022-09-30,1664496000000,BTC,77.52,77.78,71.6,74.06
1028,2022-09-29,1664409600000,BTC,79.4,81.89,77.01,77.52
1029,2022-09-28,1664323200000,BTC,76.88,84.19,76.1,79.4
1030,2022-09-27,1664236800000,BTC,76.71,79.19,71.29,76.88
1031,2022-09-26,1664150400000,BTC,75.88,77.43,74.61,76.71
1032,2022-09-25,1664064000000,BTC,73.21,76.29,71.82,75.88
1033,2022-09-24,1663977600000,BTC,74.23,74.56,72.19,73.21
1034,2022-09-23,1663891200000,BTC,74.81,78.28,73.73,74.23
1035,2022-09-22,1663804800000,BTC,76.7,77.43,74.55,74.81
1036,2022-09-21,1663718400000,BTC,75.86,78.59,72.77,76.7
1037,2022-09-20,1663632000000,BTC,70.23,75.86,70.23,75.86
1038,2022-09-19,1663545600000,BTC,74.86,74.86,70.23,70.23
1039,2022-09-18,1663459200000,BTC,69.14,75.31,67.57,74.86
1040,2022-09-17,1663372800000,BTC,70.57,70.69,68.71,69.14
1041,2022-09-16,1663286400000,BTC,76.05,76.54,70.57,70.57
1042,2022-09-15,1663200000000,BTC,78.19,79.61,75.28,76.05
1043,2022-09-14,1663113600000,BTC,81.07,81.25,76.02,78.19
1044,2022-09-13,1663027200000,BTC,79.15,83.44,78.25,81.07
1045,2022-09-12,1662940800000,BTC,78.91,79.35,76.34,79.15
1046,2022-09-11,1662854400000,BTC,78.15,78.99,75.1,78.91
1047,2022-09-10,1662768000000,BTC,75.12,79.03,72.25,78.15
1048,2022-09-09,1662681600000,BTC,75.72,77.73,72.02,75.12
1049,2022-09-08,1662595200000,BTC,76.12,76.14,74.09,75.72
1050,2022-09-07,1662508800000,BTC,81.46,84.32,75.62,76.12
1051,2022-09-06,1662422400000,BTC,76.88,81.46,74.97,81.46
1052,2022-09-05,1662336000000,BTC,76.01,76.91,74.89,76.88
1053,2022-09-04,1662249600000,BTC,77.86,77.86,74.89,76.01
1054,2022-09-03,1662163200000,BTC,74.66,78.74,73.43,77.86
1055,2022-09-02,1662076800000,BTC,77.83,77.83,72.23,74.66
1056,2022-09-01,1661990400000,BTC,75.04,79.91,74.45,77.83
1057,2022-08-31,1661904000000,BTC,75.78,76.01,71.17,75.04
1058,2022-08-30,1661817600000,BTC,73.2,77.69,71.62,75.78
1059,2022-08-29,1661731200000,BTC,76.16,76.92,72.75,73.2
1060,2022-08-28,1661644800000,BTC,73.03,76.19,72.46,76.17
1061,2022-08-27,1661558400000,BTC,72.6,73.33,69.92,73.03
1062,2022-08-26,1661472000000,BTC,73.83,75.64,70.61,72.6
1063,2022-08-25,1661385600000,BTC,75.59,75.59,72.66,73.83
1064,2022-08-24,1661299200000,BTC,77.78,78.37,73.91,75.59
1065,2022-08-23,1661212800000,BTC,80.35,80.47,77.73,77.78
1066,2022-08-22,1661126400000,BTC,79.02,80.97,78.42,80.35
1067,2022-08-21,1661040000000,BTC,77.7,79.35,76.99,79.02
1068,2022-08-20,1660953600000,BTC,81.24,81.57,76.97,77.7
1069,2022-08-19,1660867200000,BTC,74.82,82.7,74.76,81.24
1070,2022-08-18,1660780800000,BTC,74.09,75.05,73.44,74.82
1071,2022-08-17,1660694400000,BTC,71.55,75.42,70.68,75.32
1072,2022-08-16,1660608000000,BTC,70.2,71.61,69.76,71.55
1073,2022-08-15,1660521600000,BTC,70.89,71.1,68.94,70.2
1074,2022-08-14,1660435200000,BTC,70.6,73.14,69.94,70.89
1075,2022-08-13,1660348800000,BTC,70.27,71.1,69.38,70.6
1076,2022-08-12,1660262400000,BTC,71.48,71.62,69.71,70.27
1077,2022-08-11,1660176000000,BTC,70.87,72.97,70.1,71.48
1078,2022-08-10,1660089600000,BTC,74.67,75.85,70.87,70.87
1079,2022-08-09,1660003200000,BTC,75.17,75.35,73.68,74.67
1080,2022-08-08,1659916800000,BTC,73.6,76.12,72.82,75.17
1081,2022-08-07,1659830400000,BTC,71.7,73.6,71.56,73.6
1082,2022-08-06,1659744000000,BTC,71.85,72.98,71.34,71.7
1083,2022-08-05,1659657600000,BTC,73.67,74.23,70.63,71.85
1084,2022-08-04,1659571200000,BTC,75.87,75.87,72.98,73.67
1085,2022-08-03,1659484800000,BTC,77.79,78.23,75.05,75.87
1086,2022-08-02,1659398400000,BTC,77.69,78.66,76.59,77.79
1087,2022-08-01,1659312000000,BTC,78.66,78.66,77.02,77.69
1088,2022-07-31,1659225600000,BTC,78.55,79.01,76.68,78.66
1089,2022-07-30,1659139200000,BTC,75.03,79.65,74.77,78.55
1090,2022-07-29,1659052800000,BTC,76.89,77.69,73.34,75.03
1091,2022-07-28,1658966400000,BTC,76.49,77.75,74.09,76.89
1092,2022-07-27,1658880000000,BTC,81.39,81.95,74.84,76.49
1093,2022-07-26,1658793600000,BTC,81.35,82.87,80.08,81.39
1094,2022-07-25,1658707200000,BTC,83.17,83.98,79.81,81.35
1095,2022-07-24,1658620800000,BTC,80.45,83.6,79.06,83.17
1096,2022-07-23,1658534400000,BTC,84.28,84.44,80.31,80.45
1097,2022-07-22,1658448000000,BTC,82.38,84.89,80.01,84.28
1098,2022-07-21,1658361600000,BTC,83.99,85.37,82.37,82.38
1099,2022-07-20,1658275200000,BTC,82.9,87.1,79.76,83.99
1100,2022-07-19,1658188800000,BTC,83.38,84.5,81.15,82.9
1101,2022-07-18,1658102400000,BTC,81.29,83.39,79.8,83.39
1102,2022-07-17,1658016000000,BTC,81.99,83.41,80.68,81.29
1103,2022-07-16,1657929600000,BTC,78.7,82.73,77.01,81.99
1104,2022-07-15,1657843200000,BTC,81.35,81.45,77.99,78.7
1105,2022-07-14,1657756800000,BTC,80.89,84.68,79.51,81.35
1106,2022-07-13,1657670400000,BTC,85.86,86.43,80.89,80.89
1107,2022-07-12,1657584000000,BTC,80.52,86.07,80.4,85.86
1108,2022-07-11,1657497600000,BTC,75.86,80.67,75.5,80.52
1109,2022-07-10,1657411200000,BTC,73.55,76.05,73.4,75.86
1110,2022-07-09,1657324800000,BTC,78.39,78.98,72.73,73.55
1111,2022-07-08,1657238400000,BTC,81.35,82.71,77.8,78.39
1112,2022-07-07,1657152000000,BTC,82.25,82.97,80.73,81.35
1113,2022-07-06,1657065600000,BTC,81.78,84.1,81.62,82.25
1114,2022-07-05,1656979200000,BTC,86.99,87.51,84.43,86.08
1115,2022-07-04,1656892800000,BTC,92.07,92.78,86.92,86.99
1116,2022-07-03,1656806400000,BTC,92.23,94.21,91.1,92.07
1117,2022-07-02,1656720000000,BTC,92.97,93.79,90.35,92.23
1118,2022-07-01,1656633600000,BTC,94.14,95.49,90.28,92.97
1119,2022-06-30,1656547200000,BTC,91.37,99.17,90.93,94.14
1120,2022-06-29,1656460800000,BTC,87.5,91.54,86.17,91.37
1121,2022-06-28,1656374400000,BTC,89.09,90.02,85.93,87.5
1122,2022-06-27,1656288000000,BTC,90.26,91.0,87.5,89.09
1123,2022-06-26,1656201600000,BTC,86.66,90.72,86.4,90.26
1124,2022-06-25,1656115200000,BTC,90.66,90.75,86.65,86.66
1125,2022-06-24,1656028800000,BTC,91.46,93.09,88.23,90.66
1126,2022-06-23,1655942400000,BTC,99.76,99.84,91.29,91.46
1127,2022-06-22,1655856000000,BTC,97.96,100.67,96.79,99.76
1128,2022-06-21,1655769600000,BTC,99.27,99.52,93.8,97.96
1129,2022-06-20,1655683200000,BTC,109.97,112.98,98.9,99.27
1130,2022-06-19,1655596800000,BTC,115.03,118.45,108.86,109.97
1131,2022-06-18,1655510400000,BTC,108.67,133.42,107.09,115.03
1132,2022-06-17,1655424000000,BTC,119.65,121.89,105.53,108.67
1133,2022-06-16,1655337600000,BTC,89.15,119.65,88.53,119.65
1134,2022-06-15,1655251200000,BTC,103.09,142.02,89.15,89.15
1135,2022-06-14,1655164800000,BTC,106.0,113.43,97.87,103.09
1136,2022-06-13,1655078400000,BTC,93.99,107.5,92.78,106.0
1137,2022-06-12,1654992000000,BTC,75.05,93.99,74.28,93.99
1138,2022-06-11,1654905600000,BTC,72.55,75.58,71.11,75.05
1139,2022-06-10,1654819200000,BTC,72.57,74.77,71.68,72.55
1140,2022-06-09,1654732800000,BTC,71.7,72.62,70.51,72.57
1141,2022-06-08,1654646400000,BTC,71.51,72.79,69.11,71.7
1142,2022-06-07,1654560000000,BTC,68.51,73.49,68.51,71.51
1143,2022-06-06,1654473600000,BTC,72.04,72.04,67.6,68.51
1144,2022-06-05,1654387200000,BTC,70.96,72.04,69.44,72.04
1145,2022-06-04,1654300800000,BTC,71.33,71.67,70.15,70.96
1146,2022-06-03,1654214400000,BTC,73.43,74.3,70.84,71.33
1147,2022-06-02,1654128000000,BTC,71.74,74.12,71.74,73.43
1148,2022-06-01,1654041600000,BTC,73.06,76.81,71.89,74.75
1149,2022-05-31,1653955200000,BTC,75.39,75.52,72.26,73.06
1150,2022-05-30,1653868800000,BTC,81.2,81.42,72.12,75.39
1151,2022-05-29,1653782400000,BTC,80.91,82.41,79.4,81.2
1152,2022-05-28,1653696000000,BTC,84.72,84.78,80.7,80.91
1153,2022-05-27,1653609600000,BTC,81.64,84.76,79.62,84.72
1154,2022-05-26,1653523200000,BTC,82.57,90.14,80.25,81.63
1155,2022-05-25,1653436800000,BTC,82.27,83.16,80.45,82.57
1156,2022-05-24,1653350400000,BTC,82.54,84.5,80.65,82.27
1157,2022-05-23,1653264000000,BTC,82.49,83.59,80.03,82.54
1158,2022-05-22,1653177600000,BTC,84.12,84.95,82.16,82.49
1159,2022-05-21,1653091200000,BTC,88.56,88.66,84.11,84.12
1160,2022-05-20,1653004800000,BTC,91.11,93.33,83.02,88.56
1161,2022-05-19,1652918400000,BTC,100.59,100.95,91.05,91.11
1162,2022-05-18,1652832000000,BTC,89.74,100.59,87.3,100.59
1163,2022-05-17,1652745600000,BTC,96.37,96.39,88.6,91.46
1164,2022-05-16,1652659200000,BTC,92.34,97.55,92.29,96.37
1165,2022-05-15,1652572800000,BTC,93.57,96.31,91.79,92.34
1166,2022-05-14,1652486400000,BTC,99.67,99.79,92.63,93.57
1167,2022-05-13,1652400000000,BTC,114.58,115.12,91.7,99.66
1168,2022-05-12,1652313600000,BTC,101.25,139.73,99.57,114.58
1169,2022-05-11,1652227200000,BTC,81.61,109.04,79.65,101.25
1170,2022-05-10,1652140800000,BTC,84.92,88.51,76.95,81.61
1171,2022-05-09,1652054400000,BTC,68.59,85.99,68.33,84.91
1172,2022-05-08,1651968000000,BTC,64.87,68.62,64.87,68.59
1173,2022-05-07,1651881600000,BTC,62.19,66.32,60.8,64.87
1174,2022-05-06,1651795200000,BTC,63.13,65.06,59.8,62.19
1175,2022-05-05,1651708800000,BTC,60.58,66.25,58.72,63.13
1176,2022-05-04,1651622400000,BTC,64.92,64.98,60.32,60.58
1177,2022-05-03,1651536000000,BTC,62.42,64.92,60.23,64.92
1178,2022-05-02,1651449600000,BTC,62.44,63.23,59.72,62.42
1179,2022-05-01,1651363200000,BTC,62.23,62.68,59.06,62.44
1180,2022-04-30,1651276800000,BTC,60.54,62.25,57.03,62.23
1181,2022-04-29,1651190400000,BTC,63.0,63.18,57.99,60.54
1182,2022-04-28,1651104000000,BTC,60.38,63.55,59.78,63.0
1183,2022-04-27,1651017600000,BTC,64.91,66.48,64.48,65.09
1184,2022-04-26,1650931200000,BTC,65.57,67.36,63.58,66.78
1185,2022-04-25,1650844800000,BTC,62.62,66.38,62.62,65.57
1186,2022-04-24,1650758400000,BTC,61.34,62.92,60.9,62.62
1187,2022-04-23,1650672000000,BTC,61.12,61.84,59.91,61.34
1188,2022-04-22,1650585600000,BTC,63.51,63.64,59.99,61.12
1189,2022-04-21,1650499200000,BTC,62.19,63.94,60.64,63.51
1190,2022-04-20,1650412800000,BTC,62.46,62.62,61.32,62.19
1191,2022-04-19,1650326400000,BTC,63.47,63.48,61.31,62.46
1192,2022-04-18,1650240000000,BTC,63.59,64.91,62.62,63.47
1193,2022-04-17,1650153600000,BTC,61.05,63.85,60.96,63.59
1194,2022-04-16,1650067200000,BTC,60.4,61.06,60.03,61.05
1195,2022-04-15,1649980800000,BTC,62.1,62.1,59.54,60.4
1196,2022-04-14,1649894400000,BTC,63.61,63.62,60.07,62.1
1197,2022-04-13,1649808000000,BTC,65.22,66.38,63.38,63.61
1198,2022-04-12,1649721600000,BTC,68.28,68.41,65.09,65.22
1199,2022-04-11,1649635200000,BTC,61.08,68.6,60.08,68.28
1200,2022-04-10,1649548800000,BTC,59.72,61.24,57.0,61.08
1201,2022-04-09,1649462400000,BTC,62.19,62.19,59.19,59.72
1202,2022-04-08,1649376000000,BTC,61.74,62.56,59.28,62.19
1203,2022-04-07,1649289600000,BTC,66.05,67.1,61.69,61.74
1204,2022-04-06,1649203200000,BTC,62.88,66.63,62.87,66.05
1205,2022-04-05,1649116800000,BTC,60.54,62.9,60.1,62.88
1206,2022-04-04,1649030400000,BTC,59.47,61.87,59.46,60.54
1207,2022-04-03,1648944000000,BTC,59.26,59.47,58.16,59.47
1208,2022-04-02,1648857600000,BTC,59.54,59.94,58.55,59.26
1209,2022-04-01,1648771200000,BTC,64.11,64.35,58.86,59.54
1210,2022-03-31,1648684800000,BTC,61.7,64.11,61.7,64.11
1211,2022-03-30,1648598400000,BTC,62.04,62.71,60.9,62.44
1212,2022-03-29,1648512000000,BTC,63.04,63.08,61.6,62.04
1213,2022-03-28,1648425600000,BTC,68.62,69.0,62.82,63.04
1214,2022-03-27,1648339200000,BTC,66.62,70.33,65.75,68.62
1215,2022-03-26,1648252800000,BTC,62.41,66.64,61.55,66.62
1216,2022-03-25,1648166400000,BTC,65.47,65.92,61.98,62.41
1217,2022-03-24,1648080000000,BTC,69.58,69.93,65.43,65.47
1218,2022-03-23,1647993600000,BTC,71.19,71.4,69.5,69.58
1219,2022-03-22,1647907200000,BTC,71.8,74.24,70.89,71.19
1220,2022-03-21,1647820800000,BTC,72.67,73.75,71.33,71.8
1221,2022-03-20,1647734400000,BTC,71.66,72.9,71.3,72.67
1222,2022-03-19,1647648000000,BTC,70.75,71.66,69.74,71.66
1223,2022-03-18,1647561600000,BTC,75.18,76.12,70.75,70.75
1224,2022-03-17,1647475200000,BTC,81.79,82.02,75.05,75.18
1225,2022-03-16,1647388800000,BTC,81.98,83.93,80.0,81.79
1226,2022-03-15,1647302400000,BTC,82.43,83.74,80.69,81.98
1227,2022-03-14,1647216000000,BTC,82.47,82.96,81.57,82.43
1228,2022-03-13,1647129600000,BTC,81.13,83.05,80.34,82.47
1229,2022-03-12,1647043200000,BTC,79.73,81.36,78.69,81.13
1230,2022-03-11,1646956800000,BTC,80.13,80.84,77.41,79.73
1231,2022-03-10,1646870400000,BTC,81.01,83.87,80.13,80.13
1232,2022-03-09,1646784000000,BTC,80.93,81.28,78.69,81.01
1233,2022-03-08,1646697600000,BTC,80.7,82.53,79.94,80.93
1234,2022-03-07,1646611200000,BTC,79.72,80.7,78.14,80.7
1235,2022-03-06,1646524800000,BTC,77.39,79.72,76.62,79.72
1236,2022-03-05,1646438400000,BTC,79.28,79.28,76.65,77.39
1237,2022-03-04,1646352000000,BTC,73.7,80.98,72.11,79.28
1238,2022-03-03,1646265600000,BTC,73.79,76.27,73.1,73.7
1239,2022-03-02,1646179200000,BTC,76.99,77.83,73.62,73.8
1240,2022-03-01,1646092800000,BTC,77.47,78.05,74.66,76.99
1241,2022-02-28,1646006400000,BTC,80.65,81.2,75.09,77.47
1242,2022-02-27,1645920000000,BTC,72.49,81.07,72.29,80.65
1243,2022-02-26,1645833600000,BTC,71.44,72.52,69.93,72.49
1244,2022-02-25,1645747200000,BTC,79.88,79.88,69.99,71.44
1245,2022-02-24,1645660800000,BTC,73.78,89.74,73.58,79.88
1246,2022-02-23,1645574400000,BTC,71.56,74.3,71.25,73.78
1247,2022-02-22,1645488000000,BTC,77.69,80.06,74.15,75.22
1248,2022-02-21,1645401600000,BTC,73.92,78.19,70.08,77.69
1249,2022-02-20,1645315200000,BTC,67.72,74.15,66.7,73.92
1250,2022-02-19,1645228800000,BTC,68.83,69.01,67.36,67.72
1251,2022-02-18,1645142400000,BTC,71.54,72.07,66.98,68.83
1252,2022-02-17,1645056000000,BTC,68.07,72.84,65.15,71.54
1253,2022-02-16,1644969600000,BTC,70.59,70.84,67.59,68.07
1254,2022-02-15,1644883200000,BTC,72.16,72.26,69.41,70.59
1255,2022-02-14,1644796800000,BTC,73.05,73.45,70.83,72.16
1256,2022-02-13,1644710400000,BTC,71.32,73.05,70.52,73.05
1257,2022-02-12,1644624000000,BTC,72.34,73.34,71.32,71.32
1258,2022-02-11,1644537600000,BTC,70.81,73.37,66.71,72.34
1259,2022-02-10,1644451200000,BTC,69.81,70.87,68.07,70.81
1260,2022-02-09,1644364800000,BTC,70.27,71.02,69.64,69.81
1261,2022-02-08,1644278400000,BTC,69.18,71.78,68.73,70.27
1262,2022-02-07,1644192000000,BTC,70.69,72.27,69.14,69.18
1263,2022-02-06,1644105600000,BTC,67.37,70.87,67.09,70.69
1264,2022-02-05,1644019200000,BTC,70.15,71.9,62.85,67.37
1265,2022-02-04,1643932800000,BTC,74.14,74.39,68.89,70.14
1266,2022-02-03,1643846400000,BTC,75.0,75.03,72.53,74.14
1267,2022-02-02,1643760000000,BTC,71.81,75.02,71.06,75.0
1268,2022-02-01,1643673600000,BTC,70.99,71.84,69.59,71.81
1269,2022-01-31,1643587200000,BTC,74.32,74.52,70.16,70.99
1270,2022-01-30,1643500800000,BTC,75.18,75.25,71.79,74.32
1271,2022-01-29,1643414400000,BTC,74.77,75.22,73.22,75.18
1272,2022-01-28,1643328000000,BTC,80.14,80.28,73.49,74.77
1273,2022-01-27,1643241600000,BTC,80.39,83.23,77.38,80.14
1274,2022-01-26,1643155200000,BTC,81.26,82.26,78.66,80.39
1275,2022-01-25,1643068800000,BTC,78.59,82.57,77.64,81.26
1276,2022-01-24,1642982400000,BTC,77.29,87.93,76.25,78.59
1277,2022-01-23,1642896000000,BTC,81.0,81.0,76.56,77.29
1278,2022-01-22,1642809600000,BTC,77.79,82.31,72.52,81.0
1279,2022-01-21,1642723200000,BTC,65.24,78.58,63.03,77.8
1280,2022-01-20,1642636800000,BTC,65.96,65.99,59.41,65.24
1281,2022-01-19,1642550400000,BTC,67.27,67.69,64.99,65.96
1282,2022-01-18,1642464000000,BTC,65.23,67.38,63.8,67.27
1283,2022-01-17,1642377600000,BTC,62.23,66.13,61.91,65.23
1284,2022-01-16,1642291200000,BTC,62.95,65.58,61.86,62.22
1285,2022-01-15,1642204800000,BTC,64.19,64.22,62.51,62.95
1286,2022-01-14,1642118400000,BTC,67.51,67.62,64.15,65.13
1287,2022-01-13,1642032000000,BTC,71.81,72.13,66.4,67.51
1288,2022-01-12,1641945600000,BTC,75.37,75.94,70.71,71.81
1289,2022-01-11,1641859200000,BTC,74.1,77.27,74.08,75.37
1290,2022-01-10,1641772800000,BTC,73.5,75.83,72.63,74.1
1291,2022-01-09,1641686400000,BTC,71.56,73.72,70.59,73.5
1292,2022-01-08,1641600000000,BTC,73.86,73.92,70.97,71.56
1293,2022-01-07,1641513600000,BTC,73.19,75.22,72.07,73.86
1294,2022-01-06,1641427200000,BTC,75.64,76.17,72.22,73.19
1295,2022-01-05,1641340800000,BTC,72.64,78.33,70.95,75.64
1296,2022-01-04,1641254400000,BTC,71.94,73.49,70.16,72.52
1297,2022-01-03,1641168000000,BTC,72.06,73.37,70.32,71.94
1298,2022-01-02,1641081600000,BTC,70.91,72.67,69.07,72.06
1299,2022-01-01,1640995200000,BTC,75.51,75.51,69.68,70.91
1300,2021-12-31,1640908800000,BTC,80.68,82.64,74.65,75.51
1301,2021-12-30,1640822400000,BTC,80.74,81.81,76.61,80.68
1302,2021-12-29,1640736000000,BTC,76.7,80.9,76.5,80.73
1303,2021-12-28,1640649600000,BTC,83.29,83.29,76.7,76.7
1304,2021-12-27,1640563200000,BTC,80.26,83.39,78.51,83.29
1305,2021-12-26,1640476800000,BTC,81.08,82.01,78.81,80.26
1306,2021-12-25,1640390400000,BTC,82.57,82.71,77.85,81.08
1307,2021-12-24,1640304000000,BTC,82.99,83.69,77.14,82.57
1308,2021-12-23,1640217600000,BTC,82.99,83.5,80.96,82.99
1309,2021-12-22,1640131200000,BTC,86.04,86.62,82.63,82.99
1310,2021-12-21,1640044800000,BTC,87.31,88.72,85.06,86.04
1311,2021-12-20,1639958400000,BTC,87.83,88.53,86.56,87.31
1312,2021-12-19,1639872000000,BTC,87.43,88.23,84.56,87.83
1313,2021-12-18,1639785600000,BTC,85.34,87.95,83.81,87.43
1314,2021-12-17,1639699200000,BTC,86.78,87.26,84.57,85.34
1315,2021-12-16,1639612800000,BTC,89.34,89.42,85.88,86.78
1316,2021-12-15,1639526400000,BTC,92.34,92.38,89.19,89.34
1317,2021-12-14,1639440000000,BTC,90.29,93.23,88.74,92.34
1318,2021-12-13,1639353600000,BTC,92.25,92.41,89.52,90.29
1319,2021-12-12,1639267200000,BTC,88.72,93.38,88.55,92.25
1320,2021-12-11,1639180800000,BTC,89.98,91.18,88.47,88.72
1321,2021-12-10,1639094400000,BTC,90.3,90.95,89.19,89.98
1322,2021-12-09,1639008000000,BTC,88.39,90.52,88.34,90.3
1323,2021-12-08,1638921600000,BTC,86.0,88.43,85.65,87.16
1324,2021-12-07,1638835200000,BTC,86.84,88.62,85.57,86.0
1325,2021-12-06,1638748800000,BTC,89.39,89.89,86.63,86.84
1326,2021-12-05,1638662400000,BTC,87.29,90.56,86.98,89.39
1327,2021-12-04,1638576000000,BTC,84.55,95.82,83.84,87.29
1328,2021-12-03,1638489600000,BTC,85.26,85.51,81.21,84.55
1329,2021-12-02,1638403200000,BTC,83.63,85.27,83.07,85.26
1330,2021-12-01,1638316800000,BTC,84.08,84.4,81.56,83.64
1331,2021-11-30,1638230400000,BTC,82.85,86.14,82.74,84.08
1332,2021-11-29,1638144000000,BTC,86.32,86.52,81.95,82.85
1333,2021-11-28,1638057600000,BTC,83.72,86.59,81.65,86.32
1334,2021-11-27,1637971200000,BTC,86.06,86.06,83.03,83.72
1335,2021-11-26,1637884800000,BTC,86.52,89.93,84.06,86.06
1336,2021-11-25,1637798400000,BTC,90.42,90.42,86.05,86.52
1337,2021-11-24,1637712000000,BTC,89.91,91.47,89.26,90.42
1338,2021-11-23,1637625600000,BTC,88.98,90.19,86.18,89.91
1339,2021-11-22,1637539200000,BTC,85.94,90.47,85.18,88.98
1340,2021-11-21,1637452800000,BTC,85.44,86.91,83.67,85.94
1341,2021-11-20,1637366400000,BTC,85.78,86.81,84.9,85.44
1342,2021-11-19,1637280000000,BTC,90.12,91.85,85.39,85.78
1343,2021-11-18,1637193600000,BTC,89.88,93.25,87.15,90.12
1344,2021-11-17,1637107200000,BTC,87.28,90.05,86.37,89.88
1345,2021-11-16,1637020800000,BTC,85.04,90.35,85.04,87.28
1346,2021-11-15,1636934400000,BTC,87.22,87.67,84.6,85.04
1347,2021-11-14,1636848000000,BTC,87.74,88.15,86.26,87.22
1348,2021-11-13,1636761600000,BTC,88.44,88.44,85.25,87.74
1349,2021-11-12,1636675200000,BTC,85.23,89.09,84.14,88.44
1350,2021-11-11,1636588800000,BTC,86.36,86.5,83.79,85.23
1351,2021-11-10,1636502400000,BTC,84.68,87.17,84.23,86.36
1352,2021-11-09,1636416000000,BTC,86.69,87.72,84.33,84.68
1353,2021-11-08,1636329600000,BTC,86.59,88.92,86.05,86.69
1354,2021-11-07,1636243200000,BTC,87.07,87.47,86.2,86.59
1355,2021-11-06,1636156800000,BTC,85.71,87.66,84.31,87.07
1356,2021-11-05,1636070400000,BTC,84.73,86.93,82.9,85.71
1357,2021-11-04,1635984000000,BTC,85.84,86.54,83.99,84.73
1358,2021-11-03,1635897600000,BTC,87.23,87.56,84.41,85.84
1359,2021-11-02,1635811200000,BTC,85.45,88.22,85.33,87.23
1360,2021-11-01,1635724800000,BTC,87.64,88.47,84.77,85.45
1361,2021-10-31,1635638400000,BTC,87.17,88.8,87.1,87.64
1362,2021-10-30,1635552000000,BTC,87.58,87.93,86.51,87.17
1363,2021-10-29,1635465600000,BTC,89.87,90.02,84.59,87.58
1364,2021-10-28,1635379200000,BTC,88.46,89.87,85.94,89.87
1365,2021-10-27,1635292800000,BTC,89.01,90.24,87.39,88.45
1366,2021-10-26,1635206400000,BTC,84.45,89.13,83.58,89.01
1367,2021-10-25,1635120000000,BTC,89.88,90.1,84.38,84.45
1368,2021-10-24,1635033600000,BTC,86.31,90.23,85.65,89.88
1369,2021-10-23,1634947200000,BTC,86.73,87.52,84.3,86.31
1370,2021-10-22,1634860800000,BTC,87.82,88.57,85.19,86.73
1371,2021-10-21,1634774400000,BTC,93.04,93.79,91.09,92.52
1372,2021-10-20,1634688000000,BTC,94.15,95.23,93.0,93.04
1373,2021-10-19,1634601600000,BTC,92.4,94.15,91.33,94.15
1374,2021-10-18,1634515200000,BTC,89.66,92.4,89.48,92.4
1375,2021-10-17,1634428800000,BTC,86.8,89.71,86.8,89.66
1376,2021-10-16,1634342400000,BTC,90.71,91.69,85.6,86.8
1377,2021-10-15,1634256000000,BTC,97.87,104.26,90.46,90.71
1378,2021-10-14,1634169600000,BTC,95.0,98.29,91.45,97.87
1379,2021-10-13,1634083200000,BTC,93.37,95.01,91.43,95.0
1380,2021-10-12,1633996800000,BTC,90.49,94.07,89.74,93.37
1381,2021-10-11,1633910400000,BTC,89.23,90.89,89.19,90.49
1382,2021-10-10,1633824000000,BTC,87.42,89.92,87.16,89.23
1383,2021-10-09,1633737600000,BTC,88.19,88.25,87.2,87.42
1384,2021-10-08,1633651200000,BTC,88.13,89.01,85.71,88.19
1385,2021-10-07,1633564800000,BTC,89.38,90.46,87.07,88.13
1386,2021-10-06,1633478400000,BTC,92.68,92.7,88.61,89.38
1387,2021-10-05,1633392000000,BTC,89.62,92.81,88.5,92.68
1388,2021-10-04,1633305600000,BTC,85.56,89.94,85.18,89.62
1389,2021-10-03,1633219200000,BTC,83.97,85.57,83.81,85.56
1390,2021-10-02,1633132800000,BTC,85.83,85.83,81.68,83.97
1391,2021-10-01,1633046400000,BTC,90.97,91.54,82.64,85.84
1392,2021-09-30,1632960000000,BTC,91.77,92.74,89.42,90.97
1393,2021-09-29,1632873600000,BTC,92.27,92.83,90.23,91.77
1394,2021-09-28,1632787200000,BTC,89.25,93.27,87.76,92.27
1395,2021-09-27,1632700800000,BTC,89.12,89.55,86.0,89.25
1396,2021-09-26,1632614400000,BTC,85.88,89.49,83.43,89.12
1397,2021-09-25,1632528000000,BTC,86.92,87.38,84.54,85.88
1398,2021-09-24,1632441600000,BTC,83.84,91.7,79.91,86.92
1399,2021-09-23,1632355200000,BTC,88.73,89.48,83.29,83.84
1400,2021-09-22,1632268800000,BTC,96.26,96.8,88.51,88.73
1401,2021-09-21,1632182400000,BTC,91.24,96.41,91.15,96.26
1402,2021-09-20,1632096000000,BTC,85.72,92.4,85.08,91.76
1403,2021-09-19,1632009600000,BTC,84.7,85.86,82.76,85.72
1404,2021-09-18,1631923200000,BTC,82.35,85.27,81.35,84.7
1405,2021-09-17,1631836800000,BTC,84.17,84.22,81.2,82.35
1406,2021-09-16,1631750400000,BTC,90.32,90.61,84.03,84.17
1407,2021-09-15,1631664000000,BTC,90.9,91.03,89.48,90.32
1408,2021-09-14,1631577600000,BTC,92.14,92.38,90.53,90.9
1409,2021-09-13,1631491200000,BTC,92.13,93.55,91.46,92.14
1410,2021-09-12,1631404800000,BTC,89.46,92.3,87.79,92.13
1411,2021-09-11,1631318400000,BTC,90.57,90.74,88.53,89.46
1412,2021-09-10,1631232000000,BTC,91.95,92.11,89.09,90.57
1413,2021-09-09,1631145600000,BTC,92.31,92.68,90.8,91.95
1414,2021-09-08,1631059200000,BTC,95.16,95.75,90.89,92.31
1415,2021-09-07,1630972800000,BTC,92.86,97.38,90.7,95.16
1416,2021-09-06,1630886400000,BTC,93.37,94.19,91.05,92.86
1417,2021-09-05,1630800000000,BTC,91.3,94.61,91.08,93.37
1418,2021-09-04,1630713600000,BTC,90.15,91.5,89.71,91.3
1419,2021-09-03,1630627200000,BTC,92.82,92.98,89.6,90.15
1420,2021-09-02,1630540800000,BTC,93.65,97.1,92.82,92.82
1421,2021-09-01,1630454400000,BTC,91.08,94.08,90.96,93.65
1422,2021-08-31,1630368000000,BTC,92.08,92.36,90.89,91.08
1423,2021-08-30,1630281600000,BTC,90.6,92.09,89.26,92.08
1424,2021-08-29,1630195200000,BTC,90.11,92.06,89.51,90.6
1425,2021-08-28,1630108800000,BTC,90.92,90.96,88.87,90.11
1426,2021-08-27,1630022400000,BTC,93.87,94.35,87.96,90.92
1427,2021-08-26,1629936000000,BTC,93.62,94.46,88.82,93.87
1428,2021-08-25,1629849600000,BTC,92.85,93.78,90.22,93.62
1429,2021-08-24,1629763200000,BTC,93.64,93.72,90.98,92.85
1430,2021-08-23,1629676800000,BTC,94.83,95.28,92.94,93.64
1431,2021-08-22,1629590400000,BTC,92.71,94.83,90.85,94.83
1432,2021-08-21,1629504000000,BTC,93.06,94.06,92.36,92.71
1433,2021-08-20,1629417600000,BTC,94.5,95.39,91.5,93.06
1434,2021-08-19,1629331200000,BTC,95.81,96.27,93.15,94.5
1435,2021-08-18,1629244800000,BTC,96.67,97.81,94.16,95.81
1436,2021-08-17,1629158400000,BTC,98.3,98.54,95.22,96.68
1437,2021-08-16,1629072000000,BTC,98.69,99.38,97.61,98.3
1438,2021-08-15,1628985600000,BTC,97.48,98.69,96.68,98.69
1439,2021-08-14,1628899200000,BTC,100.3,100.32,97.25,97.48
1440,2021-08-13,1628812800000,BTC,98.06,100.95,93.79,100.3
1441,2021-08-12,1628726400000,BTC,100.52,101.79,97.55,98.06
1442,2021-08-11,1628640000000,BTC,103.35,103.64,100.33,100.53
1443,2021-08-10,1628553600000,BTC,106.97,108.01,103.35,103.35
1444,2021-08-09,1628467200000,BTC,95.99,107.37,95.78,106.97
1445,2021-08-08,1628380800000,BTC,97.27,97.84,95.48,95.99
1446,2021-08-07,1628294400000,BTC,93.62,97.27,92.3,97.27
1447,2021-08-06,1628208000000,BTC,96.09,96.09,90.97,93.62
1448,2021-08-05,1628121600000,BTC,91.94,96.61,91.45,96.09
1449,2021-08-04,1628035200000,BTC,89.04,92.15,88.9,91.94
1450,2021-08-03,1627948800000,BTC,88.52,91.4,88.35,89.04
1451,2021-08-02,1627862400000,BTC,89.3,91.09,88.07,88.52
1452,2021-08-01,1627776000000,BTC,89.55,90.51,87.33,89.3
1453,2021-07-31,1627689600000,BTC,93.48,94.59,87.23,89.55
1454,2021-07-30,1627603200000,BTC,93.24,94.19,86.32,93.49
1455,2021-07-29,1627516800000,BTC,95.68,95.76,91.62,93.24
1456,2021-07-28,1627430400000,BTC,91.84,96.55,91.84,95.68
1457,2021-07-27,1627344000000,BTC,87.68,91.84,84.94,91.84
1458,2021-07-26,1627257600000,BTC,83.9,91.63,83.9,87.68
1459,2021-07-25,1627171200000,BTC,81.31,84.14,81.0,83.9
1460,2021-07-24,1627084800000,BTC,81.75,82.48,79.57,81.31
1461,2021-07-23,1626998400000,BTC,84.64,84.74,79.9,81.75
1462,2021-07-22,1626912000000,BTC,87.86,87.86,84.31,84.64
1463,2021-07-21,1626825600000,BTC,91.49,91.49,86.96,87.86
1464,2021-07-20,1626739200000,BTC,88.46,92.68,88.1,91.49
1465,2021-07-19,1626652800000,BTC,83.52,88.52,83.3,88.46
1466,2021-07-18,1626566400000,BTC,82.78,83.58,81.64,83.52
1467,2021-07-17,1626480000000,BTC,82.59,84.16,81.66,82.78
1468,2021-07-16,1626393600000,BTC,85.55,86.32,82.37,82.59
1469,2021-07-15,1626307200000,BTC,86.97,87.05,84.27,85.55
1470,2021-07-14,1626220800000,BTC,90.81,91.28,86.64,86.97
1471,2021-07-13,1626134400000,BTC,90.51,91.37,89.34,90.81
1472,2021-07-12,1626048000000,BTC,88.71,91.18,88.19,90.51
1473,2021-07-11,1625961600000,BTC,90.57,90.75,88.42,88.71
1474,2021-07-10,1625875200000,BTC,90.89,91.62,89.23,90.57
1475,2021-07-09,1625788800000,BTC,94.43,95.11,90.64,90.89
1476,2021-07-08,1625702400000,BTC,95.19,95.84,93.22,94.43
1477,2021-07-07,1625616000000,BTC,95.74,95.82,93.77,94.93
1478,2021-07-06,1625529600000,BTC,96.39,96.57,94.45,95.74
1479,2021-07-05,1625443200000,BTC,95.89,99.59,94.84,96.39
1480,2021-07-04,1625356800000,BTC,98.02,98.12,95.77,95.89
1481,2021-07-03,1625270400000,BTC,99.23,101.39,96.5,98.02
1482,2021-07-02,1625184000000,BTC,102.38,103.34,98.72,99.23
1483,2021-07-01,1625097600000,BTC,103.8,105.94,101.96,102.38
1484,2021-06-30,1625011200000,BTC,98.86,106.36,98.79,104.51
1485,2021-06-29,1624924800000,BTC,104.3,105.03,98.06,98.86
1486,2021-06-28,1624838400000,BTC,106.41,107.23,103.85,104.3
1487,2021-06-27,1624752000000,BTC,106.7,106.87,103.38,106.41
1488,2021-06-26,1624665600000,BTC,105.3,110.25,104.15,106.7
1489,2021-06-25,1624579200000,BTC,97.58,105.37,97.11,105.3
1490,2021-06-24,1624492800000,BTC,102.21,103.01,99.21,100.99
1491,2021-06-23,1624406400000,BTC,107.01,107.59,99.01,102.21
1492,2021-06-22,1624320000000,BTC,106.23,117.76,105.11,107.01
1493,2021-06-21,1624233600000,BTC,95.63,106.3,94.1,106.23
1494,2021-06-20,1624147200000,BTC,91.89,100.71,90.35,95.63
1495,2021-06-19,1624060800000,BTC,94.72,94.72,89.88,91.89
1496,2021-06-18,1623974400000,BTC,95.28,99.86,94.1,94.73
1497,2021-06-17,1623888000000,BTC,95.25,95.66,92.08,95.28
1498,2021-06-16,1623801600000,BTC,96.77,97.16,92.97,95.25
1499,2021-06-15,1623715200000,BTC,98.88,99.31,95.83,96.77
1500,2021-06-14,1623628800000,BTC,102.86,103.04,96.73,98.88
1501,2021-06-13,1623542400000,BTC,99.39,103.97,97.25,102.86
1502,2021-06-12,1623456000000,BTC,97.22,99.49,97.19,99.39
1503,2021-06-11,1623369600000,BTC,99.46,99.72,95.96,97.22
1504,2021-06-10,1623283200000,BTC,105.82,105.9,98.95,99.46
1505,2021-06-09,1623196800000,BTC,111.04,111.9,105.08,105.82
1506,2021-06-08,1623110400000,BTC,108.32,117.07,107.37,111.04
1507,2021-06-07,1623024000000,BTC,105.93,108.4,99.89,108.32
1508,2021-06-06,1622937600000,BTC,108.52,108.96,104.86,105.93
1509,2021-06-05,1622851200000,BTC,102.91,108.73,102.67,108.52
1510,2021-06-04,1622764800000,BTC,99.19,107.61,99.07,102.91
1511,2021-06-03,1622678400000,BTC,103.17,103.19,97.28,99.19
1512,2021-06-02,1622592000000,BTC,108.23,108.63,101.89,103.17
1513,2021-06-01,1622505600000,BTC,106.47,108.65,105.36,108.23
1514,2021-05-31,1622419200000,BTC,123.61,124.19,106.4,106.47
1515,2021-05-30,1622332800000,BTC,125.53,130.81,123.07,123.61
1516,2021-05-29,1622246400000,BTC,122.55,129.82,119.43,129.3
1517,2021-05-28,1622160000000,BTC,107.26,123.33,107.25,122.55
1518,2021-05-27,1622073600000,BTC,117.02,119.91,106.59,107.26
1519,2021-05-26,1621987200000,BTC,122.03,124.4,116.69,117.02
1520,2021-05-25,1621900800000,BTC,125.12,131.69,124.43,129.11
1521,2021-05-24,1621814400000,BTC,156.2,156.2,121.77,125.12
1522,2021-05-23,1621728000000,BTC,140.05,167.83,138.11,156.2
1523,2021-05-22,1621641600000,BTC,139.98,144.79,135.44,140.05
1524,2021-05-21,1621555200000,BTC,119.77,145.01,112.2,139.98
1525,2021-05-20,1621468800000,BTC,124.84,132.06,112.56,119.77
1526,2021-05-19,1621382400000,BTC,117.01,144.63,115.28,124.83
1527,2021-05-18,1621296000000,BTC,123.01,123.01,112.83,117.01
1528,2021-05-17,1621209600000,BTC,105.28,158.72,104.94,123.02
1529,2021-05-16,1621123200000,BTC,102.85,112.08,97.97,105.28
1530,2021-05-15,1621036800000,BTC,98.46,103.82,97.57,102.85
1531,2021-05-14,1620950400000,BTC,90.72,101.15,90.37,98.46
1532,2021-05-13,1620864000000,BTC,93.87,103.81,89.19,92.9
1533,2021-05-12,1620777600000,BTC,86.27,94.13,82.91,93.86
1534,2021-05-11,1620691200000,BTC,90.26,90.54,84.91,86.27
1535,2021-05-10,1620604800000,BTC,86.05,91.57,85.67,90.26
1536,2021-05-09,1620518400000,BTC,83.57,86.08,83.57,86.05
1537,2021-05-08,1620432000000,BTC,80.56,86.04,79.23,83.57
1538,2021-05-07,1620345600000,BTC,82.14,83.05,78.3,80.56
1539,2021-05-06,1620259200000,BTC,84.39,85.36,80.31,82.14
1540,2021-05-05,1620172800000,BTC,87.96,88.2,83.51,84.39
1541,2021-05-04,1620086400000,BTC,81.79,88.18,81.79,87.96
1542,2021-05-03,1620000000000,BTC,79.09,82.3,75.18,81.79
1543,2021-05-02,1619913600000,BTC,76.15,80.63,74.93,79.09
1544,2021-05-01,1619827200000,BTC,75.09,76.32,73.64,76.15
1545,2021-04-30,1619740800000,BTC,80.2,80.65,73.95,75.09
1546,2021-04-29,1619654400000,BTC,76.96,80.62,75.8,80.2
1547,2021-04-28,1619568000000,BTC,77.53,79.2,75.52,76.96
1548,2021-04-27,1619481600000,BTC,82.66,82.66,74.21,77.53
1549,2021-04-26,1619395200000,BTC,93.46,93.57,80.3,82.66
1550,2021-04-25,1619308800000,BTC,94.08,95.78,91.15,93.46
1551,2021-04-24,1619222400000,BTC,89.31,94.28,85.95,94.08
1552,2021-04-23,1619136000000,BTC,87.39,96.28,87.39,89.31
1553,2021-04-22,1619049600000,BTC,83.0,95.93,76.69,87.39
1554,2021-04-21,1618963200000,BTC,82.96,83.55,80.11,83.0
1555,2021-04-20,1618876800000,BTC,83.2,84.97,80.79,82.96
1556,2021-04-19,1618790400000,BTC,88.4,89.25,82.29,83.2
1557,2021-04-18,1618704000000,BTC,74.43,92.45,74.27,88.4
1558,2021-04-17,1618617600000,BTC,77.67,77.67,72.89,74.43
1559,2021-04-16,1618531200000,BTC,77.08,79.26,74.98,77.67
1560,2021-04-15,1618444800000,BTC,83.85,84.25,76.12,77.08
1561,2021-04-14,1618358400000,BTC,88.64,88.67,83.41,83.85
1562,2021-04-13,1618272000000,BTC,84.5,89.14,84.46,88.64
1563,2021-04-12,1618185600000,BTC,82.61,84.81,78.98,84.5
1564,2021-04-11,1618099200000,BTC,81.54,83.08,79.38,82.61
1565,2021-04-10,1618012800000,BTC,77.07,83.3,76.93,81.54
1566,2021-04-09,1617926400000,BTC,74.32,77.54,72.19,77.07
1567,2021-04-08,1617840000000,BTC,78.78,79.0,72.79,74.31
1568,2021-04-07,1617753600000,BTC,81.01,81.14,78.36,78.78
1569,2021-04-06,1617667200000,BTC,80.22,81.3,79.67,81.01
1570,2021-04-05,1617580800000,BTC,82.42,82.6,78.73,80.22
1571,2021-04-04,1617494400000,BTC,81.28,82.42,79.7,82.42
1572,2021-04-03,1617408000000,BTC,81.28,82.23,80.55,81.29
1573,2021-04-02,1617321600000,BTC,82.38,83.77,78.59,81.28
1574,2021-04-01,1617235200000,BTC,86.45,86.63,81.2,82.38
1575,2021-03-31,1617148800000,BTC,85.08,86.82,83.74,86.45
1576,2021-03-30,1617062400000,BTC,83.71,86.36,82.0,85.08
1577,2021-03-29,1616976000000,BTC,79.07,83.74,78.88,83.71
1578,2021-03-28,1616889600000,BTC,79.69,81.28,78.2,79.07
1579,2021-03-27,1616803200000,BTC,84.52,84.6,77.81,79.69
1580,2021-03-26,1616716800000,BTC,89.74,89.74,80.22,84.52
1581,2021-03-25,1616630400000,BTC,95.03,97.43,87.25,89.74
1582,2021-03-24,1616544000000,BTC,84.8,95.94,80.52,95.04
