date,mvrv
2022-06-08,1.2945
2022-06-09,1.2892
2022-06-10,1.2478
2022-06-11,1.2186
2022-06-12,1.1544
2022-06-13,0.9707
2022-06-14,0.9669
2022-06-15,0.9909
2022-06-16,0.8972
2022-06-17,0.9064
2022-06-18,0.846
2022-06-19,0.9119
2022-06-20,0.9163
2022-06-21,0.9231
2022-06-22,0.8939
2022-06-23,0.943
2022-06-24,0.9528
2022-06-25,0.9601
2022-06-26,0.9424
2022-06-27,0.9291
2022-06-28,0.9082
2022-06-29,0.9012
2022-06-30,0.871
2022-07-01,0.8727
2022-07-02,0.8683
2022-07-03,0.8708
2022-07-04,0.9138
2022-07-05,0.9127
2022-07-06,0.931
2022-07-07,0.9804
2022-07-08,0.9882
2022-07-09,0.9794
2022-07-10,0.9455
2022-07-11,0.9093
2022-07-12,0.8814
2022-07-13,0.9187
2022-07-14,0.9377
2022-07-15,0.954
2022-07-16,0.9707
2022-07-17,0.954
2022-07-18,1.0215
2022-07-19,1.0713
2022-07-20,1.0669
2022-07-21,1.0629
2022-07-22,1.0445
2022-07-23,1.035
2022-07-24,1.043
2022-07-25,0.9916
2022-07-26,0.9773
2022-07-27,1.0559
2022-07-28,1.0987
2022-07-29,1.1039
2022-07-30,1.0889
2022-07-31,1.0769
2022-08-01,1.0759
2022-08-02,1.0625
2022-08-03,1.0526
2022-08-04,1.0449
2022-08-05,1.0735
2022-08-06,1.0619
2022-08-07,1.0691
2022-08-08,1.099
2022-08-09,1.0718
2022-08-10,1.1051
2022-08-11,1.1058
2022-08-12,1.1269
2022-08-13,1.1283
2022-08-14,1.1232
2022-08-15,1.1129
2022-08-16,1.103
2022-08-17,1.0792
2022-08-18,1.0741
2022-08-19,0.9686
2022-08-20,0.9799
2022-08-21,0.9988
2022-08-22,0.9877
2022-08-23,0.9987
2022-08-24,0.994
2022-08-25,1.0018
2022-08-26,0.9403
2022-08-27,0.9313
2022-08-28,0.9142
2022-08-29,0.9419
2022-08-30,0.9223
2022-08-31,0.932
2022-09-01,0.9362
2022-09-02,0.9295
2022-09-03,0.923
2022-09-04,0.9302
2022-09-05,0.9229
2022-09-06,0.8798
2022-09-07,0.901
2022-09-08,0.9027
2022-09-09,0.9976
2022-09-10,1.014
2022-09-11,1.0151
2022-09-12,1.0445
2022-09-13,0.9448
2022-09-14,0.9496
2022-09-15,0.9251
2022-09-16,0.9275
2022-09-17,0.9454
2022-09-18,0.9131
2022-09-19,0.9199
2022-09-20,0.8883
2022-09-21,0.8717
2022-09-22,0.9146
2022-09-23,0.9107
2022-09-24,0.8919
2022-09-25,0.8859
2022-09-26,0.9053
2022-09-27,0.9015
2022-09-28,0.9185
2022-09-29,0.9231
2022-09-30,0.919
2022-10-01,0.9134
2022-10-02,0.8995
2022-10-03,0.9289
2022-10-04,0.9624
2022-10-05,0.9539
2022-10-06,0.9445
2022-10-07,0.9253
2022-10-08,0.92
2022-10-09,0.9207
2022-10-10,0.9081
2022-10-11,0.903
2022-10-12,0.9088
2022-10-13,0.92
2022-10-14,0.9103
2022-10-15,0.9053
2022-10-16,0.9145
2022-10-17,0.9294
2022-10-18,0.9186
2022-10-19,0.9092
2022-10-20,0.9048
2022-10-21,0.9117
2022-10-22,0.9134
2022-10-23,0.9305
2022-10-24,0.9201
2022-10-25,0.9556
2022-10-26,0.9887
2022-10-27,0.9643
2022-10-28,0.9798
2022-10-29,0.9893
2022-10-30,0.9806
2022-10-31,0.9749
2022-11-01,0.9748
2022-11-02,0.9592
2022-11-03,0.9617
2022-11-04,1.006
2022-11-05,1.012
2022-11-06,0.9962
2022-11-07,0.9806
2022-11-08,0.8846
2022-11-09,0.7559
2022-11-10,0.8424
2022-11-11,0.8137
2022-11-12,0.8088
2022-11-13,0.7876
2022-11-14,0.8039
2022-11-15,0.8163
2022-11-16,0.8086
2022-11-17,0.8128
2022-11-18,0.8209
2022-11-19,0.8231
2022-11-20,0.8015
2022-11-21,0.7798
2022-11-22,0.8004
2022-11-23,0.8198
2022-11-24,0.8207
2022-11-25,0.8182
2022-11-26,0.815
2022-11-27,0.8146
2022-11-28,0.8046
2022-11-29,0.8164
2022-11-30,0.8532
2022-12-01,0.8429
2022-12-02,0.8491
2022-12-03,0.8406
2022-12-04,0.8521
2022-12-05,0.8466
2022-12-06,0.8528
2022-12-07,0.842
2022-12-08,0.8615
2022-12-09,0.8575
2022-12-10,0.8569
2022-12-11,0.8557
2022-12-12,0.8609
2022-12-13,0.8902
2022-12-14,0.8925
2022-12-15,0.8695
2022-12-16,0.833
2022-12-17,0.8417
2022-12-18,0.842
2022-12-19,0.8249
2022-12-20,0.8491
2022-12-21,0.8447
2022-12-22,0.8459
2022-12-23,0.8447
2022-12-24,0.8478
2022-12-25,0.8476
2022-12-26,0.8505
2022-12-27,0.8417
2022-12-28,0.8347
2022-12-29,0.8397
2022-12-30,0.8382
2022-12-31,0.8365
2023-01-01,0.8408
2023-01-02,0.845
2023-01-03,0.8445
2023-01-04,0.854
2023-01-05,0.8531
2023-01-06,0.8601
2023-01-07,0.8596
2023-01-08,0.8656
2023-01-09,0.872
2023-01-10,0.8849
2023-01-11,0.9055
2023-01-12,0.9578
2023-01-13,1.0078
2023-01-14,1.0651
2023-01-15,1.0582
2023-01-16,1.0732
2023-01-17,1.0725
2023-01-18,1.049
2023-01-19,1.0676
2023-01-20,1.1473
2023-01-21,1.1542
2023-01-22,1.1494
2023-01-23,1.16
2023-01-24,1.1437
2023-01-25,1.1683
2023-01-26,1.164
2023-01-27,1.1678
2023-01-28,1.1645
2023-01-29,1.2029
2023-01-30,1.1533
2023-01-31,1.1697
2023-02-01,1.1986
2023-02-02,1.1871
2023-02-03,1.1837
2023-02-04,1.1787
2023-02-05,1.1587
2023-02-06,1.1479
2023-02-07,1.174
2023-02-08,1.1571
2023-02-09,1.1009
2023-02-10,1.0913
2023-02-11,1.1036
2023-02-12,1.099
2023-02-13,1.1005
2023-02-14,1.1218
2023-02-15,1.2259
2023-02-16,1.1971
2023-02-17,1.2402
2023-02-18,1.2414
2023-02-19,1.2277
2023-02-20,1.2491
2023-02-21,1.2289
2023-02-22,1.2172
2023-02-23,1.2043
2023-02-24,1.1678
2023-02-25,1.167
2023-02-26,1.1861
2023-02-27,1.1839
2023-02-28,1.167
2023-03-01,1.1911
2023-03-02,1.1841
2023-03-03,1.128
2023-03-04,1.1272
2023-03-05,1.1322
2023-03-06,1.1322
2023-03-07,1.124
2023-03-08,1.1003
2023-03-09,1.0327
2023-03-10,1.0277
2023-03-11,1.0456
2023-03-12,1.1206
2023-03-13,1.2249
2023-03-14,1.2546
2023-03-15,1.2359
2023-03-16,1.2673
2023-03-17,1.3854
2023-03-18,1.3615
2023-03-19,1.421
2023-03-20,1.4021
2023-03-21,1.4179
2023-03-22,1.3756
2023-03-23,1.4262
2023-03-24,1.3794
2023-03-25,1.3805
2023-03-26,1.4081
2023-03-27,1.3619
2023-03-28,1.3679
2023-03-29,1.4222
2023-03-30,1.4255
2023-03-31,1.4492
2023-04-01,1.4475
2023-04-02,1.4305
2023-04-03,1.4143
2023-04-04,1.427
2023-04-05,1.4296
2023-04-06,1.4221
2023-04-07,1.4167
2023-04-08,1.418
2023-04-09,1.4377
2023-04-10,1.5036
2023-04-11,1.5294
2023-04-12,1.5128
2023-04-13,1.5346
2023-04-14,1.5374
2023-04-15,1.5313
2023-04-16,1.5295
2023-04-17,1.487
2023-04-18,1.5309
2023-04-19,1.4517
2023-04-20,1.4243
2023-04-21,1.376
2023-04-22,1.4028
2023-04-23,1.3914
2023-04-24,1.3871
2023-04-25,1.4262
2023-04-26,1.43
2023-04-27,1.4837
2023-04-28,1.477
2023-04-29,1.4699
2023-04-30,1.4768
2023-05-01,1.4144
2023-05-02,1.443
2023-05-03,1.4583
2023-05-04,1.4487
2023-05-05,1.4831
2023-05-06,1.4503
2023-05-07,1.4363
2023-05-08,1.3847
2023-05-09,1.3803
2023-05-10,1.3806
2023-05-11,1.348
2023-05-12,1.3372
2023-05-13,1.3406
2023-05-14,1.3442
2023-05-15,1.3584
2023-05-16,1.3477
2023-05-17,1.3661
2023-05-18,1.3384
2023-05-19,1.3409
2023-05-20,1.3513
2023-05-21,1.3352
2023-05-22,1.3391
2023-05-23,1.3569
2023-05-24,1.3131
2023-05-25,1.3186
2023-05-26,1.3301
2023-05-27,1.3368
2023-05-28,1.3981
2023-05-29,1.3812
2023-05-30,1.3782
2023-05-31,1.3534
2023-06-01,1.3339
2023-06-02,1.3549
2023-06-03,1.3461
2023-06-04,1.35
2023-06-05,1.2827
2023-06-06,1.3528
2023-06-07,1.3095
2023-06-08,1.3185
2023-06-09,1.3159
2023-06-10,1.2861
2023-06-11,1.2883
2023-06-12,1.2884
2023-06-13,1.287
2023-06-14,1.2484
2023-06-15,1.2714
2023-06-16,1.3095
2023-06-17,1.3186
2023-06-18,1.3102
2023-06-19,1.3319
2023-06-20,1.4074
2023-06-21,1.4946
2023-06-22,1.4864
2023-06-23,1.5188
2023-06-24,1.5137
2023-06-25,1.5091
2023-06-26,1.4977
2023-06-27,1.517
2023-06-28,1.4877
2023-06-29,1.5054
2023-06-30,1.5056
2023-07-01,1.5083
2023-07-02,1.5085
2023-07-03,1.5343
2023-07-04,1.5174
2023-07-05,1.5022
2023-07-06,1.4785
2023-07-07,1.4954
2023-07-08,1.4919
2023-07-09,1.4867
2023-07-10,1.4976
2023-07-11,1.5077
2023-07-12,1.496
2023-07-13,1.547
2023-07-14,1.4917
2023-07-15,1.4906
2023-07-16,1.4884
2023-07-17,1.4836
2023-07-18,1.4678
2023-07-19,1.4712
2023-07-20,1.4656
2023-07-21,1.4715
2023-07-22,1.4618
2023-07-23,1.4783
2023-07-24,1.4348
2023-07-25,1.437
2023-07-26,1.4438
2023-07-27,1.4373
2023-07-28,1.4479
2023-07-29,1.45
2023-07-30,1.4451
2023-07-31,1.4432
2023-08-01,1.4568
2023-08-02,1.4398
2023-08-03,1.4421
2023-08-04,1.4353
2023-08-05,1.4351
2023-08-06,1.4347
2023-08-07,1.4404
2023-08-08,1.4706
2023-08-09,1.4605
2023-08-10,1.4529
2023-08-11,1.4512
2023-08-12,1.4517
2023-08-13,1.4451
2023-08-14,1.4511
2023-08-15,1.4392
2023-08-16,1.4189
2023-08-17,1.3166
2023-08-18,1.2868
2023-08-19,1.2897
2023-08-20,1.2938
2023-08-21,1.2915
2023-08-22,1.2844
2023-08-23,1.3079
2023-08-24,1.2922
2023-08-25,1.2883
2023-08-26,1.2867
2023-08-27,1.2906
2023-08-28,1.2916
2023-08-29,1.3695
2023-08-30,1.3511
2023-08-31,1.2851
2023-09-01,1.2781
2023-09-02,1.2814
2023-09-03,1.2861
2023-09-04,1.2782
2023-09-05,1.2777
2023-09-06,1.2766
2023-09-07,1.2992
2023-09-08,1.2842
2023-09-09,1.2838
2023-09-10,1.2807
2023-09-11,1.2466
2023-09-12,1.2825
2023-09-13,1.3007
2023-09-14,1.3165
2023-09-15,1.3221
2023-09-16,1.3162
2023-09-17,1.3136
2023-09-18,1.3262
2023-09-19,1.3475
2023-09-20,1.3434
2023-09-21,1.3157
2023-09-22,1.3162
2023-09-23,1.3159
2023-09-24,1.3016
2023-09-25,1.3018
2023-09-26,1.2972
2023-09-27,1.3042
2023-09-28,1.3384
2023-09-29,1.3322
2023-09-30,1.3353
2023-10-01,1.3584
2023-10-02,1.352
2023-10-03,1.369
2023-10-04,1.351
2023-10-05,1.3758
2023-10-06,1.3769
2023-10-07,1.375
2023-10-08,1.3576
2023-10-09,1.3492
2023-10-10,1.3203
2023-10-11,1.3162
2023-10-12,1.3212
2023-10-13,1.3216
2023-10-14,1.3347
2023-10-15,1.4015
2023-10-16,1.3976
2023-10-17,1.3922
2023-10-18,1.4102
2023-10-19,1.4589
2023-10-20,1.4692
2023-10-21,1.4719
2023-10-22,1.6135
2023-10-23,1.6544
2023-10-24,1.6816
2023-10-25,1.6637
2023-10-26,1.6488
2023-10-27,1.6574
2023-10-28,1.68
2023-10-29,1.6747
2023-10-30,1.68
2023-10-31,1.7153
2023-11-01,1.6874
2023-11-02,1.6775
2023-11-03,1.6952
2023-11-04,1.6953
2023-11-05,1.6901
2023-11-06,1.7077
2023-11-07,1.7245
2023-11-08,1.7622
2023-11-09,1.7929
2023-11-10,1.7736
2023-11-11,1.7765
2023-11-12,1.7512
2023-11-13,1.7054
2023-11-14,1.8102
2023-11-15,1.7292
2023-11-16,1.7478
2023-11-17,1.7477
2023-11-18,1.7882
2023-11-19,1.7897
2023-11-20,1.7177
2023-11-21,1.7807
2023-11-22,1.7756
2023-11-23,1.7937
2023-11-24,1.7969
2023-11-25,1.7813
2023-11-26,1.7687
2023-11-27,1.7957
2023-11-28,1.7944
2023-11-29,1.7878
2023-11-30,1.832
2023-12-01,1.8666
2023-12-02,1.8896
2023-12-03,1.9742
2023-12-04,2.0702
2023-12-05,2.049
2023-12-06,2.0242
2023-12-07,2.0636
2023-12-08,2.0406
2023-12-09,2.0391
2023-12-10,1.9204
2023-12-11,1.9284
2023-12-12,1.9945
2023-12-13,1.9971
2023-12-14,1.9456
2023-12-15,1.9546
2023-12-16,1.9184
2023-12-17,1.971
2023-12-18,1.9523
2023-12-19,2.0104
2023-12-20,2.0206
2023-12-21,2.0244
2023-12-22,2.0121
2023-12-23,1.979
2023-12-24,2.0022
2023-12-25,1.9477
2023-12-26,1.9845
2023-12-27,1.9482
2023-12-28,1.9153
2023-12-29,1.9235
2023-12-30,1.9232
2023-12-31,2.005
2024-01-01,2.0418
2024-01-02,1.9416
2024-01-03,1.9913
2024-01-04,1.9838
2024-01-05,1.9726
2024-01-06,1.9686
2024-01-07,2.1052
2024-01-08,2.0611
2024-01-09,2.0904
2024-01-10,2.0676
2024-01-11,1.9102
2024-01-12,1.911
2024-01-13,1.8681
2024-01-14,1.8958
2024-01-15,1.9151
2024-01-16,1.8929
2024-01-17,1.8264
2024-01-18,1.8403
2024-01-19,1.8428
2024-01-20,1.8368
2024-01-21,1.7507
2024-01-22,1.7569
2024-01-23,1.7694
2024-01-24,1.7599
2024-01-25,1.8437
2024-01-26,1.8545
2024-01-27,1.8478
2024-01-28,1.9003
2024-01-29,1.8845
2024-01-30,1.8658
2024-01-31,1.8837
2024-02-01,1.8885
2024-02-02,1.8807
2024-02-03,1.8624
2024-02-04,1.8633
2024-02-05,1.8818
2024-02-06,1.9299
2024-02-07,1.9742
2024-02-08,2.0509
2024-02-09,2.0757
2024-02-10,2.0917
2024-02-11,2.1635
2024-02-12,2.1446
2024-02-13,2.2275
2024-02-14,2.2277
2024-02-15,2.2334
2024-02-16,2.2111
2024-02-17,2.2292
2024-02-18,2.2077
2024-02-19,2.2264
2024-02-20,2.1992
2024-02-21,2.1763
2024-02-22,2.151
2024-02-23,2.1829
2024-02-24,2.1887
2024-02-25,2.3004
2024-02-26,2.393
2024-02-27,2.5788
2024-02-28,2.5236
2024-02-29,2.5522
2024-03-01,2.5305
2024-03-02,2.5649
2024-03-03,2.7512
2024-03-04,2.5658
2024-03-05,2.6122
2024-03-06,2.6307
2024-03-07,2.6638
2024-03-08,2.6645
2024-03-09,2.6733
2024-03-10,2.776
2024-03-11,2.7328
2024-03-12,2.7468
2024-03-13,2.6766
2024-03-14,2.5932
2024-03-15,2.4434
2024-03-16,2.542
2024-03-17,2.5188
2024-03-18,2.3065
2024-03-19,2.5174
2024-03-20,2.4251
2024-03-21,2.3472
2024-03-22,2.3551
2024-03-23,2.4591
2024-03-24,2.532
2024-03-25,2.5299
2024-03-26,2.4973
2024-03-27,2.5423
2024-03-28,2.5068
2024-03-29,2.496
2024-03-30,2.5495
2024-03-31,2.4839
2024-04-01,2.3258
2024-04-02,2.3436
2024-04-03,2.4223
2024-04-04,2.4018
2024-04-05,2.4423
2024-04-06,2.4498
2024-04-07,2.5259
2024-04-08,2.4312
2024-04-09,2.4809
2024-04-10,2.4599
2024-04-11,2.3557
2024-04-12,2.2667
2024-04-13,2.3038
2024-04-14,2.2247
2024-04-15,2.2356
2024-04-16,2.1501
2024-04-17,2.2237
2024-04-18,2.2295
2024-04-19,2.2689
2024-04-20,2.2702
2024-04-21,2.3364
2024-04-22,2.3154
2024-04-23,2.2292
2024-04-24,2.2394
2024-04-25,2.2134
2024-04-26,2.2003
2024-04-27,2.1827
2024-04-28,2.2131
2024-04-29,2.0995
2024-04-30,2.0152
2024-05-01,2.0509
2024-05-02,2.1807
2024-05-03,2.2107
2024-05-04,2.2167
2024-05-05,2.1862
2024-05-06,2.1572
2024-05-07,2.1105
2024-05-08,2.1752
2024-05-09,2.103
2024-05-10,2.1005
2024-05-11,2.1198
2024-05-12,2.1682
2024-05-13,2.1214
2024-05-14,2.2757
2024-05-15,2.2388
2024-05-16,2.2935
2024-05-17,2.2934
2024-05-18,2.2677
2024-05-19,2.4307
2024-05-20,2.3922
2024-05-21,2.3505
2024-05-22,2.3034
2024-05-23,2.3299
2024-05-24,2.3518
2024-05-25,2.3219
2024-05-26,2.3493
2024-05-27,2.276
2024-05-28,2.2497
2024-05-29,2.2746
2024-05-30,2.2404
2024-05-31,2.2508
2024-06-01,2.2529
2024-06-02,2.2828
2024-06-03,2.336
2024-06-04,2.3501
2024-06-05,2.3338
2024-06-06,2.2838
2024-06-07,2.2818
2024-06-08,2.2918
2024-06-09,2.2844
2024-06-10,2.2108
2024-06-11,2.2365
2024-06-12,2.1892
2024-06-13,2.1623
2024-06-14,2.1686
2024-06-15,2.1817
2024-06-16,2.176
2024-06-17,2.1312
2024-06-18,2.1225
2024-06-19,2.1228
2024-06-20,2.0948
2024-06-21,2.0944
2024-06-22,2.0646
2024-06-23,1.9659
2024-06-24,2.0138
2024-06-25,1.9831
2024-06-26,2.0045
2024-06-27,1.9633
2024-06-28,1.9821
2024-06-29,2.0423
2024-06-30,2.0432
2024-07-01,2.0171
2024-07-02,1.9565
2024-07-03,1.8671
2024-07-04,1.8422
2024-07-05,1.8917
2024-07-06,1.8221
2024-07-07,1.8423
2024-07-08,1.8828
2024-07-09,1.8737
2024-07-10,1.8604
2024-07-11,1.8777
2024-07-12,1.9245
2024-07-13,1.9783
2024-07-14,2.0943
2024-07-15,2.1025
2024-07-16,2.0722
2024-07-17,2.0633
2024-07-18,2.1468
2024-07-19,2.1595
2024-07-20,2.1862
2024-07-21,2.1675
2024-07-22,2.1096
2024-07-23,2.0911
2024-07-24,2.1011
2024-07-25,2.168
2024-07-26,2.1715
2024-07-27,2.1737
2024-07-28,2.1304
2024-07-29,2.1075
2024-07-30,2.0601
2024-07-31,2.0735
2024-08-01,1.9581
2024-08-02,1.9319
2024-08-03,1.8566
2024-08-04,1.7346
2024-08-05,1.7901
2024-08-06,1.761
2024-08-07,1.974
2024-08-08,1.9349
2024-08-09,1.9371
2024-08-10,1.8727
2024-08-11,1.8901
2024-08-12,1.9264
2024-08-13,1.8735
2024-08-14,1.8358
2024-08-15,1.8765
2024-08-16,1.8919
2024-08-17,1.872
2024-08-18,1.8913
2024-08-19,1.8824
2024-08-20,1.9452
2024-08-21,1.9212
2024-08-22,2.0359
2024-08-23,2.0321
2024-08-24,2.0466
2024-08-25,1.998
2024-08-26,1.892
2024-08-27,1.8758
2024-08-28,1.8834
2024-08-29,1.877
2024-08-30,1.8707
2024-08-31,1.82
2024-09-01,1.8771
2024-09-02,1.8297
2024-09-03,1.8419
2024-09-04,1.7819
2024-09-05,1.7108
2024-09-06,1.7182
2024-09-07,1.7435
2024-09-08,1.8141
2024-09-09,1.8309
2024-09-10,1.8228
2024-09-11,1.8449
2024-09-12,1.9182
2024-09-13,1.9011
2024-09-14,1.8732
2024-09-15,1.8442
2024-09-16,1.9066
2024-09-17,1.9385
2024-09-18,1.9894
2024-09-19,1.9913
2024-09-20,1.9972
2024-09-21,2.0031
2024-09-22,1.9932
2024-09-23,2.0232
2024-09-24,1.9808
2024-09-25,2.0409
2024-09-26,2.0611
2024-09-27,2.0597
2024-09-28,2.0544
2024-09-29,1.9807
2024-09-30,1.9063
2024-10-01,1.9011
2024-10-02,1.9037
2024-10-03,1.9427
2024-10-04,1.9416
2024-10-05,1.9647
2024-10-06,1.9525
2024-10-07,1.9268
2024-10-08,1.8802
2024-10-09,1.8687
2024-10-10,1.9319
2024-10-11,1.954
2024-10-12,1.9396
2024-10-13,2.0395
2024-10-14,2.0602
2024-10-15,2.0799
2024-10-16,2.0678
2024-10-17,2.0978
2024-10-18,2.0953
2024-10-19,2.1103
2024-10-20,2.0569
2024-10-21,2.0549
2024-10-22,2.0302
2024-10-23,2.0736
2024-10-24,2.0159
2024-10-25,2.0384
2024-10-26,2.0673
2024-10-27,2.1208
2024-10-28,2.1994
2024-10-29,2.1895
2024-10-30,2.1253
2024-10-31,2.0967
2024-11-01,2.0885
2024-11-02,2.073
2024-11-03,2.0422
2024-11-04,2.0934
2024-11-05,2.2654
2024-11-06,2.2681
2024-11-07,2.2785
2024-11-08,2.2855
2024-11-09,2.3863
2024-11-10,2.6147
2024-11-11,2.5744
2024-11-12,2.6238
2024-11-13,2.5169
2024-11-14,2.6166
2024-11-15,2.5963
2024-11-16,2.5701
2024-11-17,2.5868
2024-11-18,2.6161
2024-11-19,2.6546
2024-11-20,2.7357
2024-11-21,2.7269
2024-11-22,2.6825
2024-11-23,2.6842
2024-11-24,2.5509
2024-11-25,2.5042
2024-11-26,2.607
2024-11-27,2.5937
2024-11-28,2.631
2024-11-29,2.6035
2024-11-30,2.6276
2024-12-01,2.5726
2024-12-02,2.5715
2024-12-03,2.6375
2024-12-04,2.5624
2024-12-05,2.6197
2024-12-06,2.6172
2024-12-07,2.6358
2024-12-08,2.5283
2024-12-09,2.5043
2024-12-10,2.6078
2024-12-11,2.5725
2024-12-12,2.5964
2024-12-13,2.5956
2024-12-14,2.6716
2024-12-15,2.6905
2024-12-16,2.6825
2024-12-17,2.5338
2024-12-18,2.4493
2024-12-19,2.4389
2024-12-20,2.4248
2024-12-21,2.3683
2024-12-22,2.3466
2024-12-23,2.4326
2024-12-24,2.4458
2024-12-25,2.3549
2024-12-26,2.3165
2024-12-27,2.3374
2024-12-28,2.294
2024-12-29,2.2645
2024-12-30,2.2808
2024-12-31,2.303
2025-01-01,2.3579
2025-01-02,2.3863
2025-01-03,2.3875
2025-01-04,2.391
2025-01-05,2.4771
2025-01-06,2.3467
2025-01-07,2.2987
2025-01-08,2.2338
2025-01-09,2.2901
2025-01-10,2.2855
2025-01-11,2.2787
2025-01-12,2.278
2025-01-13,2.3281
2025-01-14,2.4095
2025-01-15,2.3989
2025-01-16,2.4959
2025-01-17,2.4947
2025-01-18,2.4107
2025-01-19,2.4451
2025-01-20,2.5189
2025-01-21,2.459
2025-01-22,2.4555
2025-01-23,2.4652
2025-01-24,2.467
2025-01-25,2.4184
2025-01-26,2.3934
2025-01-27,2.3733
2025-01-28,2.4363
2025-01-29,2.4578
2025-01-30,2.3926
2025-01-31,2.3533
2025-02-01,2.2786
2025-02-02,2.3717
2025-02-03,2.2808
2025-02-04,2.2465
2025-02-05,2.2433
2025-02-06,2.2388
2025-02-07,2.243
2025-02-08,2.2325
2025-02-09,2.256
2025-02-10,2.2178
2025-02-11,2.2615
2025-02-12,2.2327
2025-02-13,2.2517
2025-02-14,2.2545
2025-02-15,2.222
2025-02-16,2.2126
2025-02-17,2.2037
2025-02-18,2.2305
2025-02-19,2.2692
2025-02-20,2.2145
2025-02-21,2.226
2025-02-22,2.2136
2025-02-23,2.1164
2025-02-24,2.0451
2025-02-25,1.9372
2025-02-26,1.9513
2025-02-27,1.9429
2025-02-28,1.9798
2025-03-01,2.1723
2025-03-02,1.9891
2025-03-03,2.0119
2025-03-04,2.0855
2025-03-05,2.0746
2025-03-06,1.9906
2025-03-07,1.9817
2025-03-08,1.8553
2025-03-09,1.8183
2025-03-10,1.903
2025-03-11,1.9219
2025-03-12,1.8643
2025-03-13,1.932
2025-03-14,1.9375
2025-03-15,1.8948
2025-03-16,1.9296
2025-03-17,1.8989
2025-03-18,1.9912
2025-03-19,1.9298
2025-03-20,1.9282
2025-03-21,1.9224
2025-03-22,1.9664
2025-03-23,2.0009
2025-03-24,2.0027
2025-03-25,1.9885
2025-03-26,1.9967
2025-03-27,1.9283
2025-03-28,1.8872
2025-03-29,1.8812
2025-03-30,1.8871
2025-03-31,1.9501
2025-04-01,1.8883
2025-04-02,1.8942
2025-04-03,1.9127
2025-04-04,1.9017
2025-04-05,1.7801
2025-04-06,1.8128
2025-04-07,1.744
2025-04-08,1.8872
2025-04-09,1.8147
2025-04-10,1.9005
2025-04-11,1.9433
2025-04-12,1.9039
2025-04-13,1.9262
2025-04-14,1.9071
2025-04-15,1.9173
2025-04-16,1.9397
2025-04-17,1.9278
2025-04-18,1.9435
2025-04-19,1.9426
2025-04-20,1.9928
2025-04-21,2.1283
2025-04-22,2.1261
2025-04-23,2.1262
2025-04-24,2.1397
2025-04-25,2.1369
2025-04-26,2.1163
2025-04-27,2.1415
2025-04-28,2.1165
2025-04-29,2.1177
2025-04-30,2.1635
2025-05-01,2.17
2025-05-02,2.1488
2025-05-03,2.1136
2025-05-04,2.1198
2025-05-05,2.1566
2025-05-06,2.1642
2025-05-07,2.2908
2025-05-08,2.2831
2025-05-09,2.318
2025-05-10,2.3032
2025-05-11,2.2766
2025-05-12,2.297
2025-05-13,2.2817
2025-05-14,2.2793
2025-05-15,2.2729
2025-05-16,2.264
2025-05-17,2.3241
2025-05-18,2.3095
2025-05-19,2.3328
2025-05-20,2.3871
2025-05-21,2.4191
2025-05-22,2.3252
2025-05-23,2.3375
2025-05-24,2.3576
2025-05-25,2.3615
2025-05-26,2.3483
2025-05-27,2.3196
2025-05-28,2.2695
2025-05-29,2.2302
2025-05-30,2.2453
2025-05-31,2.2668
2025-06-01,2.2632
2025-06-02,2.2491
2025-06-03,2.2306
2025-06-04,2.1644
2025-06-05,2.2214
2025-06-06,2.2469
2025-06-07,2.2466
2025-06-08,2.3383
2025-06-09,2.332
2025-06-10,2.2995
2025-06-11,2.242
2025-06-12,2.2394
2025-06-13,2.2271
2025-06-14,2.2272
2025-06-15,2.2588
2025-06-16,2.2032
2025-06-17,2.2058
2025-06-18,2.2023
2025-06-19,2.1712
2025-06-20,2.1341
2025-06-21,2.1199
2025-06-22,2.2135
2025-06-23,2.2204
2025-06-24,2.2451
2025-06-25,2.2341
2025-06-26,2.2307
2025-06-27,2.2356
2025-06-28,2.2552
2025-06-29,2.2245
2025-06-30,2.1904
2025-07-01,2.2573
2025-07-02,2.2682
2025-07-03,2.2154
2025-07-04,2.2181
2025-07-05,2.2363
2025-07-06,2.2137
2025-07-07,2.2242
2025-07-08,2.2682
2025-07-09,2.3546
2025-07-10,2.3821
2025-07-11,2.3734
2025-07-12,2.4017
2025-07-13,2.4125
2025-07-14,2.3642
2025-07-15,2.3689
2025-07-16,2.375
2025-07-17,2.3404
2025-07-18,2.3364
2025-07-19,2.3234
2025-07-20,2.3218
2025-07-21,2.3671
2025-07-22,2.3344
2025-07-23,2.3258
2025-07-24,2.304
2025-07-25,2.3118
2025-07-26,2.3389
2025-07-27,2.3085
2025-07-28,2.3014
2025-07-29,2.2956
2025-07-30,2.2577
2025-07-31,2.2071
2025-08-01,2.1923
2025-08-02,2.2241
2025-08-03,2.2406
2025-08-04,2.2179
2025-08-05,2.235
2025-08-06,2.2781
2025-08-07,2.2622
2025-08-08,2.257
2025-08-09,2.3074
2025-08-10,2.2964
2025-08-11,2.3207
2025-08-12,2.3797
2025-08-13,2.2824
2025-08-14,2.2577
2025-08-15,2.2533
2025-08-16,2.2553
2025-08-17,2.2297
2025-08-18,2.1624
2025-08-19,2.1876
2025-08-20,2.1501
2025-08-21,2.231
2025-08-22,2.2013
2025-08-23,2.1673
2025-08-24,2.1016
2025-08-25,2.1349
2025-08-26,2.1218
2025-08-27,2.1428
2025-08-28,2.1428
2025-08-29,2.0585
2025-08-30,2.063
2025-08-31,2.0547
2025-09-01,2.0665
2025-09-02,2.1061
2025-09-03,2.1174
2025-09-04,2.0988
2025-09-05,2.091
2025-09-06,2.0816
2025-09-07,2.1008
2025-09-08,2.1145
2025-09-09,2.1019
2025-09-10,2.1459
2025-09-11,2.1718
2025-09-12,2.1835
2025-09-13,2.1787
2025-09-14,2.1674
2025-09-15,2.1657
2025-09-16,2.1889
2025-09-17,2.1818
2025-09-18,2.1884
2025-09-19,2.1585
2025-09-20,2.1601
2025-09-21,2.1512
2025-09-22,2.1031
2025-09-23,2.0884
2025-09-24,2.1098
2025-09-25,2.0312
2025-09-26,2.0393
2025-09-27,2.0384
2025-09-28,2.0844
2025-09-29,2.1227
2025-09-30,2.1128
2025-10-01,2.1862
2025-10-02,2.2218
2025-10-03,2.2492
2025-10-04,2.2476
2025-10-05,2.2668
2025-10-06,2.2872
2025-10-07,2.2194
2025-10-08,2.2486
2025-10-09,2.2126
2025-10-10,2.0706
2025-10-11,2.0195
2025-10-12,2.0951
2025-10-13,2.0975
2025-10-14,2.0568
2025-10-15,2.0059
2025-10-16,1.9579
2025-10-17,1.9293
2025-10-18,1.9382
2025-10-19,2.0514
2025-10-20,2.0538
2025-10-21,2.0186
2025-10-22,2.0076
2025-10-23,2.0361
2025-10-24,2.0608
2025-10-25,2.0697
2025-10-26,2.1218
2025-10-27,2.094
2025-10-28,2.0901
2025-10-29,2.0232
2025-10-30,1.9879
2025-10-31,1.9989
2025-11-01,2.0045
2025-11-02,2.0156
2025-11-03,1.9391
2025-11-04,1.8428
2025-11-05,1.8888
2025-11-06,1.8416
2025-11-07,1.8736
2025-11-08,1.8555
2025-11-09,1.8943
2025-11-10,1.9237
2025-11-11,1.8623
2025-11-12,1.8349
2025-11-13,1.8165
2025-11-14,1.708
2025-11-15,1.7292
2025-11-16,1.707
2025-11-17,1.6685
2025-11-18,1.6791
2025-11-19,1.6569
2025-11-20,1.5667
2025-11-21,1.5451
2025-11-22,1.5328
2025-11-23,1.5636
2025-11-24,1.586
2025-11-25,1.5723
2025-11-26,1.6217
2025-11-27,1.6398
2025-11-28,1.6327
2025-11-29,1.6317
2025-11-30,1.6241
2025-12-01,1.5509
2025-12-02,1.6412
2025-12-03,1.683
2025-12-04,1.6553
2025-12-05,1.6055
2025-12-06,1.5998
2025-12-07,1.6301
2025-12-08,1.6435
2025-12-09,1.6827
2025-12-10,1.6607
2025-12-11,1.6609
2025-12-12,1.6221
2025-12-13,1.6209
2025-12-14,1.5851
2025-12-15,1.5531
2025-12-16,1.5775
2025-12-17,1.5488
2025-12-18,1.5372
2025-12-19,1.5868
2025-12-20,1.5947
2025-12-21,1.5944
2025-12-22,1.5968
2025-12-23,1.5733
2025-12-24,1.578
2025-12-25,1.571
2025-12-26,1.5729
2025-12-27,1.5825
2025-12-28,1.5834
2025-12-29,1.5707
2025-12-30,1.5949
2025-12-31,1.5796
2026-01-01,1.6061
2026-01-02,1.6242
2026-01-03,1.6348
2026-01-04,1.6477
2026-01-05,1.6931
2026-01-06,1.6854
2026-01-07,1.6448
2026-01-08,1.6493
2026-01-09,1.6326
2026-01-10,1.6298
2026-01-11,1.6379
2026-01-12,1.6442
2026-01-13,1.7173
2026-01-14,1.7438
2026-01-15,1.7208
2026-01-16,1.7148
2026-01-17,1.7084
2026-01-18,1.7019
2026-01-19,1.662
2026-01-20,1.5864
2026-01-21,1.6067
2026-01-22,1.6103
2026-01-23,1.6162
2026-01-24,1.6129
2026-01-25,1.5624
2026-01-26,1.598
2026-01-27,1.615
2026-01-28,1.612
2026-01-29,1.53
2026-01-30,1.5231
2026-01-31,1.4247
2026-02-01,1.4006
2026-02-02,1.429
2026-02-03,1.3743
2026-02-04,1.3307
2026-02-05,1.1732
2026-02-06,1.2924
2026-02-07,1.2684
2026-02-08,1.288
2026-02-09,1.288
2026-02-10,1.2621
2026-02-11,1.2318
2026-02-12,1.2186
2026-02-13,1.2689
2026-02-14,1.2843
2026-02-15,1.262
2026-02-16,1.2723
2026-02-17,1.2443
2026-02-18,1.2274
2026-02-19,1.2347
2026-02-20,1.2549
2026-02-21,1.2569
2026-02-22,1.2486
2026-02-23,1.1935
2026-02-24,1.1841
2026-02-25,1.2577
2026-02-26,1.2483
2026-02-27,1.2198
2026-02-28,1.2377
2026-03-01,1.2173
2026-03-02,1.2748
2026-03-03,1.2677
2026-03-04,1.3404
2026-03-05,1.3147
2026-03-06,1.2644
2026-03-07,1.2474
2026-03-08,1.2251
2026-03-09,1.2686
2026-03-10,1.2961
2026-03-11,1.3035
2026-03-12,1.3102
2026-03-13,1.3173
2026-03-14,1.3217
2026-03-15,1.3519
2026-03-16,1.386
2026-03-17,1.3717
2026-03-18,1.325
2026-03-19,1.2999
2026-03-20,1.3102
2026-03-21,1.3044
2026-03-22,1.2636
2026-03-23,1.3176
2026-03-24,1.3129
2026-03-25,1.3249
2026-03-26,1.2803
2026-03-27,1.233
2026-03-28,1.2382
2026-03-29,1.2284
2026-03-30,1.2442
2026-03-31,1.272
2026-04-01,1.2703
2026-04-02,1.2478
2026-04-03,1.2495
2026-04-04,1.256
2026-04-05,1.2871
2026-04-06,1.285
2026-04-07,1.342
2026-04-08,1.3263
2026-04-09,1.3386
2026-04-10,1.3613
2026-04-11,1.3628
2026-04-12,1.3189
2026-04-13,1.3898
2026-04-14,1.3818
2026-04-15,1.3919
2026-04-16,1.3994
2026-04-17,1.4359
2026-04-18,1.4101
2026-04-19,1.3787
2026-04-20,1.413
2026-04-21,1.4217
2026-04-22,1.4562
2026-04-23,1.4579
2026-04-24,1.4449
2026-04-25,1.4479
2026-04-26,1.4628
2026-04-27,1.4413
2026-04-28,1.4238
2026-04-29,1.4152
2026-04-30,1.4246
2026-05-01,1.4565
2026-05-02,1.4687
2026-05-03,1.4642
2026-05-04,1.4855
2026-05-05,1.5058
2026-05-06,1.513
2026-05-07,1.4907
2026-05-08,1.4914
2026-05-09,1.5016
2026-05-10,1.5311
2026-05-11,1.5186
2026-05-12,1.4961
2026-05-13,1.4741
2026-05-14,1.5068
2026-05-15,1.4707
2026-05-16,1.4542
2026-05-17,1.4465
2026-05-18,1.4319
2026-05-19,1.4295
2026-05-20,1.4411
2026-05-21,1.4457
2026-05-22,1.4061
2026-05-23,1.4278
2026-05-24,1.435
2026-05-25,1.4395
2026-05-26,1.4137
2026-05-27,1.3849
2026-05-28,1.3711
2026-05-29,1.3706
2026-05-30,1.3783
2026-05-31,1.375
2026-06-01,1.3341
2026-06-02,1.2493
2026-06-03,1.2057
2026-06-04,1.1913
2026-06-05,1.1411
2026-06-06,1.1452
2026-06-07,1.1903
